<?xml version="1.0" encoding="UTF-8"?>
<kml xmlns="http://www.opengis.net/kml/2.2">
  <Document>
    <name>Harta de zonare a presiunii dinamice a vântului conform CR-1-1-4/2012</name>
    <description/>
    <Style id="line-0000FF-4000-nodesc-normal">
      <LineStyle>
        <color>ffff0000</color>
        <width>4</width>
      </LineStyle>
      <BalloonStyle>
        <text><![CDATA[<h3>$[name]</h3>]]></text>
      </BalloonStyle>
    </Style>
    <Style id="line-0000FF-4000-nodesc-highlight">
      <LineStyle>
        <color>ffff0000</color>
        <width>6</width>
      </LineStyle>
      <BalloonStyle>
        <text><![CDATA[<h3>$[name]</h3>]]></text>
      </BalloonStyle>
    </Style>
    <StyleMap id="line-0000FF-4000-nodesc">
      <Pair>
        <key>normal</key>
        <styleUrl>#line-0000FF-4000-nodesc-normal</styleUrl>
      </Pair>
      <Pair>
        <key>highlight</key>
        <styleUrl>#line-0000FF-4000-nodesc-highlight</styleUrl>
      </Pair>
    </StyleMap>
    <Style id="poly-00FF00-1000-76-normal">
      <LineStyle>
        <color>ff00ff00</color>
        <width>1</width>
      </LineStyle>
      <PolyStyle>
        <color>4c00ff00</color>
        <fill>1</fill>
        <outline>1</outline>
      </PolyStyle>
    </Style>
    <Style id="poly-00FF00-1000-76-highlight">
      <LineStyle>
        <color>ff00ff00</color>
        <width>1.5</width>
      </LineStyle>
      <PolyStyle>
        <color>4c00ff00</color>
        <fill>1</fill>
        <outline>1</outline>
      </PolyStyle>
    </Style>
    <StyleMap id="poly-00FF00-1000-76">
      <Pair>
        <key>normal</key>
        <styleUrl>#poly-00FF00-1000-76-normal</styleUrl>
      </Pair>
      <Pair>
        <key>highlight</key>
        <styleUrl>#poly-00FF00-1000-76-highlight</styleUrl>
      </Pair>
    </StyleMap>
    <Style id="poly-00FFFF-1000-76-normal">
      <LineStyle>
        <color>ffffff00</color>
        <width>1</width>
      </LineStyle>
      <PolyStyle>
        <color>4cffff00</color>
        <fill>1</fill>
        <outline>1</outline>
      </PolyStyle>
    </Style>
    <Style id="poly-00FFFF-1000-76-highlight">
      <LineStyle>
        <color>ffffff00</color>
        <width>1.5</width>
      </LineStyle>
      <PolyStyle>
        <color>4cffff00</color>
        <fill>1</fill>
        <outline>1</outline>
      </PolyStyle>
    </Style>
    <StyleMap id="poly-00FFFF-1000-76">
      <Pair>
        <key>normal</key>
        <styleUrl>#poly-00FFFF-1000-76-normal</styleUrl>
      </Pair>
      <Pair>
        <key>highlight</key>
        <styleUrl>#poly-00FFFF-1000-76-highlight</styleUrl>
      </Pair>
    </StyleMap>
    <Style id="poly-FF0000-1000-89-normal">
      <LineStyle>
        <color>ff0000ff</color>
        <width>1</width>
      </LineStyle>
      <PolyStyle>
        <color>590000ff</color>
        <fill>1</fill>
        <outline>1</outline>
      </PolyStyle>
    </Style>
    <Style id="poly-FF0000-1000-89-highlight">
      <LineStyle>
        <color>ff0000ff</color>
        <width>1.5</width>
      </LineStyle>
      <PolyStyle>
        <color>590000ff</color>
        <fill>1</fill>
        <outline>1</outline>
      </PolyStyle>
    </Style>
    <StyleMap id="poly-FF0000-1000-89">
      <Pair>
        <key>normal</key>
        <styleUrl>#poly-FF0000-1000-89-normal</styleUrl>
      </Pair>
      <Pair>
        <key>highlight</key>
        <styleUrl>#poly-FF0000-1000-89-highlight</styleUrl>
      </Pair>
    </StyleMap>
    <Style id="poly-FFAA00-1000-89-normal">
      <LineStyle>
        <color>ff00aaff</color>
        <width>1</width>
      </LineStyle>
      <PolyStyle>
        <color>5900aaff</color>
        <fill>1</fill>
        <outline>1</outline>
      </PolyStyle>
    </Style>
    <Style id="poly-FFAA00-1000-89-highlight">
      <LineStyle>
        <color>ff00aaff</color>
        <width>1.5</width>
      </LineStyle>
      <PolyStyle>
        <color>5900aaff</color>
        <fill>1</fill>
        <outline>1</outline>
      </PolyStyle>
    </Style>
    <StyleMap id="poly-FFAA00-1000-89">
      <Pair>
        <key>normal</key>
        <styleUrl>#poly-FFAA00-1000-89-normal</styleUrl>
      </Pair>
      <Pair>
        <key>highlight</key>
        <styleUrl>#poly-FFAA00-1000-89-highlight</styleUrl>
      </Pair>
    </StyleMap>
    <Style id="poly-FFFF00-1000-76-normal">
      <LineStyle>
        <color>ff00ffff</color>
        <width>1</width>
      </LineStyle>
      <PolyStyle>
        <color>4c00ffff</color>
        <fill>1</fill>
        <outline>1</outline>
      </PolyStyle>
    </Style>
    <Style id="poly-FFFF00-1000-76-highlight">
      <LineStyle>
        <color>ff00ffff</color>
        <width>1.5</width>
      </LineStyle>
      <PolyStyle>
        <color>4c00ffff</color>
        <fill>1</fill>
        <outline>1</outline>
      </PolyStyle>
    </Style>
    <StyleMap id="poly-FFFF00-1000-76">
      <Pair>
        <key>normal</key>
        <styleUrl>#poly-FFFF00-1000-76-normal</styleUrl>
      </Pair>
      <Pair>
        <key>highlight</key>
        <styleUrl>#poly-FFFF00-1000-76-highlight</styleUrl>
      </Pair>
    </StyleMap>
    <Folder>
      <name>Vant</name>
      <Placemark>
        <name>UTCB</name>
      </Placemark>
    </Folder>
    <Folder>
      <name>Zone</name>
      <Placemark>
        <name>CR 1-1-4/2012</name>
        <description>qb = 0,4 kPa</description>
        <styleUrl>#poly-00FFFF-1000-76</styleUrl>
        <Polygon>
          <outerBoundaryIs>
            <LinearRing>
              <tessellate>1</tessellate>
              <coordinates>
                23.4815831,46.4536935,0
                23.481576,46.453698,0
                23.471749,46.450129,0
                23.464072,46.447323,0
                23.459778,46.445785,0
                23.451912,46.443549,0
                23.447548,46.44231,0
                23.44029,46.44027,0
                23.432656,46.438093,0
                23.429041,46.437098,0
                23.42262,46.435401,0
                23.415169,46.433416,0
                23.410081,46.432095,0
                23.403696,46.430391,0
                23.397461,46.429297,0
                23.387955,46.427617,0
                23.377513,46.425778,0
                23.367853,46.425314,0
                23.359894,46.424941,0
                23.349708,46.424986,0
                23.341801,46.42499,0
                23.339772,46.425002,0
                23.332836,46.42523,0
                23.329215,46.425325,0
                23.324721,46.425465,0
                23.318574,46.425674,0
                23.315271,46.42578,0
                23.311399,46.426052,0
                23.30813,46.426258,0
                23.303782,46.426569,0
                23.299324,46.4269,0
                23.293828,46.427282,0
                23.290443,46.427546,0
                23.28613,46.427917,0
                23.282548,46.428236,0
                23.27679,46.428705,0
                23.272818,46.429065,0
                23.26773,46.429493,0
                23.263831,46.429866,0
                23.256895,46.43043,0
                23.250607,46.431075,0
                23.244894,46.431736,0
                23.239184,46.43236,0
                23.236291,46.4327,0
                23.231019,46.433312,0
                23.228018,46.433628,0
                23.225238,46.434036,0
                23.217594,46.435113,0
                23.211598,46.435963,0
                23.205841,46.436814,0
                23.202414,46.437317,0
                23.197929,46.43799,0
                23.196929,46.438138,0
                23.193064,46.438725,0
                23.188166,46.439425,0
                23.185045,46.43989,0
                23.181359,46.440435,0
                23.177151,46.441071,0
                23.167584,46.443031,0
                23.160811,46.444433,0
                23.149436,46.447935,0
                23.137461,46.451646,0
                23.12492,46.455585,0
                23.11482,46.459017,0
                23.111909,46.459981,0
                23.105674,46.462073,0
                23.096656,46.464799,0
                23.087991,46.467352,0
                23.079831,46.469791,0
                23.077889,46.470363,0
                23.064755,46.473128,0
                23.052146,46.475787,0
                23.035937,46.478238,0
                23.025932,46.47976,0
                23.006434,46.481878,0
                22.995139,46.483191,0
                22.981714,46.484434,0
                22.959897,46.486525,0
                22.942316,46.488187,0
                22.924998,46.489877,0
                22.910636,46.491423,0
                22.904584,46.492066,0
                22.893092,46.493368,0
                22.878476,46.495039,0
                22.8632,46.496787,0
                22.852705,46.497978,0
                22.839109,46.499573,0
                22.82906,46.500597,0
                22.816635,46.501865,0
                22.813248,46.502235,0
                22.803052,46.503281,0
                22.799503,46.503579,0
                22.793267,46.504143,0
                22.787859,46.504582,0
                22.780829,46.505252,0
                22.772987,46.505937,0
                22.763602,46.506717,0
                22.759263,46.507145,0
                22.757408,46.50729,0
                22.749103,46.507945,0
                22.746544,46.508094,0
                22.74038,46.508531,0
                22.730279,46.509279,0
                22.726145,46.509523,0
                22.719572,46.509985,0
                22.712277,46.510478,0
                22.706417,46.510847,0
                22.702509,46.51111,0
                22.699466,46.511287,0
                22.696281,46.511517,0
                22.691892,46.51181,0
                22.688982,46.512,0
                22.682785,46.512369,0
                22.676182,46.512824,0
                22.671345,46.513116,0
                22.667151,46.513411,0
                22.658328,46.513956,0
                22.652955,46.514311,0
                22.651293,46.514406,0
                22.648452,46.514548,0
                22.644621,46.51472,0
                22.639838,46.51495,0
                22.638108,46.515076,0
                22.634803,46.515246,0
                22.631999,46.515372,0
                22.627793,46.515609,0
                22.622495,46.515883,0
                22.618275,46.516101,0
                22.614934,46.516299,0
                22.609158,46.516582,0
                22.602812,46.516911,0
                22.595138,46.517239,0
                22.591639,46.517374,0
                22.585968,46.517567,0
                22.569677,46.518209,0
                22.556981,46.518687,0
                22.551697,46.518878,0
                22.537747,46.518975,0
                22.524242,46.51907,0
                22.509954,46.519169,0
                22.487218,46.519189,0
                22.467319,46.519185,0
                22.459219,46.519229,0
                22.447412,46.518969,0
                22.436867,46.518792,0
                22.418629,46.518539,0
                22.408521,46.518441,0
                22.389201,46.518222,0
                22.372315,46.517939,0
                22.364895,46.51775,0
                22.354007,46.517576,0
                22.336442,46.517359,0
                22.326015,46.516875,0
                22.309076,46.516072,0
                22.296534,46.515446,0
                22.286502,46.514598,0
                22.277885,46.513823,0
                22.267802,46.512426,0
                22.254614,46.510657,0
                22.244459,46.509266,0
                22.236988,46.508068,0
                22.226141,46.506286,0
                22.213039,46.504146,0
                22.19611,46.501439,0
                22.184267,46.49952,0
                22.165295,46.496665,0
                22.148938,46.494218,0
                22.131362,46.491369,0
                22.113439,46.488535,0
                22.09363,46.485113,0
                22.082473,46.483195,0
                22.067675,46.480324,0
                22.050653,46.477013,0
                22.035837,46.474158,0
                22.02377,46.471766,0
                22.002916,46.467692,0
                21.990763,46.464908,0
                21.982871,46.463104,0
                21.969128,46.459735,0
                21.957917,46.456828,0
                21.940976,46.451482,0
                21.924054,46.44368,0
                21.905339,46.43426,0
                21.892407,46.427727,0
                21.876673,46.418767,0
                21.861452,46.410467,0
                21.852947,46.405803,0
                21.838535,46.397661,0
                21.834916,46.395261,0
                21.820321,46.385649,0
                21.806066,46.375424,0
                21.792663,46.365915,0
                21.784519,46.360159,0
                21.777469,46.354914,0
                21.765855,46.346146,0
                21.750614,46.334317,0
                21.734517,46.321505,0
                21.720272,46.309955,0
                21.705156,46.297758,0
                21.685509,46.285576,0
                21.679761,46.282067,0
                21.669299,46.276406,0
                21.660777,46.27174,0
                21.654964,46.268937,0
                21.644058,46.263569,0
                21.633155,46.258287,0
                21.62138,46.252578,0
                21.60569,46.245016,0
                21.593028,46.238813,0
                21.577123,46.230957,0
                21.563023,46.224018,0
                21.544843,46.215027,0
                21.527825,46.206916,0
                21.518263,46.202439,0
                21.495108,46.192217,0
                21.476334,46.185166,0
                21.459689,46.178854,0
                21.442825,46.173258,0
                21.423301,46.167151,0
                21.403341,46.161068,0
                21.381171,46.155562,0
                21.364494,46.151967,0
                21.344255,46.149271,0
                21.327549,46.14731,0
                21.298722,46.144148,0
                21.281447,46.144369,0
                21.258316,46.147823,0
                21.238815,46.151757,0
                21.22705,46.154168,0
                21.206745,46.157932,0
                21.197261,46.159697,0
                21.18001,46.163708,0
                21.16165,46.168023,0
                21.145334,46.171752,0
                21.129048,46.175604,0
                21.118248,46.178081,0
                21.101263,46.182545,0
                21.081741,46.187796,0
                21.05771,46.194939,0
                21.030368,46.20474,0
                21.010967,46.211346,0
                20.992033,46.217605,0
                20.978072,46.222242,0
                20.963904,46.227033,0
                20.951597,46.231164,0
                20.928893,46.239768,0
                20.907792,46.247606,0
                20.891606,46.253383,0
                20.86878,46.261556,0
                20.844494,46.269906,0
                20.819935,46.278358,0
                20.80014,46.275266,0
                20.78925,46.273121,0
                20.783391,46.273588,0
                20.775595,46.275861,0
                20.748821,46.250587,0
                20.76186,46.204434,0
                20.72741,46.207315,0
                20.7286,46.204961,0
                20.726861,46.199671,0
                20.726539,46.199225,0
                20.725799,46.196423,0
                20.730579,46.195228,0
                20.731845,46.19447,0
                20.732674,46.193955,0
                20.733831,46.193972,0
                20.734182,46.193702,0
                20.733529,46.192668,0
                20.733423,46.192261,0
                20.732814,46.191601,0
                20.731855,46.190826,0
                20.731193,46.190434,0
                20.730826,46.190424,0
                20.730432,46.190484,0
                20.729838,46.189653,0
                20.728666,46.189073,0
                20.728241,46.189157,0
                20.727551,46.188791,0
                20.726178,46.18861,0
                20.725731,46.188373,0
                20.724938,46.18792,0
                20.724757,46.187195,0
                20.723959,46.187132,0
                20.722389,46.187393,0
                20.715799,46.169564,0
                20.716255,46.169456,0
                20.715769,46.168193,0
                20.715368,46.168116,0
                20.715192,46.167963,0
                20.715088,46.167419,0
                20.714948,46.166853,0
                20.714324,46.166419,0
                20.713896,46.165957,0
                20.712978,46.165536,0
                20.711753,46.165421,0
                20.710458,46.165262,0
                20.708737,46.164619,0
                20.708026,46.163416,0
                20.707344,46.162725,0
                20.706006,46.162128,0
                20.705412,46.161689,0
                20.705216,46.161261,0
                20.704268,46.16095,0
                20.702828,46.160703,0
                20.700273,46.160586,0
                20.698138,46.160294,0
                20.69694,46.159906,0
                20.695413,46.159274,0
                20.694441,46.158595,0
                20.693409,46.157528,0
                20.693215,46.156572,0
                20.69301,46.154957,0
                20.693344,46.154535,0
                20.693513,46.154118,0
                20.693324,46.15364,0
                20.690922,46.150269,0
                20.690491,46.149317,0
                20.690234,46.148958,0
                20.689273,46.148463,0
                20.688616,46.14805,0
                20.688177,46.147424,0
                20.687919,46.146999,0
                20.687024,46.146459,0
                20.685728,46.145731,0
                20.684417,46.144777,0
                20.683711,46.144574,0
                20.682419,46.144526,0
                20.681821,46.1445,0
                20.678378,46.145346,0
                20.675955,46.145906,0
                20.675001,46.146602,0
                20.674045,46.147114,0
                20.672985,46.147562,0
                20.671381,46.149332,0
                20.670727,46.150135,0
                20.66954,46.150728,0
                20.668442,46.15118,0
                20.666244,46.151601,0
                20.665324,46.151724,0
                20.664429,46.151755,0
                20.663683,46.151458,0
                20.662696,46.150986,0
                20.661948,46.150667,0
                20.661205,46.150463,0
                20.660017,46.150806,0
                20.659052,46.15077,0
                20.656731,46.150276,0
                20.655099,46.149645,0
                20.653896,46.148955,0
                20.65224,46.147805,0
                20.65121,46.146759,0
                20.650492,46.145862,0
                20.649824,46.144234,0
                20.649493,46.142737,0
                20.649434,46.141827,0
                20.650033,46.140876,0
                20.650156,46.140236,0
                20.649494,46.139121,0
                20.648365,46.136611,0
                20.64829,46.135536,0
                20.647763,46.134174,0
                20.646382,46.131909,0
                20.645331,46.130553,0
                20.644072,46.129157,0
                20.641662,46.127428,0
                20.640033,46.126821,0
                20.637264,46.126414,0
                20.636001,46.126319,0
                20.63436,46.126511,0
                20.632457,46.126804,0
                20.631074,46.127491,0
                20.629822,46.12829,0
                20.628596,46.129457,0
                20.627665,46.130617,0
                20.627348,46.131323,0
                20.626922,46.131625,0
                20.626181,46.131925,0
                20.625669,46.132172,0
                20.625314,46.13287,0
                20.62491,46.133297,0
                20.62447,46.133702,0
                20.624117,46.13445,0
                20.623573,46.135367,0
                20.622869,46.13583,0
                20.621904,46.136394,0
                20.62126,46.136834,0
                20.620608,46.137088,0
                20.620434,46.137534,0
                20.619912,46.138318,0
                20.619541,46.138842,0
                20.618835,46.139379,0
                20.618108,46.139472,0
                20.617399,46.139531,0
                20.616465,46.139517,0
                20.615675,46.139683,0
                20.615243,46.140233,0
                20.615007,46.140705,0
                20.614302,46.141172,0
                20.613835,46.141724,0
                20.613166,46.142237,0
                20.612735,46.143298,0
                20.612419,46.143834,0
                20.611659,46.144693,0
                20.610774,46.145631,0
                20.609537,46.146067,0
                20.608521,46.146332,0
                20.607403,46.146579,0
                20.606732,46.146533,0
                20.606111,46.146717,0
                20.605704,46.147081,0
                20.605532,46.147483,0
                20.604862,46.147927,0
                20.604365,46.14799,0
                20.603203,46.148123,0
                20.602004,46.148207,0
                20.601122,46.148285,0
                20.60004,46.148414,0
                20.59994,46.148417,0
                20.598644,46.148853,0
                20.596855,46.149398,0
                20.595345,46.14968,0
                20.593757,46.149825,0
                20.592745,46.150576,0
                20.592112,46.151548,0
                20.591717,46.15212,0
                20.591302,46.152905,0
                20.591203,46.153423,0
                20.590593,46.153791,0
                20.589593,46.153851,0
                20.588665,46.154049,0
                20.586906,46.154913,0
                20.58638,46.155487,0
                20.585734,46.155787,0
                20.584494,46.1562,0
                20.583222,46.156639,0
                20.582846,46.157024,0
                20.582354,46.15796,0
                20.581969,46.158595,0
                20.581477,46.159119,0
                20.58045,46.159548,0
                20.579935,46.159796,0
                20.579541,46.160319,0
                20.57878,46.160809,0
                20.577715,46.160867,0
                20.577232,46.160676,0
                20.577098,46.160679,0
                20.576059,46.160519,0
                20.575271,46.160674,0
                20.574862,46.16119,0
                20.574196,46.161896,0
                20.573422,46.162419,0
                20.572529,46.162555,0
                20.571971,46.162729,0
                20.571574,46.162807,0
                20.571028,46.163094,0
                20.567375,46.166673,0
                20.566792,46.16692,0
                20.566069,46.167098,0
                20.565379,46.167251,0
                20.564586,46.167338,0
                20.563863,46.167493,0
                20.563441,46.167709,0
                20.563155,46.167969,0
                20.562582,46.168534,0
                20.562207,46.169025,0
                20.5615,46.169593,0
                20.560728,46.170256,0
                20.55992,46.170664,0
                20.559334,46.170907,0
                20.55872,46.171266,0
                20.558092,46.171372,0
                20.557158,46.171394,0
                20.556493,46.171409,0
                20.555362,46.171504,0
                20.554748,46.171816,0
                20.553854,46.172503,0
                20.553494,46.173011,0
                20.553301,46.173844,0
                20.553099,46.174515,0
                20.552687,46.175009,0
                20.551914,46.175555,0
                20.55104,46.176058,0
                20.550052,46.176264,0
                20.549036,46.176375,0
                20.548604,46.176362,0
                20.54818,46.176555,0
                20.545076,46.178802,0
                20.544063,46.179077,0
                20.543344,46.179276,0
                20.542421,46.179434,0
                20.541725,46.179473,0
                20.541063,46.17958,0
                20.540443,46.179777,0
                20.53913,46.179693,0
                20.537873,46.179574,0
                20.537412,46.179676,0
                20.536889,46.179849,0
                20.536573,46.180201,0
                20.535956,46.18049,0
                20.535134,46.180646,0
                20.534468,46.180591,0
                20.532565,46.18038,0
                20.531739,46.180398,0
                20.531044,46.180459,0
                20.528738,46.180947,0
                20.527695,46.180909,0
                20.526369,46.180984,0
                20.525044,46.181059,0
                20.523987,46.181197,0
                20.522838,46.181498,0
                20.522246,46.181672,0
                20.510498,46.186425,0
                20.508795,46.186992,0
                20.505728,46.18844,0
                20.504517,46.188834,0
                20.503107,46.189256,0
                20.501342,46.189868,0
                20.500008,46.188357,0
                20.499456,46.188645,0
                20.497923,46.188586,0
                20.49666,46.188683,0
                20.496651,46.188476,0
                20.496273,46.188277,0
                20.495592,46.187324,0
                20.495467,46.185922,0
                20.496758,46.185087,0
                20.497303,46.185329,0
                20.497606,46.185392,0
                20.497894,46.185155,0
                20.498023,46.184323,0
                20.497709,46.18403,0
                20.494716,46.182619,0
                20.491795,46.180745,0
                20.493669,46.18022,0
                20.493746,46.179712,0
                20.496296,46.177975,0
                20.496475,46.17751,0
                20.494417,46.175435,0
                20.49321,46.17371,0
                20.494633,46.172089,0
                20.495411,46.171633,0
                20.495143,46.170878,0
                20.49411,46.170095,0
                20.493414,46.169439,0
                20.476874,46.156476,0
                20.472796,46.152337,0
                20.459082,46.142859,0
                20.445415,46.141812,0
                20.426407,46.145166,0
                20.409757,46.15107,0
                20.404135,46.153678,0
                20.402659,46.155501,0
                20.397479,46.157315,0
                20.394276,46.152585,0
                20.386671,46.155252,0
                20.381158,46.157879,0
                20.377658,46.157744,0
                20.374073,46.155743,0
                20.373355,46.155188,0
                20.372715,46.155017,0
                20.371622,46.15437,0
                20.369988,46.153527,0
                20.369561,46.152867,0
                20.36924,46.153127,0
                20.368433,46.152913,0
                20.366285,46.154965,0
                20.355555,46.169622,0
                20.330465,46.15824,0
                20.312613,46.150143,0
                20.309164,46.156415,0
                20.299081,46.1519,0
                20.296891,46.152174,0
                20.283141,46.141854,0
                20.281608,46.140359,0
                20.275567,46.133578,0
                20.274233,46.133282,0
                20.273915,46.133635,0
                20.272925,46.132245,0
                20.271747,46.132754,0
                20.271378,46.132066,0
                20.270658,46.128341,0
                20.270276,46.127147,0
                20.269079,46.127172,0
                20.267406,46.126997,0
                20.264523,46.126387,0
                20.265513,46.125398,0
                20.262531,46.123513,0
                20.262127,46.122802,0
                20.261827,46.122013,0
                20.261911,46.120764,0
                20.263198,46.11887,0
                20.264195,46.118018,0
                20.267748,46.116933,0
                20.269541,46.116782,0
                20.272115,46.117102,0
                20.275515,46.117935,0
                20.279549,46.118086,0
                20.281042,46.117848,0
                20.281563,46.116706,0
                20.281219,46.116459,0
                20.280184,46.116504,0
                20.277227,46.115343,0
                20.276743,46.114915,0
                20.275169,46.113964,0
                20.274485,46.11347,0
                20.273139,46.11308,0
                20.27128,46.112782,0
                20.269705,46.112537,0
                20.268803,46.112462,0
                20.266585,46.112759,0
                20.265622,46.11204,0
                20.265235,46.111516,0
                20.264345,46.110934,0
                20.264383,46.110172,0
                20.264553,46.109364,0
                20.265471,46.108217,0
                20.265679,46.107636,0
                20.266546,46.106583,0
                20.267578,46.105756,0
                20.267316,46.105069,0
                20.26775,46.104277,0
                20.268702,46.103982,0
                20.271764,46.099974,0
                20.271907,46.099409,0
                20.272546,46.098773,0
                20.275856,46.097508,0
                20.279174,46.095909,0
                20.284953,46.093618,0
                20.288954,46.092177,0
                20.292646,46.090417,0
                20.301035,46.087155,0
                20.3021,46.086677,0
                20.302752,46.086341,0
                20.302569,46.085143,0
                20.30299,46.083829,0
                20.303313,46.082784,0
                20.303844,46.081918,0
                20.307978,46.076398,0
                20.309008,46.076355,0
                20.310946,46.074121,0
                20.30958,46.072151,0
                20.328025,46.059238,0
                20.329789,46.058487,0
                20.335749,46.054434,0
                20.337085,46.053737,0
                20.337196,46.053203,0
                20.338438,46.05205,0
                20.342408,46.049176,0
                20.343675,46.048458,0
                20.344756,46.048066,0
                20.345131,46.047553,0
                20.34531,46.047088,0
                20.340688,46.046757,0
                20.336481,46.040911,0
                20.357654,46.005088,0
                20.357359,46.004932,0
                20.35572,46.004688,0
                20.354751,46.004569,0
                20.353275,46.004253,0
                20.352341,46.003394,0
                20.352439,46.002586,0
                20.352981,46.00126,0
                20.353141,46.000628,0
                20.352655,46.00013,0
                20.352539,45.99974,0
                20.351763,45.999479,0
                20.350178,45.99972,0
                20.348821,45.999839,0
                20.348237,45.99939,0
                20.349462,45.998486,0
                20.353517,45.995254,0
                20.379243,45.979895,0
                20.404467,45.964674,0
                20.429684,45.967745,0
                20.441176,45.969256,0
                20.446682,45.969832,0
                20.470229,45.959054,0
                20.483656,45.952891,0
                20.491334,45.935027,0
                20.498256,45.918706,0
                20.50231,45.90965,0
                20.503165,45.907992,0
                20.515787,45.892125,0
                20.539346,45.897496,0
                20.549414,45.899998,0
                20.546228,45.905807,0
                20.568764,45.910159,0
                20.573321,45.89801,0
                20.576044,45.89113,0
                20.576562,45.889434,0
                20.577664,45.886115,0
                20.578302,45.884568,0
                20.57518,45.883625,0
                20.576875,45.879492,0
                20.575119,45.87877,0
                20.575939,45.877164,0
                20.577616,45.877633,0
                20.581014,45.869637,0
                20.594064,45.871993,0
                20.59861,45.861982,0
                20.611109,45.864074,0
                20.636301,45.845963,0
                20.644527,45.840356,0
                20.649381,45.836618,0
                20.660042,45.8292,0
                20.657864,45.825619,0
                20.654353,45.818878,0
                20.650481,45.811771,0
                20.65471,45.807547,0
                20.656971,45.808133,0
                20.662611,45.794003,0
                20.668929,45.795279,0
                20.681241,45.7973,0
                20.683309,45.79364,0
                20.689467,45.78019,0
                20.691601,45.774843,0
                20.694423,45.766862,0
                20.690357,45.766268,0
                20.690667,45.764423,0
                20.692723,45.759783,0
                20.696897,45.76049,0
                20.699584,45.75292,0
                20.700506,45.750082,0
                20.702454,45.750706,0
                20.704706,45.750745,0
                20.705527,45.750633,0
                20.707166,45.75101,0
                20.708585,45.750492,0
                20.709731,45.750234,0
                20.711095,45.750432,0
                20.711654,45.75035,0
                20.712391,45.749754,0
                20.712902,45.749373,0
                20.713663,45.749401,0
                20.714795,45.749629,0
                20.716059,45.74976,0
                20.717064,45.750014,0
                20.717346,45.750353,0
                20.717196,45.751349,0
                20.717337,45.75153,0
                20.718864,45.751563,0
                20.719795,45.751772,0
                20.720348,45.752359,0
                20.721365,45.752934,0
                20.722983,45.752735,0
                20.724487,45.752999,0
                20.726231,45.753337,0
                20.727575,45.753837,0
                20.728361,45.754372,0
                20.729194,45.75449,0
                20.729756,45.754477,0
                20.730377,45.754347,0
                20.732023,45.754884,0
                20.732902,45.755417,0
                20.733929,45.755576,0
                20.734953,45.755529,0
                20.743221,45.755309,0
                20.754718,45.754848,0
                20.773097,45.754266,0
                20.773697,45.754367,0
                20.773816,45.754756,0
                20.773827,45.756256,0
                20.777376,45.7672,0
                20.77994,45.774804,0
                20.781437,45.779893,0
                20.784079,45.787163,0
                20.80643,45.780562,0
                20.826525,45.783019,0
                20.855054,45.786611,0
                20.869094,45.788349,0
                20.890332,45.790648,0
                20.901512,45.791864,0
                20.928829,45.795854,0
                20.939046,45.797341,0
                20.946002,45.798867,0
                20.96853,45.803628,0
                20.980378,45.806134,0
                21.001246,45.810479,0
                21.017413,45.813819,0
                21.038871,45.81762,0
                21.050082,45.819663,0
                21.067027,45.822658,0
                21.089812,45.826773,0
                21.112164,45.830216,0
                21.129247,45.832687,0
                21.146169,45.83511,0
                21.175448,45.837256,0
                21.197841,45.83777,0
                21.215432,45.837932,0
                21.229259,45.838025,0
                21.24544,45.83784,0
                21.261797,45.83762,0
                21.285363,45.835526,0
                21.3012,45.832323,0
                21.310253,45.830443,0
                21.325855,45.825641,0
                21.340492,45.821051,0
                21.343558,45.820149,0
                21.359158,45.814741,0
                21.371004,45.810582,0
                21.380811,45.807,0
                21.392981,45.802468,0
                21.404753,45.798085,0
                21.417317,45.793153,0
                21.429392,45.788511,0
                21.440233,45.784222,0
                21.457518,45.776907,0
                21.471913,45.770703,0
                21.487538,45.763882,0
                21.501455,45.757667,0
                21.518232,45.75001,0
                21.532496,45.743451,0
                21.548421,45.73643,0
                21.569499,45.727055,0
                21.583054,45.720894,0
                21.586597,45.719285,0
                21.594285,45.715495,0
                21.603072,45.711033,0
                21.614184,45.705472,0
                21.628044,45.698349,0
                21.641664,45.691334,0
                21.65185,45.686328,0
                21.668028,45.678707,0
                21.678323,45.674103,0
                21.687072,45.670198,0
                21.701774,45.663904,0
                21.719371,45.656398,0
                21.735787,45.649271,0
                21.751964,45.642236,0
                21.762001,45.63778,0
                21.773198,45.63281,0
                21.785745,45.62721,0
                21.796697,45.622209,0
                21.80897,45.616461,0
                21.820433,45.611058,0
                21.835216,45.604114,0
                21.849664,45.597725,0
                21.862118,45.59227,0
                21.876536,45.585943,0
                21.890548,45.579318,0
                21.904763,45.572726,0
                21.91923,45.565923,0
                21.933433,45.559413,0
                21.946617,45.552912,0
                21.960354,45.54608,0
                21.974346,45.539238,0
                21.980011,45.536401,0
                21.985045,45.534146,0
                21.992188,45.530909,0
                22.004205,45.525511,0
                22.0079,45.523886,0
                22.016424,45.519692,0
                22.026375,45.514773,0
                22.034662,45.510664,0
                22.040743,45.507231,0
                22.048986,45.502511,0
                22.05834,45.49723,0
                22.070413,45.490348,0
                22.079838,45.484717,0
                22.090391,45.478549,0
                22.101235,45.47214,0
                22.104945,45.469923,0
                22.115589,45.462726,0
                22.125976,45.455612,0
                22.137801,45.447513,0
                22.147449,45.440876,0
                22.153135,45.436954,0
                22.163007,45.430026,0
                22.174933,45.421531,0
                22.186037,45.413573,0
                22.197089,45.405189,0
                22.209175,45.395912,0
                22.222146,45.386602,0
                22.232637,45.379226,0
                22.244428,45.3707,0
                22.255282,45.362399,0
                22.263511,45.356143,0
                22.268705,45.352168,0
                22.277355,45.345564,0
                22.287508,45.336885,0
                22.296021,45.329557,0
                22.305092,45.321832,0
                22.316241,45.312247,0
                22.326293,45.303902,0
                22.336283,45.295611,0
                22.341969,45.290809,0
                22.353251,45.279955,0
                22.362281,45.271394,0
                22.369743,45.264347,0
                22.372547,45.261653,0
                22.378013,45.255573,0
                22.383308,45.249681,0
                22.389183,45.243186,0
                22.393361,45.238567,0
                22.399554,45.231152,0
                22.405237,45.224199,0
                22.409575,45.219007,0
                22.414914,45.210922,0
                22.420841,45.201989,0
                22.422354,45.199694,0
                22.427246,45.190508,0
                22.430266,45.184887,0
                22.434547,45.176976,0
                22.438031,45.170417,0
                22.440903,45.164943,0
                22.444334,45.158414,0
                22.449781,45.148004,0
                22.452762,45.142359,0
                22.454145,45.139687,0
                22.456711,45.134762,0
                22.458261,45.131849,0
                22.459556,45.129362,0
                22.462057,45.124621,0
                22.462664,45.123485,0
                22.464236,45.120518,0
                22.468192,45.113425,0
                22.472917,45.105059,0
                22.475681,45.100121,0
                22.479597,45.093039,0
                22.48215,45.08873,0
                22.485975,45.082343,0
                22.490322,45.075164,0
                22.494516,45.068147,0
                22.498167,45.062012,0
                22.500844,45.057558,0
                22.50233,45.055047,0
                22.504457,45.05153,0
                22.508375,45.044948,0
                22.511656,45.03943,0
                22.514377,45.034608,0
                22.517673,45.028656,0
                22.522162,45.020608,0
                22.528228,45.010832,0
                22.534301,45.000996,0
                22.538874,44.993766,0
                22.541831,44.988916,0
                22.544025,44.985864,0
                22.5464,44.982422,0
                22.550387,44.976786,0
                22.553653,44.97213,0
                22.558487,44.965293,0
                22.561166,44.961538,0
                22.564719,44.95655,0
                22.568631,44.951183,0
                22.571698,44.947006,0
                22.576079,44.941098,0
                22.577569,44.93906,0
                22.584196,44.931181,0
                22.591394,44.922516,0
                22.601166,44.912916,0
                22.603707,44.910402,0
                22.61056,44.903075,0
                22.617445,44.895715,0
                22.623589,44.889049,0
                22.630732,44.880843,0
                22.638111,44.872559,0
                22.644249,44.866217,0
                22.650846,44.859461,0
                22.655619,44.854617,0
                22.66408,44.846869,0
                22.670762,44.840742,0
                22.680556,44.833231,0
                22.689903,44.826102,0
                22.701011,44.817663,0
                22.709813,44.811028,0
                22.717373,44.803983,0
                22.726769,44.795121,0
                22.73533,44.786176,0
                22.741968,44.779108,0
                22.752136,44.768643,0
                22.759002,44.761616,0
                22.769698,44.751446,0
                22.776112,44.745413,0
                22.781802,44.740328,0
                22.794649,44.728751,0
                22.805677,44.718932,0
                22.817915,44.708101,0
                22.827346,44.6998,0
                22.833269,44.694588,0
                22.842763,44.685862,0
                22.852739,44.676759,0
                22.863267,44.667046,0
                22.874015,44.656358,0
                22.882408,44.647881,0
                22.8961,44.631207,0
                22.902429,44.623441,0
                22.90906,44.613895,0
                22.914005,44.606017,0
                22.915383,44.60385,0
                22.919489,44.596035,0
                22.922654,44.589307,0
                22.926275,44.579552,0
                22.9301,44.567594,0
                22.931595,44.555078,0
                22.932471,44.546612,0
                22.933384,44.537761,0
                22.934335,44.527993,0
                22.93528,44.518702,0
                22.936494,44.506886,0
                22.937632,44.496579,0
                22.93862,44.48767,0
                22.939459,44.480254,0
                22.940353,44.472277,0
                22.941285,44.46403,0
                22.940856,44.45414,0
                22.940154,44.446864,0
                22.939284,44.439025,0
                22.938339,44.43008,0
                22.93665,44.420717,0
                22.935445,44.413807,0
                22.933644,44.404863,0
                22.931691,44.395066,0
                22.929566,44.384716,0
                22.927072,44.373393,0
                22.924693,44.362124,0
                22.92322,44.350842,0
                22.921459,44.339359,0
                22.917458,44.327218,0
                22.913602,44.31656,0
                22.909272,44.305423,0
                22.907814,44.30185,0
                22.903412,44.291835,0
                22.899269,44.282306,0
                22.893144,44.270994,0
                22.891579,44.268066,0
                22.88031,44.250603,0
                22.871752,44.239365,0
                22.864951,44.230364,0
                22.854406,44.218825,0
                22.84844,44.212237,0
                22.842561,44.206269,0
                22.83454,44.197903,0
                22.815762,44.186805,0
                22.803195,44.180339,0
                22.791668,44.176583,0
                22.779942,44.173107,0
                22.784245,44.169769,0
                22.804256,44.159008,0
                22.814642,44.153353,0
                22.818305,44.151988,0
                22.833704,44.149105,0
                22.838547,44.146893,0
                22.844178,44.143448,0
                22.851931,44.140008,0
                22.862159,44.137317,0
                22.878683,44.128404,0
                22.887465,44.122842,0
                22.894883,44.116927,0
                22.899377,44.114263,0
                22.909767,44.109855,0
                22.915997,44.106116,0
                22.923313,44.102503,0
                22.955485,44.09834,0
                22.97988,44.09879,0
                22.988415,44.098324,0
                23.003034,44.094038,0
                23.009556,44.092735,0
                23.028971,44.085978,0
                23.033955,44.082835,0
                23.040111,44.076639,0
                23.043937,44.070285,0
                23.045335,44.06083,0
                23.037385,44.045579,0
                23.034232,44.037731,0
                23.021425,44.025124,0
                23.008818,44.012838,0
                23.003441,44.0103,0
                22.997331,44.009223,0
                22.964374,44.006714,0
                22.948105,44.004806,0
                22.926586,44.000433,0
                22.89081,43.989533,0
                22.882896,43.984339,0
                22.870694,43.954769,0
                22.862045,43.933984,0
                22.860197,43.923535,0
                22.847957,43.904775,0
                22.838299,43.885938,0
                22.838499,43.871328,0
                22.843605,43.862441,0
                22.853549,43.850587,0
                22.866379,43.838947,0
                22.875853,43.833649,0
                22.90595,43.826455,0
                22.90966,43.825636,0
                22.917402,43.825075,0
                22.928286,43.824916,0
                22.931405,43.824621,0
                22.934934,43.823597,0
                22.938081,43.821931,0
                22.959991,43.812687,0
                22.96677,43.811432,0
                22.972008,43.810112,0
                22.975023,43.809641,0
                22.979407,43.809546,0
                22.984745,43.809426,0
                22.990185,43.808982,0
                22.994315,43.808108,0
                22.996812,43.807785,0
                23.012052,43.804905,0
                23.021045,43.805411,0
                23.026959,43.80384,0
                23.044567,43.797583,0
                23.052882,43.795611,0
                23.066398,43.797515,0
                23.082137,43.798267,0
                23.098162,43.801395,0
                23.102815,43.802121,0
                23.118292,43.803901,0
                23.122702,43.804226,0
                23.131969,43.803372,0
                23.142768,43.807602,0
                23.14993,43.80978,0
                23.15585,43.813414,0
                23.16257,43.816923,0
                23.177683,43.821864,0
                23.194577,43.826668,0
                23.207346,43.830983,0
                23.21777,43.836096,0
                23.249164,43.839724,0
                23.254391,43.842331,0
                23.263298,43.845814,0
                23.269362,43.846936,0
                23.2791,43.848229,0
                23.295005,43.847851,0
                23.303846,43.848238,0
                23.312394,43.849015,0
                23.317961,43.849381,0
                23.325995,43.849441,0
                23.337922,43.850403,0
                23.342827,43.850493,0
                23.351995,43.849771,0
                23.357305,43.848655,0
                23.365778,43.848084,0
                23.369527,43.847575,0
                23.375523,43.847761,0
                23.38802,43.849455,0
                23.395325,43.850264,0
                23.399666,43.850909,0
                23.402801,43.851678,0
                23.405726,43.852097,0
                23.415468,43.852647,0
                23.419969,43.85424,0
                23.427067,43.852639,0
                23.429147,43.851881,0
                23.438438,43.850852,0
                23.450884,43.846818,0
                23.455786,43.842679,0
                23.460589,43.840088,0
                23.469024,43.839063,0
                23.471869,43.838979,0
                23.486965,43.836762,0
                23.48877,43.836681,0
                23.492684,43.837924,0
                23.495159,43.839041,0
                23.497279,43.839209,0
                23.508385,43.837585,0
                23.513121,43.836018,0
                23.518375,43.832946,0
                23.524362,43.827965,0
                23.529342,43.82343,0
                23.531585,43.822222,0
                23.532787,43.821069,0
                23.533904,43.820331,0
                23.54887,43.811343,0
                23.557914,43.80783,0
                23.568936,43.804669,0
                23.577405,43.802908,0
                23.593893,43.797202,0
                23.599965,43.794702,0
                23.605197,43.793436,0
                23.619758,43.790448,0
                23.627083,43.790438,0
                23.636113,43.79167,0
                23.640748,43.794209,0
                23.650524,43.796213,0
                23.657631,43.797266,0
                23.668796,43.800315,0
                23.676206,43.801464,0
                23.68111,43.802341,0
                23.689181,43.803428,0
                23.698769,43.805616,0
                23.707149,43.805851,0
                23.712636,43.805922,0
                23.721931,43.804554,0
                23.729424,43.803937,0
                23.735327,43.803904,0
                23.742557,43.80262,0
                23.748518,43.801734,0
                23.751972,43.797137,0
                23.757635,43.791332,0
                23.764272,43.787073,0
                23.772944,43.7826,0
                23.780063,43.780269,0
                23.808967,43.775315,0
                23.813193,43.774537,0
                23.819576,43.773051,0
                23.823698,43.770442,0
                23.832876,43.766705,0
                23.846157,43.761008,0
                23.858905,43.756999,0
                23.871897,43.753821,0
                23.877641,43.753152,0
                23.885422,43.751572,0
                23.890346,43.751663,0
                23.897983,43.748989,0
                23.903544,43.747548,0
                23.909759,43.746955,0
                23.915188,43.746216,0
                23.919233,43.745912,0
                23.927325,43.745079,0
                23.933463,43.746009,0
                23.948441,43.745551,0
                23.955892,43.745745,0
                23.957902,43.74568,0
                23.96015,43.745388,0
                23.962842,43.744717,0
                23.965067,43.744167,0
                23.971988,43.743238,0
                23.975784,43.742257,0
                23.977337,43.74187,0
                23.979409,43.741479,0
                23.990428,43.738347,0
                23.993371,43.737948,0
                24.005061,43.733875,0
                24.019335,43.729896,0
                24.031864,43.724586,0
                24.038657,43.722753,0
                24.044056,43.721918,0
                24.048919,43.722353,0
                24.058378,43.718008,0
                24.069884,43.713832,0
                24.074738,43.708835,0
                24.085223,43.703552,0
                24.092001,43.70181,0
                24.099506,43.700288,0
                24.104631,43.699741,0
                24.107546,43.69974,0
                24.118042,43.698343,0
                24.128061,43.696148,0
                24.138945,43.692898,0
                24.150974,43.687893,0
                24.16045,43.684839,0
                24.166377,43.683382,0
                24.172077,43.682452,0
                24.177682,43.681999,0
                24.185711,43.682273,0
                24.19531,43.683351,0
                24.207098,43.685292,0
                24.214735,43.686002,0
                24.234582,43.689172,0
                24.240746,43.690398,0
                24.245123,43.69073,0
                24.256519,43.691092,0
                24.262504,43.691934,0
                24.26702,43.693266,0
                24.277022,43.694941,0
                24.289462,43.697396,0
                24.291211,43.698008,0
                24.301904,43.699627,0
                24.311819,43.700602,0
                24.317045,43.699868,0
                24.322777,43.698503,0
                24.331858,43.696726,0
                24.33756,43.695988,0
                24.34209,43.69627,0
                24.352458,43.698576,0
                24.357924,43.70097,0
                24.362623,43.703489,0
                24.368094,43.706009,0
                24.375483,43.709968,0
                24.380486,43.714057,0
                24.360986,43.717199,0
                24.339935,43.720591,0
                24.32164,43.72348,0
                24.305656,43.72654,0
                24.286951,43.7302,0
                24.25957,43.735507,0
                24.234545,43.742819,0
                24.211109,43.749621,0
                24.190023,43.757688,0
                24.168072,43.766018,0
                24.147318,43.775575,0
                24.129829,43.783669,0
                24.104753,43.795279,0
                24.085581,43.804198,0
                24.065159,43.813798,0
                24.047331,43.822241,0
                24.020293,43.836939,0
                23.997474,43.849439,0
                23.986454,43.855743,0
                23.975241,43.86224,0
                23.956601,43.873709,0
                23.940403,43.883768,0
                23.924432,43.894203,0
                23.907971,43.905034,0
                23.890537,43.91643,0
                23.868163,43.930511,0
                23.850806,43.941412,0
                23.834754,43.951461,0
                23.813332,43.964683,0
                23.790637,43.978654,0
                23.776711,43.987447,0
                23.760192,44.002426,0
                23.745283,44.018625,0
                23.733936,44.031045,0
                23.713782,44.049191,0
                23.706662,44.055707,0
                23.689815,44.069398,0
                23.673748,44.082506,0
                23.65861,44.096048,0
                23.648263,44.110425,0
                23.638513,44.123902,0
                23.631504,44.13348,0
                23.622858,44.148239,0
                23.619277,44.154315,0
                23.609231,44.170294,0
                23.604749,44.177385,0
                23.598115,44.189499,0
                23.590728,44.202699,0
                23.583231,44.220066,0
                23.575897,44.237652,0
                23.57345,44.25585,0
                23.572995,44.273501,0
                23.572128,44.287995,0
                23.571858,44.292127,0
                23.571737,44.297543,0
                23.571585,44.306138,0
                23.571451,44.313529,0
                23.572471,44.326241,0
                23.572973,44.333452,0
                23.576649,44.34841,0
                23.57777,44.352873,0
                23.583937,44.369259,0
                23.590557,44.383386,0
                23.597451,44.397328,0
                23.599296,44.401072,0
                23.600846,44.403934,0
                23.607412,44.416275,0
                23.616203,44.429706,0
                23.621245,44.437581,0
                23.627108,44.445593,0
                23.635665,44.456949,0
                23.645682,44.470143,0
                23.650039,44.475976,0
                23.661401,44.488595,0
                23.664577,44.49204,0
                23.674139,44.502361,0
                23.682254,44.511249,0
                23.69148,44.521661,0
                23.699995,44.531014,0
                23.704599,44.53616,0
                23.715219,44.546285,0
                23.718933,44.549825,0
                23.730283,44.559824,0
                23.733906,44.562981,0
                23.746047,44.57254,0
                23.752343,44.57743,0
                23.764417,44.586374,0
                23.771089,44.591302,0
                23.777336,44.595814,0
                23.789058,44.603889,0
                23.792561,44.606353,0
                23.803076,44.612482,0
                23.816697,44.620488,0
                23.830071,44.62837,0
                23.844067,44.636617,0
                23.865554,44.646271,0
                23.884084,44.654398,0
                23.910406,44.665608,0
                23.929791,44.673964,0
                23.952153,44.683808,0
                23.974349,44.693266,0
                24.002703,44.705298,0
                24.015302,44.710569,0
                24.028287,44.715931,0
                24.04396,44.721996,0
                24.065045,44.729052,0
                24.084065,44.735909,0
                24.106691,44.744955,0
                24.127991,44.755929,0
                24.13685,44.760532,0
                24.155129,44.770973,0
                24.166671,44.776533,0
                24.177206,44.781586,0
                24.197379,44.788851,0
                24.214219,44.795284,0
                24.234302,44.80236,0
                24.248649,44.807391,0
                24.258863,44.810956,0
                24.285814,44.818928,0
                24.303513,44.824075,0
                24.323971,44.829857,0
                24.336506,44.833831,0
                24.35084,44.838389,0
                24.371484,44.845271,0
                24.38741,44.850685,0
                24.406295,44.857029,0
                24.420137,44.861617,0
                24.438581,44.86899,0
                24.443875,44.870975,0
                24.455006,44.875136,0
                24.465704,44.879052,0
                24.47934,44.884009,0
                24.502233,44.890507,0
                24.525749,44.895712,0
                24.535997,44.897897,0
                24.561516,44.902854,0
                24.575369,44.905017,0
                24.593454,44.907781,0
                24.610219,44.910631,0
                24.626559,44.913437,0
                24.645242,44.916258,0
                24.658816,44.91826,0
                24.673441,44.920113,0
                24.685013,44.921574,0
                24.69462,44.922181,0
                24.705873,44.92288,0
                24.718802,44.923714,0
                24.740826,44.925242,0
                24.763207,44.926638,0
                24.781844,44.927732,0
                24.800603,44.928735,0
                24.811555,44.929383,0
                24.826557,44.929706,0
                24.829152,44.929791,0
                24.838604,44.930074,0
                24.849546,44.929968,0
                24.857575,44.929979,0
                24.868574,44.929952,0
                24.87447,44.9299,0
                24.888433,44.929257,0
                24.901888,44.928733,0
                24.909159,44.92848,0
                24.922821,44.928039,0
                24.934198,44.927703,0
                24.945121,44.927376,0
                24.958703,44.926796,0
                24.964241,44.926321,0
                24.970462,44.925859,0
                24.981287,44.924991,0
                24.989661,44.924268,0
                25.002615,44.923117,0
                25.014132,44.922005,0
                25.029033,44.919745,0
                25.039391,44.918094,0
                25.051611,44.915798,0
                25.066793,44.912826,0
                25.075042,44.911185,0
                25.09069,44.907598,0
                25.098909,44.905689,0
                25.108298,44.903546,0
                25.121693,44.900419,0
                25.133434,44.897651,0
                25.144426,44.89497,0
                25.157007,44.891698,0
                25.170048,44.888299,0
                25.18006,44.885856,0
                25.191841,44.883117,0
                25.205517,44.879799,0
                25.222266,44.875479,0
                25.234331,44.872468,0
                25.245296,44.869462,0
                25.256113,44.866491,0
                25.266296,44.863661,0
                25.272533,44.861729,0
                25.283628,44.85832,0
                25.299687,44.853336,0
                25.316989,44.847739,0
                25.333625,44.842382,0
                25.347496,44.837715,0
                25.360364,44.833307,0
                25.371935,44.829329,0
                25.389306,44.82315,0
                25.400958,44.818981,0
                25.405349,44.817486,0
                25.426783,44.810487,0
                25.43076,44.809177,0
                25.446446,44.803276,0
                25.453471,44.800659,0
                25.474676,44.79321,0
                25.486969,44.788871,0
                25.503668,44.782542,0
                25.51971,44.776549,0
                25.542348,44.768914,0
                25.552899,44.76537,0
                25.570923,44.759534,0
                25.593667,44.752176,0
                25.611136,44.746397,0
                25.631628,44.739431,0
                25.634054,44.738603,0
                25.65048,44.732145,0
                25.661214,44.727966,0
                25.67228,44.723315,0
                25.684807,44.71803,0
                25.691384,44.715229,0
                25.701714,44.711276,0
                25.715296,44.706004,0
                25.727885,44.70103,0
                25.739698,44.696059,0
                25.750476,44.691522,0
                25.770693,44.684439,0
                25.78231,44.680284,0
                25.800263,44.673618,0
                25.818037,44.667124,0
                25.83615,44.660733,0
                25.850854,44.655555,0
                25.864299,44.650939,0
                25.875735,44.646976,0
                25.889565,44.641665,0
                25.900493,44.637381,0
                25.903711,44.636245,0
                25.9216,44.630128,0
                25.942383,44.623105,0
                25.963991,44.615568,0
                25.969825,44.613386,0
                25.983839,44.608298,0
                25.995731,44.603398,0
                26.006581,44.598876,0
                26.011917,44.596718,0
                26.023954,44.590844,0
                26.037378,44.584141,0
                26.047581,44.578582,0
                26.055996,44.574061,0
                26.07175,44.565502,0
                26.084298,44.55864,0
                26.09431,44.553171,0
                26.106347,44.546695,0
                26.128387,44.534815,0
                26.134927,44.531199,0
                26.151677,44.522015,0
                26.162625,44.513998,0
                26.174998,44.50502,0
                26.18802,44.495367,0
                26.197145,44.488447,0
                26.206326,44.481411,0
                26.216512,44.472162,0
                26.223856,44.465424,0
                26.23279,44.456764,0
                26.239237,44.450475,0
                26.24527,44.440678,0
                26.2508,44.42789,0
                26.256286,44.411283,0
                26.25864,44.397685,0
                26.259351,44.393625,0
                26.260162,44.384385,0
                26.26084,44.37774,0
                26.259567,44.368173,0
                26.258403,44.359774,0
                26.254656,44.348462,0
                26.251925,44.340732,0
                26.24718,44.32807,0
                26.243815,44.31686,0
                26.242589,44.312684,0
                26.238313,44.300516,0
                26.235799,44.293506,0
                26.233915,44.285477,0
                26.231596,44.275814,0
                26.229938,44.268637,0
                26.228351,44.260734,0
                26.227449,44.25638,0
                26.224896,44.247903,0
                26.222467,44.239803,0
                26.218498,44.229476,0
                26.212062,44.21276,0
                26.206928,44.202201,0
                26.201674,44.191426,0
                26.197919,44.184127,0
                26.193405,44.175478,0
                26.188897,44.16588,0
                26.185183,44.158017,0
                26.181696,44.150921,0
                26.177796,44.142907,0
                26.173585,44.13453,0
                26.17025,44.12798,0
                26.165694,44.119696,0
                26.160205,44.109821,0
                26.154526,44.100921,0
                26.14693,44.088982,0
                26.141695,44.080611,0
                26.135629,44.070937,0
                26.130889,44.063227,0
                26.128244,44.058858,0
                26.12333,44.050621,0
                26.11835,44.042227,0
                26.112721,44.032917,0
                26.108518,44.026027,0
                26.102689,44.016452,0
                26.096804,44.00667,0
                26.092367,43.999104,0
                26.088552,43.992718,0
                26.084605,43.986106,0
                26.081846,43.981565,0
                26.078465,43.97593,0
                26.075533,43.9712,0
                26.072115,43.965537,0
                26.067418,43.957846,0
                26.063833,43.951881,0
                26.059268,43.943914,0
                26.054979,43.936459,0
                26.04938,43.926387,0
                26.046263,43.920671,0
                26.041552,43.912089,0
                26.033575,43.89728,0
                26.039578,43.899158,0
                26.046019,43.902672,0
                26.050304,43.904243,0
                26.055833,43.907375,0
                26.060835,43.910872,0
                26.063498,43.914238,0
                26.071442,43.926067,0
                26.075694,43.934469,0
                26.07937,43.942917,0
                26.089971,43.954027,0
                26.097063,43.960498,0
                26.105759,43.967911,0
                26.110002,43.969743,0
                26.120575,43.973503,0
                26.130659,43.978011,0
                26.136288,43.981206,0
                26.14383,43.983161,0
                26.146433,43.98348,0
                26.160357,43.986565,0
                26.166558,43.986806,0
                26.176719,43.986817,0
                26.185799,43.98549,0
                26.193078,43.985098,0
                26.19888,43.985396,0
                26.203727,43.986826,0
                26.226871,43.994694,0
                26.229446,43.995607,0
                26.232518,43.997308,0
                26.234727,43.998881,0
                26.24922,44.002412,0
                26.269089,44.008945,0
                26.282395,44.014134,0
                26.287306,44.018194,0
                26.294475,44.020797,0
                26.302651,44.024172,0
                26.310616,44.026744,0
                26.31501,44.029202,0
                26.343271,44.034512,0
                26.347902,44.035481,0
                26.351275,44.036588,0
                26.357273,44.037208,0
                26.363154,44.036615,0
                26.368979,44.037047,0
                26.374361,44.037919,0
                26.379543,44.038542,0
                26.385486,44.03935,0
                26.39089,44.040452,0
                26.398437,44.04094,0
                26.403891,44.040102,0
                26.416217,44.036887,0
                26.424948,44.035952,0
                26.431941,44.035795,0
                26.437478,44.036831,0
                26.442866,44.039441,0
                26.454953,44.039003,0
                26.457467,44.039172,0
                26.463902,44.039248,0
                26.470449,44.040263,0
                26.473283,44.040646,0
                26.481558,44.042358,0
                26.485308,44.043984,0
                26.490534,44.045274,0
                26.495284,44.045717,0
                26.507926,44.050486,0
                26.514684,44.052484,0
                26.542993,44.056428,0
                26.544973,44.056617,0
                26.557167,44.057763,0
                26.582868,44.054112,0
                26.586558,44.05334,0
                26.596685,44.052315,0
                26.601286,44.052463,0
                26.617117,44.056918,0
                26.635719,44.059766,0
                26.64152,44.06062,0
                26.646551,44.060564,0
                26.657779,44.062255,0
                26.665422,44.064536,0
                26.672141,44.067228,0
                26.678251,44.070254,0
                26.693415,44.074786,0
                26.698173,44.075694,0
                26.715347,44.07819,0
                26.724625,44.076759,0
                26.740107,44.075596,0
                26.766428,44.07916,0
                26.771716,44.080489,0
                26.777176,44.082237,0
                26.781295,44.084119,0
                26.785053,44.086061,0
                26.788409,44.088061,0
                26.802789,44.094004,0
                26.813274,44.098184,0
                26.820256,44.101651,0
                26.827121,44.104124,0
                26.836309,44.109753,0
                26.848825,44.114149,0
                26.854094,44.11562,0
                26.859919,44.117785,0
                26.865104,44.119163,0
                26.870609,44.120267,0
                26.876402,44.121621,0
                26.887759,44.125838,0
                26.891741,44.127475,0
                26.899296,44.131458,0
                26.900555,44.131992,0
                26.906529,44.132904,0
                26.914284,44.133858,0
                26.917571,44.133764,0
                26.92879,44.132431,0
                26.931805,44.133359,0
                26.938314,44.133416,0
                26.967238,44.134705,0
                26.97258,44.13461,0
                26.980799,44.134056,0
                26.988989,44.133801,0
                26.995089,44.134262,0
                26.998303,44.135304,0
                27.005231,44.13671,0
                27.012473,44.139083,0
                27.017203,44.140395,0
                27.026226,44.142118,0
                27.038287,44.142991,0
                27.04475,44.143518,0
                27.053567,44.145323,0
                27.049967,44.148443,0
                27.044477,44.15306,0
                27.039508,44.157369,0
                27.033199,44.162815,0
                27.027328,44.167843,0
                27.024261,44.170508,0
                27.019811,44.174379,0
                27.014182,44.17924,0
                27.0094,44.183411,0
                27.003832,44.188229,0
                27.000721,44.19096,0
                26.996186,44.195001,0
                26.993526,44.197377,0
                26.987962,44.202252,0
                26.981643,44.207669,0
                26.976249,44.212243,0
                26.968618,44.218836,0
                26.963941,44.222952,0
                26.957752,44.228387,0
                26.95555,44.230355,0
                26.951597,44.233931,0
                26.948455,44.236718,0
                26.944096,44.240702,0
                26.939587,44.244673,0
                26.935869,44.248054,0
                26.931819,44.251639,0
                26.927592,44.25524,0
                26.923916,44.258519,0
                26.921106,44.260977,0
                26.916331,44.265143,0
                26.9102,44.27048,0
                26.90646,44.273774,0
                26.903002,44.276781,0
                26.894213,44.283962,0
                26.887161,44.289716,0
                26.881037,44.294731,0
                26.875136,44.299584,0
                26.867568,44.305746,0
                26.861425,44.310771,0
                26.857175,44.314211,0
                26.851377,44.318981,0
                26.845005,44.324103,0
                26.840956,44.327353,0
                26.834792,44.332362,0
                26.828188,44.337753,0
                26.82419,44.340919,0
                26.818533,44.345462,0
                26.815008,44.348473,0
                26.81052,44.352379,0
                26.804975,44.357218,0
                26.799483,44.361881,0
                26.796117,44.364816,0
                26.792625,44.367821,0
                26.784328,44.375208,0
                26.777629,44.381231,0
                26.771838,44.386427,0
                26.764664,44.39297,0
                26.757528,44.399498,0
                26.750408,44.405943,0
                26.745941,44.410091,0
                26.741416,44.414204,0
                26.738112,44.417276,0
                26.733652,44.421387,0
                26.730027,44.424744,0
                26.726229,44.428251,0
                26.723126,44.431121,0
                26.719409,44.43455,0
                26.714953,44.438684,0
                26.711573,44.441767,0
                26.705912,44.447008,0
                26.70105,44.451561,0
                26.697451,44.454919,0
                26.694492,44.457661,0
                26.689844,44.461969,0
                26.686142,44.465446,0
                26.683641,44.467737,0
                26.681585,44.469648,0
                26.677122,44.47372,0
                26.674671,44.47598,0
                26.671413,44.47903,0
                26.670091,44.480218,0
                26.667409,44.4827,0
                26.66305,44.486725,0
                26.659067,44.490361,0
                26.655442,44.493655,0
                26.651961,44.496849,0
                26.648409,44.50009,0
                26.644347,44.503775,0
                26.6403,44.507515,0
                26.635999,44.511441,0
                26.632338,44.514817,0
                26.62907,44.517812,0
                26.62477,44.521784,0
                26.619623,44.526494,0
                26.614678,44.531077,0
                26.610301,44.535155,0
                26.605742,44.539439,0
                26.602054,44.542955,0
                26.597467,44.547221,0
                26.593158,44.551269,0
                26.588641,44.555534,0
                26.58489,44.559054,0
                26.58099,44.562753,0
                26.577187,44.566365,0
                26.572541,44.570786,0
                26.568793,44.57442,0
                26.564869,44.578151,0
                26.561108,44.581765,0
                26.557081,44.5857,0
                26.553857,44.588872,0
                26.551283,44.591399,0
                26.547575,44.595043,0
                26.544242,44.598315,0
                26.542268,44.600212,0
                26.539771,44.602741,0
                26.535998,44.606616,0
                26.532465,44.610224,0
                26.528747,44.614019,0
                26.525143,44.617699,0
                26.52077,44.622177,0
                26.515864,44.627312,0
                26.511127,44.632217,0
                26.507061,44.636475,0
                26.504777,44.638832,0
                26.503599,44.639966,0
                26.498573,44.644815,0
                26.494553,44.648653,0
                26.490565,44.652475,0
                26.487675,44.655206,0
                26.484513,44.658259,0
                26.479059,44.663428,0
                26.474797,44.66744,0
                26.469886,44.672046,0
                26.464677,44.676951,0
                26.459788,44.681539,0
                26.457291,44.683556,0
                26.453684,44.686486,0
                26.448102,44.691054,0
                26.443192,44.695096,0
                26.437978,44.699374,0
                26.432563,44.703774,0
                26.427009,44.708266,0
                26.421042,44.713059,0
                26.416072,44.717046,0
                26.4108,44.721288,0
                26.405248,44.72576,0
                26.401232,44.728919,0
                26.397477,44.731912,0
                26.39187,44.736358,0
                26.386784,44.740379,0
                26.380615,44.745278,0
                26.376338,44.748695,0
                26.372358,44.751849,0
                26.368035,44.755248,0
                26.364509,44.758056,0
                26.360158,44.761483,0
                26.357676,44.763481,0
                26.355129,44.765437,0
                26.352841,44.767253,0
                26.351327,44.768476,0
                26.348738,44.770497,0
                26.347244,44.77169,0
                26.343496,44.77492,0
                26.339716,44.778172,0
                26.337023,44.780499,0
                26.33499,44.782249,0
                26.334987,44.782256,0
                26.330431,44.786207,0
                26.328802,44.787606,0
                26.321965,44.793088,0
                26.312282,44.801036,0
                26.303504,44.808211,0
                26.299059,44.812053,0
                26.291564,44.818722,0
                26.284696,44.824818,0
                26.275272,44.833141,0
                26.272472,44.835272,0
                26.264359,44.84163,0
                26.258868,44.84598,0
                26.251336,44.85171,0
                26.248194,44.854143,0
                26.238823,44.861152,0
                26.226257,44.870694,0
                26.214716,44.878392,0
                26.202565,44.8865,0
                26.196925,44.89042,0
                26.194735,44.892018,0
                26.182803,44.900682,0
                26.173889,44.907106,0
                26.167827,44.911515,0
                26.161211,44.916221,0
                26.154571,44.920982,0
                26.144877,44.927861,0
                26.132522,44.936434,0
                26.115522,44.948169,0
                26.102199,44.957465,0
                26.091795,44.964754,0
                26.076384,44.974037,0
                26.068157,44.979033,0
                26.059724,44.984638,0
                26.054702,44.988062,0
                26.0448,44.994641,0
                26.039081,44.99795,0
                26.034434,45.000647,0
                26.023415,45.007074,0
                26.010075,45.015398,0
                25.998096,45.022882,0
                25.985827,45.030539,0
                25.977089,45.035998,0
                25.967632,45.041697,0
                25.958471,45.047199,0
                25.949116,45.052711,0
                25.943572,45.056044,0
                25.939844,45.058058,0
                25.935838,45.060222,0
                25.92432,45.066503,0
                25.914281,45.072023,0
                25.902907,45.078406,0
                25.895335,45.08263,0
                25.888776,45.086553,0
                25.873617,45.095525,0
                25.861371,45.103423,0
                25.852287,45.109199,0
                25.846723,45.113707,0
                25.837454,45.121176,0
                25.830977,45.126368,0
                25.823464,45.132358,0
                25.816657,45.137774,0
                25.810717,45.142495,0
                25.805022,45.146975,0
                25.801967,45.149365,0
                25.796379,45.153632,0
                25.792916,45.156298,0
                25.79093,45.157795,0
                25.786569,45.161139,0
                25.78012,45.166299,0
                25.773963,45.171506,0
                25.767148,45.177323,0
                25.761382,45.182166,0
                25.756816,45.186077,0
                25.750401,45.191596,0
                25.743801,45.197201,0
                25.736955,45.203104,0
                25.730613,45.208548,0
                25.725802,45.212708,0
                25.72011,45.218151,0
                25.71552,45.22263,0
                25.711406,45.226597,0
                25.707747,45.230127,0
                25.700149,45.237482,0
                25.695655,45.241968,0
                25.689003,45.248624,0
                25.684522,45.253128,0
                25.680829,45.256812,0
                25.678313,45.259086,0
                25.670979,45.265695,0
                25.665753,45.270444,0
                25.658097,45.277439,0
                25.653607,45.281587,0
                25.648346,45.286402,0
                25.646714,45.288111,0
                25.640169,45.295217,0
                25.635428,45.300308,0
                25.632769,45.30313,0
                25.629468,45.306609,0
                25.62509,45.311171,0
                25.622775,45.313614,0
                25.619802,45.316714,0
                25.618036,45.318551,0
                25.615978,45.320962,0
                25.613499,45.323883,0
                25.610756,45.327068,0
                25.608345,45.329903,0
                25.6061,45.332509,0
                25.602444,45.336764,0
                25.598386,45.341655,0
                25.595338,45.345333,0
                25.591687,45.34966,0
                25.588314,45.353724,0
                25.585183,45.357458,0
                25.582727,45.361093,0
                25.578181,45.367921,0
                25.574912,45.372731,0
                25.574081,45.374008,0
                25.572274,45.376739,0
                25.571355,45.378067,0
                25.568023,45.382976,0
                25.567143,45.384097,0
                25.564449,45.387487,0
                25.560655,45.392216,0
                25.558072,45.395461,0
                25.555317,45.39942,0
                25.551055,45.405478,0
                25.546725,45.411713,0
                25.541177,45.41962,0
                25.534833,45.428668,0
                25.532464,45.43278,0
                25.528189,45.440164,0
                25.525074,45.445526,0
                25.519946,45.454392,0
                25.516805,45.459812,0
                25.513715,45.465151,0
                25.511231,45.469443,0
                25.50947,45.472492,0
                25.507059,45.476955,0
                25.504653,45.481501,0
                25.50185,45.486868,0
                25.499028,45.492159,0
                25.495716,45.498429,0
                25.493938,45.501673,0
                25.490525,45.507902,0
                25.488518,45.511574,0
                25.485126,45.517743,0
                25.483912,45.520942,0
                25.482389,45.525075,0
                25.48141,45.527577,0
                25.480133,45.531002,0
                25.479121,45.533687,0
                25.476685,45.540017,0
                25.475373,45.545774,0
                25.474409,45.549835,0
                25.472998,45.555892,0
                25.471262,45.563817,0
                25.469839,45.570991,0
                25.468377,45.578019,0
                25.466968,45.582816,0
                25.466308,45.584956,0
                25.466019,45.585935,0
                25.465558,45.587488,0
                25.464095,45.592449,0
                25.461471,45.601098,0
                25.459859,45.608617,0
                25.45782,45.6183,0
                25.455543,45.628886,0
                25.45379,45.637108,0
                25.453245,45.643599,0
                25.452478,45.652399,0
                25.452619,45.659001,0
                25.4528,45.668152,0
                25.453008,45.679882,0
                25.453205,45.688064,0
                25.453496,45.69964,0
                25.453733,45.7074,0
                25.453889,45.714311,0
                25.45397,45.715596,0
                25.454097,45.720036,0
                25.454278,45.727171,0
                25.454337,45.736844,0
                25.454331,45.745136,0
                25.454311,45.753358,0
                25.45433,45.75898,0
                25.454309,45.765479,0
                25.454282,45.769656,0
                25.454318,45.771875,0
                25.454304,45.781384,0
                25.454545,45.789524,0
                25.454827,45.798058,0
                25.455057,45.804489,0
                25.455227,45.811315,0
                25.455802,45.815616,0
                25.456276,45.819574,0
                25.457258,45.827407,0
                25.457621,45.829755,0
                25.458507,45.83488,0
                25.459332,45.840135,0
                25.459797,45.84283,0
                25.460331,45.846211,0
                25.460931,45.850075,0
                25.461561,45.853656,0
                25.462079,45.857093,0
                25.462915,45.86251,0
                25.463959,45.869287,0
                25.464904,45.87588,0
                25.465863,45.88192,0
                25.466644,45.887294,0
                25.468066,45.896771,0
                25.469037,45.902937,0
                25.4703,45.911329,0
                25.471534,45.919565,0
                25.472142,45.923438,0
                25.47231,45.924775,0
                25.47271,45.927304,0
                25.473591,45.933114,0
                25.473788,45.934685,0
                25.474042,45.935769,0
                25.474605,45.939871,0
                25.475001,45.943319,0
                25.47565,45.948336,0
                25.476126,45.952603,0
                25.476234,45.953602,0
                25.476648,45.957093,0
                25.477101,45.960988,0
                25.47743,45.96358,0
                25.478004,45.968234,0
                25.478053,45.969103,0
                25.478211,45.970176,0
                25.478645,45.973985,0
                25.478747,45.975254,0
                25.479151,45.978011,0
                25.479267,45.97882,0
                25.479583,45.981922,0
                25.479916,45.984917,0
                25.480301,45.988104,0
                25.480526,45.990173,0
                25.480727,45.991509,0
                25.480995,45.994327,0
                25.481746,46.000391,0
                25.482029,46.003155,0
                25.482346,46.005297,0
                25.482996,46.011327,0
                25.483514,46.015747,0
                25.484008,46.020999,0
                25.484196,46.022998,0
                25.484775,46.029016,0
                25.485261,46.03441,0
                25.485866,46.039616,0
                25.486371,46.043118,0
                25.486506,46.044171,0
                25.487233,46.04929,0
                25.488233,46.05606,0
                25.488798,46.060123,0
                25.489335,46.064071,0
                25.489933,46.06856,0
                25.490597,46.074052,0
                25.491205,46.07878,0
                25.491592,46.08183,0
                25.4921,46.085858,0
                25.492678,46.090288,0
                25.492944,46.091778,0
                25.493376,46.09521,0
                25.494201,46.100888,0
                25.494382,46.102288,0
                25.494794,46.105286,0
                25.495737,46.111805,0
                25.496483,46.117034,0
                25.49708,46.121041,0
                25.497364,46.122726,0
                25.497799,46.125589,0
                25.49861,46.130819,0
                25.499173,46.134648,0
                25.499851,46.138844,0
                25.500351,46.142202,0
                25.500433,46.142926,0
                25.50102,46.146539,0
                25.501782,46.151638,0
                25.502535,46.156495,0
                25.50314,46.161396,0
                25.504113,46.168502,0
                25.505033,46.175071,0
                25.505665,46.179774,0
                25.50642,46.185309,0
                25.507162,46.190439,0
                25.507952,46.195941,0
                25.508678,46.201309,0
                25.509196,46.204281,0
                25.510055,46.208719,0
                25.510426,46.210747,0
                25.510787,46.212787,0
                25.511477,46.21627,0
                25.512269,46.220539,0
                25.512531,46.221737,0
                25.513173,46.225288,0
                25.514261,46.230224,0
                25.515413,46.235064,0
                25.516394,46.239381,0
                25.517073,46.24237,0
                25.517526,46.244348,0
                25.518031,46.246161,0
                25.518662,46.248543,0
                25.519861,46.252948,0
                25.520818,46.256477,0
                25.52138,46.258615,0
                25.521946,46.26074,0
                25.521948,46.260751,0
                25.525292,46.27297,0
                25.528029,46.282966,0
                25.52947,46.288117,0
                25.53104,46.293693,0
                25.533325,46.300739,0
                25.535664,46.308323,0
                25.538019,46.31562,0
                25.540234,46.322428,0
                25.5433,46.331505,0
                25.546233,46.340487,0
                25.54804,46.345085,0
                25.550569,46.35196,0
                25.553553,46.359662,0
                25.556366,46.366798,0
                25.560193,46.376443,0
                25.563166,46.38387,0
                25.56597,46.39074,0
                25.568729,46.397465,0
                25.571957,46.404984,0
                25.574302,46.410055,0
                25.576544,46.414983,0
                25.579163,46.420583,0
                25.580887,46.424093,0
                25.584295,46.431059,0
                25.587359,46.437342,0
                25.589816,46.442405,0
                25.592369,46.447637,0
                25.595366,46.453214,0
                25.598568,46.459241,0
                25.602317,46.466252,0
                25.605844,46.472937,0
                25.608081,46.47707,0
                25.610613,46.481896,0
                25.612684,46.485767,0
                25.615064,46.490146,0
                25.616638,46.493008,0
                25.618852,46.496898,0
                25.621765,46.50217,0
                25.624388,46.506815,0
                25.629485,46.514546,0
                25.633751,46.521059,0
                25.636278,46.524981,0
                25.638961,46.529189,0
                25.641904,46.533787,0
                25.645803,46.539876,0
                25.648118,46.543549,0
                25.649704,46.546018,0
                25.652814,46.550413,0
                25.656319,46.555182,0
                25.659927,46.560205,0
                25.663829,46.565542,0
                25.667602,46.570758,0
                25.672708,46.577176,0
                25.676956,46.582492,0
                25.680261,46.586565,0
                25.683393,46.590453,0
                25.688276,46.596313,0
                25.692049,46.600864,0
                25.696217,46.605519,0
                25.700891,46.610782,0
                25.707136,46.617944,0
                25.711964,46.623826,0
                25.716381,46.629212,0
                25.720151,46.633875,0
                25.722906,46.637418,0
                25.726568,46.642269,0
                25.7274,46.643211,0
                25.732398,46.648956,0
                25.735621,46.652781,0
                25.738525,46.656037,0
                25.741069,46.659008,0
                25.744574,46.662702,0
                25.747054,46.665301,0
                25.751855,46.670307,0
                25.75371,46.672227,0
                25.756237,46.674841,0
                25.758654,46.677428,0
                25.761876,46.680409,0
                25.764437,46.682827,0
                25.769471,46.687623,0
                25.771163,46.689159,0
                25.774608,46.692399,0
                25.776772,46.694461,0
                25.778355,46.695943,0
                25.780264,46.69776,0
                25.783504,46.700783,0
                25.784587,46.701852,0
                25.787343,46.704457,0
                25.789429,46.706388,0
                25.790882,46.707796,0
                25.794593,46.711564,0
                25.795698,46.712665,0
                25.796445,46.71343,0
                25.799966,46.716953,0
                25.801142,46.718154,0
                25.802024,46.718944,0
                25.804279,46.721039,0
                25.806102,46.722684,0
                25.807543,46.723993,0
                25.809779,46.726062,0
                25.812819,46.72886,0
                25.816416,46.73224,0
                25.817829,46.733551,0
                25.821822,46.73735,0
                25.82317,46.738649,0
                25.825692,46.741075,0
                25.8288,46.743985,0
                25.832679,46.747095,0
                25.837773,46.75108,0
                25.842259,46.754411,0
                25.84515,46.756111,0
                25.848952,46.758348,0
                25.85222,46.760226,0
                25.854289,46.761422,0
                25.858533,46.763956,0
                25.862492,46.766303,0
                25.866002,46.768452,0
                25.870336,46.771032,0
                25.875632,46.774279,0
                25.881739,46.777913,0
                25.8863,46.780537,0
                25.892302,46.783963,0
                25.896849,46.78666,0
                25.902566,46.790194,0
                25.907763,46.793461,0
                25.912574,46.796479,0
                25.918535,46.800324,0
                25.924042,46.804211,0
                25.926622,46.806046,0
                25.93224,46.810024,0
                25.935488,46.812315,0
                25.939523,46.815148,0
                25.944767,46.818922,0
                25.950502,46.823111,0
                25.961866,46.831415,0
                25.966691,46.834902,0
                25.971521,46.838411,0
                25.974556,46.840575,0
                25.976476,46.842022,0
                25.98353,46.847121,0
                25.991029,46.852593,0
                25.994805,46.855325,0
                25.999628,46.858939,0
                26.007783,46.865116,0
                26.015917,46.871251,0
                26.029663,46.881718,0
                26.037119,46.887655,0
                26.050135,46.898028,0
                26.054312,46.901985,0
                26.061357,46.90872,0
                26.066246,46.915478,0
                26.071217,46.922354,0
                26.07747,46.931226,0
                26.084403,46.941293,0
                26.087335,46.946946,0
                26.09191,46.955933,0
                26.095642,46.96314,0
                26.097315,46.966635,0
                26.100911,46.974235,0
                26.103753,46.980235,0
                26.104938,46.983182,0
                26.108232,46.991275,0
                26.109704,46.996363,0
                26.112197,47.005128,0
                26.114494,47.015852,0
                26.116299,47.025018,0
                26.11779,47.034849,0
                26.11862,47.044649,0
                26.119467,47.053928,0
                26.119449,47.063542,0
                26.119455,47.070949,0
                26.1192,47.078284,0
                26.118883,47.085603,0
                26.118488,47.093041,0
                26.118071,47.099652,0
                26.117684,47.10597,0
                26.116458,47.112064,0
                26.114608,47.121132,0
                26.112897,47.12653,0
                26.111025,47.132314,0
                26.110669,47.133546,0
                26.107925,47.142496,0
                26.105812,47.149225,0
                26.103985,47.154865,0
                26.102721,47.158987,0
                26.102261,47.160564,0
                26.100394,47.165609,0
                26.098847,47.169724,0
                26.09756,47.173147,0
                26.09437,47.179819,0
                26.093616,47.181444,0
                26.092613,47.183454,0
                26.091326,47.185953,0
                26.089586,47.188872,0
                26.087794,47.192027,0
                26.085958,47.195214,0
                26.082949,47.199938,0
                26.079626,47.205082,0
                26.075261,47.211809,0
                26.069242,47.219422,0
                26.062374,47.22847,0
                26.056628,47.235105,0
                26.052226,47.240176,0
                26.039441,47.25254,0
                26.03016,47.260334,0
                26.023068,47.266266,0
                26.015274,47.271863,0
                26.008762,47.276506,0
                25.99982,47.281564,0
                25.996129,47.283577,0
                25.990309,47.286856,0
                25.985445,47.289036,0
                25.976562,47.293136,0
                25.966391,47.297646,0
                25.957638,47.301345,0
                25.947976,47.30557,0
                25.940059,47.309182,0
                25.931697,47.312968,0
                25.925309,47.315717,0
                25.917793,47.318958,0
                25.911349,47.321761,0
                25.907119,47.323577,0
                25.894012,47.32937,0
                25.879601,47.335768,0
                25.863804,47.342875,0
                25.848112,47.349574,0
                25.835468,47.354902,0
                25.824317,47.359744,0
                25.810774,47.36556,0
                25.799876,47.369681,0
                25.79049,47.373228,0
                25.779674,47.377064,0
                25.765162,47.382401,0
                25.756058,47.385863,0
                25.748526,47.388666,0
                25.736505,47.392854,0
                25.724163,47.397015,0
                25.711625,47.401017,0
                25.698832,47.405243,0
                25.689452,47.408382,0
                25.67933,47.411796,0
                25.672818,47.413944,0
                25.667651,47.4155,0
                25.65931,47.418014,0
                25.64869,47.421184,0
                25.633745,47.425113,0
                25.625776,47.427206,0
                25.618196,47.429196,0
                25.614656,47.43028,0
                25.601531,47.434222,0
                25.588479,47.438131,0
                25.575833,47.441872,0
                25.561204,47.446047,0
                25.551791,47.448764,0
                25.53802,47.45282,0
                25.527915,47.455763,0
                25.514354,47.459519,0
                25.501497,47.463099,0
                25.488219,47.466688,0
                25.473663,47.470593,0
                25.456464,47.47518,0
                25.446192,47.477968,0
                25.437213,47.480444,0
                25.427595,47.483081,0
                25.41768,47.48577,0
                25.407906,47.488411,0
                25.403823,47.489374,0
                25.394948,47.491541,0
                25.382444,47.494541,0
                25.369255,47.497788,0
                25.35655,47.501003,0
                25.344944,47.503975,0
                25.333402,47.506787,0
                25.321975,47.509492,0
                25.313002,47.511596,0
                25.302996,47.513768,0
                25.293229,47.515934,0
                25.282467,47.518244,0
                25.272137,47.520333,0
                25.262116,47.522348,0
                25.250348,47.524853,0
                25.24116,47.52681,0
                25.231041,47.529026,0
                25.215697,47.531869,0
                25.205715,47.533737,0
                25.196795,47.535867,0
                25.188552,47.537862,0
                25.186262,47.538386,0
                25.1771,47.54062,0
                25.164994,47.544304,0
                25.15517,47.547281,0
                25.1433,47.55079,0
                25.132081,47.55415,0
                25.126086,47.556067,0
                25.117581,47.558799,0
                25.113863,47.559844,0
                25.104066,47.562645,0
                25.093748,47.56559,0
                25.083098,47.568377,0
                25.073251,47.570883,0
                25.065517,47.573439,0
                25.058323,47.575814,0
                25.051664,47.577997,0
                25.047201,47.579314,0
                25.037025,47.582292,0
                25.026347,47.585526,0
                25.015997,47.588767,0
                25.007668,47.591348,0
                24.999258,47.593999,0
                24.994978,47.595323,0
                24.992025,47.596261,0
                24.977685,47.600386,0
                24.965472,47.603912,0
                24.955183,47.606939,0
                24.946943,47.609438,0
                24.937667,47.612223,0
                24.929204,47.614559,0
                24.922324,47.616487,0
                24.912887,47.619108,0
                24.905104,47.621286,0
                24.898447,47.623222,0
                24.890918,47.625433,0
                24.88601,47.626893,0
                24.877631,47.62932,0
                24.870386,47.631394,0
                24.862719,47.633588,0
                24.856772,47.635275,0
                24.852483,47.636558,0
                24.846584,47.638495,0
                24.842044,47.640008,0
                24.83426,47.642612,0
                24.831869,47.643431,0
                24.825409,47.645591,0
                24.824871,47.645762,0
                24.822638,47.646507,0
                24.818019,47.648036,0
                24.814929,47.649102,0
                24.811934,47.650086,0
                24.805182,47.652322,0
                24.797936,47.654845,0
                24.791756,47.656945,0
                24.785942,47.658964,0
                24.779667,47.661168,0
                24.77394,47.663184,0
                24.769155,47.664865,0
                24.764208,47.666626,0
                24.76211,47.667353,0
                24.757241,47.669043,0
                24.753425,47.670392,0
                24.745136,47.673265,0
                24.73687,47.676073,0
                24.728197,47.679032,0
                24.718542,47.682286,0
                24.713859,47.683559,0
                24.705402,47.685903,0
                24.697605,47.688135,0
                24.694412,47.689096,0
                24.689367,47.690608,0
                24.681879,47.692846,0
                24.67542,47.694794,0
                24.669259,47.696672,0
                24.663485,47.698574,0
                24.658868,47.700098,0
                24.654425,47.701559,0
                24.649892,47.702829,0
                24.643647,47.704567,0
                24.637664,47.706202,0
                24.627837,47.709093,0
                24.617174,47.712385,0
                24.606945,47.715453,0
                24.596914,47.718442,0
                24.588977,47.721,0
                24.580778,47.723617,0
                24.573181,47.725545,0
                24.56345,47.727987,0
                24.553619,47.729481,0
                24.548796,47.730256,0
                24.544097,47.730914,0
                24.540723,47.731302,0
                24.531715,47.732487,0
                24.523741,47.733471,0
                24.520294,47.734267,0
                24.513005,47.735817,0
                24.506975,47.737077,0
                24.50194,47.737769,0
                24.491546,47.739125,0
                24.484459,47.739921,0
                24.47782,47.740576,0
                24.46693,47.741321,0
                24.453232,47.742052,0
                24.433124,47.74313,0
                24.421202,47.743134,0
                24.409318,47.74316,0
                24.393184,47.743248,0
                24.381862,47.743347,0
                24.374467,47.743372,0
                24.364745,47.74344,0
                24.359124,47.743554,0
                24.347559,47.743651,0
                24.341612,47.743678,0
                24.326349,47.743824,0
                24.311608,47.743993,0
                24.297607,47.743896,0
                24.2846,47.743819,0
                24.277276,47.744104,0
                24.256445,47.744916,0
                24.23022,47.744994,0
                24.214187,47.74499,0
                24.193174,47.745168,0
                24.171968,47.744993,0
                24.155762,47.744796,0
                24.146349,47.744663,0
                24.140782,47.744578,0
                24.13189,47.744735,0
                24.123157,47.74481,0
                24.115907,47.744877,0
                24.107836,47.744975,0
                24.102969,47.745024,0
                24.092178,47.744891,0
                24.082214,47.744789,0
                24.070467,47.744501,0
                24.06671,47.74434,0
                24.044405,47.743066,0
                24.036222,47.742323,0
                24.016546,47.740391,0
                24.003669,47.738272,0
                23.989299,47.735146,0
                23.972192,47.731142,0
                23.961373,47.728054,0
                23.946666,47.723729,0
                23.929324,47.717802,0
                23.916872,47.712754,0
                23.906418,47.708172,0
                23.897226,47.703824,0
                23.884222,47.697644,0
                23.876712,47.693925,0
                23.866008,47.688411,0
                23.861718,47.686119,0
                23.851341,47.680758,0
                23.845141,47.677514,0
                23.839033,47.673969,0
                23.828153,47.667715,0
                23.818707,47.662399,0
                23.808088,47.656512,0
                23.798036,47.650986,0
                23.787754,47.645182,0
                23.776761,47.638781,0
                23.770278,47.634978,0
                23.758709,47.628971,0
                23.74473,47.621809,0
                23.730043,47.614249,0
                23.715492,47.606642,0
                23.697566,47.597885,0
                23.684084,47.591364,0
                23.666089,47.583089,0
                23.654237,47.578829,0
                23.637648,47.573571,0
                23.631231,47.571791,0
                23.610682,47.566257,0
                23.598362,47.56334,0
                23.577653,47.558346,0
                23.561059,47.554801,0
                23.543314,47.551367,0
                23.524018,47.547786,0
                23.513995,47.546286,0
                23.505392,47.545517,0
                23.496911,47.545814,0
                23.469666,47.549091,0
                23.451094,47.551658,0
                23.431606,47.554708,0
                23.407714,47.558653,0
                23.389771,47.56287,0
                23.368891,47.569484,0
                23.355373,47.573778,0
                23.340868,47.579499,0
                23.3326,47.582761,0
                23.324855,47.585799,0
                23.306959,47.59313,0
                23.289048,47.600662,0
                23.283532,47.603317,0
                23.270437,47.609835,0
                23.259319,47.61562,0
                23.249809,47.620535,0
                23.241894,47.624631,0
                23.229195,47.630942,0
                23.216329,47.637566,0
                23.206449,47.642863,0
                23.193367,47.649909,0
                23.183231,47.656786,0
                23.178054,47.661443,0
                23.166796,47.671249,0
                23.160614,47.67698,0
                23.152337,47.684748,0
                23.142779,47.693288,0
                23.134851,47.700753,0
                23.125304,47.710101,0
                23.112999,47.721993,0
                23.102118,47.732653,0
                23.09214,47.742212,0
                23.083599,47.750723,0
                23.074035,47.760123,0
                23.057912,47.776997,0
                23.040357,47.795466,0
                23.025638,47.810556,0
                23.012529,47.823338,0
                22.998452,47.837163,0
                22.983458,47.852046,0
                22.974537,47.862205,0
                22.961598,47.876675,0
                22.95188,47.887834,0
                22.943671,47.897469,0
                22.933881,47.909285,0
                22.925505,47.919233,0
                22.916597,47.930466,0
                22.909462,47.939546,0
                22.902841,47.947883,0
                22.89762,47.95428,0
                22.89663,47.954149,0
                22.896157,47.953882,0
                22.896496,47.952951,0
                22.896354,47.952775,0
                22.895552,47.952437,0
                22.894961,47.951902,0
                22.89466,47.951778,0
                22.894353,47.951845,0
                22.893978,47.952361,0
                22.893465,47.952532,0
                22.892964,47.952491,0
                22.891539,47.953215,0
                22.891058,47.953197,0
                22.889017,47.952486,0
                22.887493,47.951724,0
                22.887008,47.951109,0
                22.886672,47.951094,0
                22.885476,47.948858,0
                22.885673,47.948408,0
                22.885861,47.947017,0
                22.885695,47.946118,0
                22.885531,47.945948,0
                22.885043,47.945264,0
                22.885014,47.944674,0
                22.884236,47.944559,0
                22.883771,47.944444,0
                22.883316,47.944264,0
                22.882239,47.943923,0
                22.881726,47.943855,0
                22.881045,47.943788,0
                22.880236,47.94383,0
                22.87273,47.936336,0
                22.872688,47.935734,0
                22.872521,47.934744,0
                22.872527,47.934028,0
                22.872662,47.933688,0
                22.871989,47.933317,0
                22.872532,47.932319,0
                22.870578,47.931678,0
                22.869978,47.931196,0
                22.869219,47.930784,0
                22.868921,47.930621,0
                22.867847,47.92968,0
                22.867415,47.929185,0
                22.866466,47.928975,0
                22.866481,47.925883,0
                22.86632,47.925336,0
                22.865524,47.924687,0
                22.863764,47.923073,0
                22.863211,47.922203,0
                22.861578,47.921384,0
                22.861125,47.92107,0
                22.858954,47.920753,0
                22.858134,47.920388,0
                22.857892,47.920213,0
                22.857818,47.920067,0
                22.857844,47.919751,0
                22.857134,47.918974,0
                22.856611,47.917573,0
                22.856751,47.91718,0
                22.856847,47.916976,0
                22.856944,47.916606,0
                22.856648,47.916565,0
                22.852696,47.91351,0
                22.852281,47.912323,0
                22.851987,47.912283,0
                22.851551,47.911898,0
                22.850625,47.910782,0
                22.850246,47.910825,0
                22.849811,47.910472,0
                22.848932,47.909986,0
                22.848205,47.909415,0
                22.847666,47.908987,0
                22.847413,47.908543,0
                22.847011,47.908064,0
                22.843739,47.9086,0
                22.842132,47.90835,0
                22.840562,47.907673,0
                22.833096,47.908386,0
                22.832601,47.909311,0
                22.829968,47.908553,0
                22.826672,47.907875,0
                22.825745,47.907693,0
                22.824765,47.90722,0
                22.824304,47.907093,0
                22.824085,47.906854,0
                22.823716,47.906623,0
                22.8234,47.906346,0
                22.822607,47.905521,0
                22.822216,47.905263,0
                22.82185,47.9049,0
                22.821426,47.904523,0
                22.82096,47.904285,0
                22.820509,47.904216,0
                22.820331,47.90425,0
                22.819794,47.904111,0
                22.819582,47.903985,0
                22.818411,47.903788,0
                22.817281,47.90334,0
                22.816618,47.902813,0
                22.815954,47.902119,0
                22.815349,47.901448,0
                22.815253,47.901276,0
                22.815013,47.901013,0
                22.814947,47.90078,0
                22.814734,47.90061,0
                22.814404,47.900363,0
                22.813881,47.900255,0
                22.813287,47.900218,0
                22.81223,47.900141,0
                22.810362,47.899513,0
                22.810125,47.899283,0
                22.809568,47.899029,0
                22.808206,47.898715,0
                22.807104,47.898432,0
                22.806226,47.898293,0
                22.805973,47.898187,0
                22.805808,47.897816,0
                22.805253,47.897097,0
                22.804424,47.896861,0
                22.804604,47.896616,0
                22.80424,47.896498,0
                22.80371,47.896383,0
                22.801829,47.896192,0
                22.799466,47.895226,0
                22.797804,47.894356,0
                22.796027,47.893244,0
                22.795929,47.893326,0
                22.794735,47.892546,0
                22.792988,47.890957,0
                22.79079,47.891785,0
                22.790213,47.892291,0
                22.783223,47.893806,0
                22.782262,47.893402,0
                22.780614,47.893017,0
                22.778988,47.892682,0
                22.778688,47.892606,0
                22.770793,47.892948,0
                22.770518,47.892854,0
                22.769775,47.892753,0
                22.769184,47.892801,0
                22.768763,47.893162,0
                22.767874,47.893202,0
                22.767644,47.8941,0
                22.766745,47.894712,0
                22.766177,47.89482,0
                22.765471,47.894615,0
                22.765092,47.894458,0
                22.765222,47.894007,0
                22.765176,47.893641,0
                22.765031,47.893427,0
                22.764728,47.893195,0
                22.764579,47.892991,0
                22.764412,47.893038,0
                22.763927,47.893061,0
                22.763612,47.893027,0
                22.76337,47.892729,0
                22.762993,47.89297,0
                22.761897,47.893404,0
                22.761885,47.893854,0
                22.761764,47.894162,0
                22.761227,47.89445,0
                22.760416,47.894799,0
                22.75818,47.89344,0
                22.758508,47.892676,0
                22.758126,47.892167,0
                22.757574,47.891893,0
                22.757294,47.890974,0
                22.756868,47.890343,0
                22.75796,47.889225,0
                22.758536,47.888449,0
                22.759358,47.887855,0
                22.759671,47.8873,0
                22.7595,47.887237,0
                22.758715,47.886591,0
                22.758672,47.886407,0
                22.758287,47.885988,0
                22.76817,47.878865,0
                22.768479,47.878588,0
                22.764942,47.872219,0
                22.762099,47.866993,0
                22.762631,47.866199,0
                22.76358,47.86506,0
                22.766192,47.864115,0
                22.770065,47.863622,0
                22.77109,47.864294,0
                22.772425,47.863355,0
                22.773024,47.863079,0
                22.773216,47.860629,0
                22.772704,47.859793,0
                22.772629,47.859481,0
                22.773467,47.859029,0
                22.774929,47.858766,0
                22.774521,47.856057,0
                22.7752,47.855846,0
                22.775138,47.855134,0
                22.777006,47.853085,0
                22.77748,47.852062,0
                22.777501,47.851305,0
                22.777564,47.85032,0
                22.777615,47.848748,0
                22.777395,47.847889,0
                22.776442,47.846239,0
                22.776938,47.842665,0
                22.775078,47.842588,0
                22.774414,47.842827,0
                22.774172,47.842818,0
                22.771766,47.842347,0
                22.76982,47.84196,0
                22.769192,47.841925,0
                22.768529,47.841939,0
                22.766169,47.841905,0
                22.766003,47.841787,0
                22.766032,47.841428,0
                22.766074,47.841237,0
                22.765868,47.841178,0
                22.765565,47.840992,0
                22.761717,47.839452,0
                22.761593,47.838555,0
                22.758446,47.836254,0
                22.757618,47.836107,0
                22.757416,47.836038,0
                22.757179,47.835852,0
                22.756908,47.835749,0
                22.756714,47.835659,0
                22.756651,47.83557,0
                22.756608,47.835308,0
                22.756311,47.834903,0
                22.755969,47.834775,0
                22.75526,47.834741,0
                22.754818,47.834983,0
                22.754479,47.835133,0
                22.754112,47.83519,0
                22.752817,47.834936,0
                22.752578,47.834749,0
                22.752482,47.834577,0
                22.751909,47.834287,0
                22.751479,47.834299,0
                22.751198,47.834304,0
                22.750537,47.834363,0
                22.749861,47.834279,0
                22.748386,47.834387,0
                22.748075,47.834342,0
                22.747669,47.834324,0
                22.747506,47.834362,0
                22.747357,47.834446,0
                22.746505,47.834603,0
                22.745696,47.834569,0
                22.745358,47.834508,0
                22.744861,47.834474,0
                22.744683,47.834553,0
                22.744383,47.834732,0
                22.744083,47.834834,0
                22.743069,47.834958,0
                22.742701,47.835059,0
                22.742573,47.835257,0
                22.742338,47.835392,0
                22.741553,47.835371,0
                22.741111,47.835414,0
                22.74063,47.835517,0
                22.740441,47.835417,0
                22.740245,47.835128,0
                22.739856,47.83487,0
                22.739055,47.834755,0
                22.738784,47.834773,0
                22.738578,47.834835,0
                22.73827,47.835067,0
                22.738088,47.835112,0
                22.737324,47.835053,0
                22.736697,47.835107,0
                22.735306,47.836156,0
                22.735018,47.836259,0
                22.734555,47.836353,0
                22.733884,47.836056,0
                22.733534,47.835905,0
                22.733044,47.835938,0
                22.732712,47.835989,0
                22.732273,47.835976,0
                22.731496,47.835713,0
                22.731301,47.835667,0
                22.731048,47.83581,0
                22.72983,47.836177,0
                22.728982,47.836367,0
                22.728793,47.8365,0
                22.728833,47.837183,0
                22.728755,47.837379,0
                22.728366,47.837608,0
                22.727442,47.837818,0
                22.727254,47.837917,0
                22.726664,47.837911,0
                22.723664,47.838308,0
                22.722768,47.838324,0
                22.719759,47.838124,0
                22.715701,47.837068,0
                22.711414,47.834864,0
                22.710885,47.83446,0
                22.71093,47.83418,0
                22.711056,47.833947,0
                22.711154,47.833744,0
                22.710969,47.833711,0
                22.711056,47.833206,0
                22.709666,47.827856,0
                22.709401,47.823895,0
                22.705715,47.823554,0
                22.703867,47.820422,0
                22.701494,47.819997,0
                22.699631,47.818237,0
                22.701429,47.814989,0
                22.699177,47.812411,0
                22.695221,47.808385,0
                22.694657,47.807516,0
                22.693189,47.804761,0
                22.692227,47.803023,0
                22.689984,47.79964,0
                22.68833,47.797581,0
                22.687906,47.795612,0
                22.687779,47.7956,0
                22.685501,47.792704,0
                22.684956,47.791639,0
                22.684088,47.791628,0
                22.683574,47.790982,0
                22.682854,47.790455,0
                22.681588,47.790039,0
                22.68128,47.789695,0
                22.681337,47.789595,0
                22.680079,47.787702,0
                22.677579,47.787773,0
                22.673385,47.788094,0
                22.672823,47.78806,0
                22.670771,47.788193,0
                22.670044,47.7875,0
                22.66919,47.786959,0
                22.667979,47.786742,0
                22.66607,47.786893,0
                22.665459,47.785865,0
                22.664645,47.785097,0
                22.664119,47.784392,0
                22.66364,47.78353,0
                22.661433,47.782461,0
                22.661374,47.782362,0
                22.659948,47.781894,0
                22.659377,47.781798,0
                22.657614,47.781393,0
                22.656389,47.78118,0
                22.653309,47.780494,0
                22.651371,47.780184,0
                22.649483,47.779739,0
                22.646676,47.779046,0
                22.645937,47.778974,0
                22.645104,47.778991,0
                22.639395,47.77982,0
                22.638675,47.780222,0
                22.637801,47.780596,0
                22.636764,47.780685,0
                22.635176,47.780031,0
                22.63388,47.780074,0
                22.629734,47.778437,0
                22.629642,47.777444,0
                22.62811,47.777355,0
                22.628145,47.776818,0
                22.628071,47.776383,0
                22.627754,47.776316,0
                22.627246,47.776147,0
                22.626878,47.776081,0
                22.62623,47.776141,0
                22.624838,47.776543,0
                22.622739,47.776683,0
                22.620334,47.777039,0
                22.617367,47.777512,0
                22.616722,47.777513,0
                22.615487,47.777268,0
                22.615012,47.776971,0
                22.614806,47.776335,0
                22.614329,47.775446,0
                22.613995,47.77504,0
                22.613571,47.774697,0
                22.613391,47.77461,0
                22.612997,47.774484,0
                22.612432,47.773794,0
                22.61239,47.773556,0
                22.612138,47.773277,0
                22.611626,47.772862,0
                22.61153,47.771987,0
                22.581561,47.772386,0
                22.564908,47.772573,0
                22.549578,47.772606,0
                22.539847,47.782,0
                22.488415,47.805865,0
                22.481437,47.810902,0
                22.474171,47.808317,0
                22.467035,47.80523,0
                22.466912,47.805085,0
                22.447923,47.803083,0
                22.440851,47.791851,0
                22.437105,47.777733,0
                22.435161,47.770436,0
                22.434769,47.77022,0
                22.434757,47.769962,0
                22.43489,47.769919,0
                22.433798,47.766559,0
                22.432704,47.763872,0
                22.432614,47.761964,0
                22.427143,47.754488,0
                22.427173,47.754004,0
                22.427077,47.753588,0
                22.42599,47.750601,0
                22.425942,47.750026,0
                22.42803,47.749657,0
                22.427156,47.746881,0
                22.428076,47.746081,0
                22.429281,47.745688,0
                22.429892,47.745195,0
                22.430015,47.744842,0
                22.43037,47.743106,0
                22.430314,47.742629,0
                22.43041,47.74109,0
                22.430267,47.740952,0
                22.427028,47.741121,0
                22.424715,47.74149,0
                22.411489,47.742399,0
                22.41065,47.745267,0
                22.41044,47.746642,0
                22.407362,47.746721,0
                22.404729,47.746585,0
                22.402728,47.746729,0
                22.399952,47.747177,0
                22.39879,47.747509,0
                22.396394,47.74771,0
                22.396054,47.747613,0
                22.395717,47.747428,0
                22.394128,47.747533,0
                22.392682,47.746667,0
                22.391422,47.746433,0
                22.390612,47.746151,0
                22.389999,47.745872,0
                22.389028,47.745393,0
                22.387474,47.745189,0
                22.383192,47.745747,0
                22.380047,47.746825,0
                22.379049,47.747008,0
                22.377354,47.746939,0
                22.374283,47.746704,0
                22.368765,47.747245,0
                22.366298,47.747882,0
                22.362935,47.748506,0
                22.360077,47.749004,0
                22.358591,47.749061,0
                22.358499,47.749165,0
                22.35756,47.749148,0
                22.357233,47.748989,0
                22.356784,47.748973,0
                22.356711,47.749069,0
                22.352382,47.750681,0
                22.350871,47.750767,0
                22.349369,47.75157,0
                22.34638,47.752894,0
                22.346076,47.753324,0
                22.346028,47.753843,0
                22.345442,47.754924,0
                22.344725,47.755333,0
                22.343854,47.755637,0
                22.340892,47.757059,0
                22.340247,47.758113,0
                22.339888,47.758937,0
                22.339707,47.758893,0
                22.333062,47.763686,0
                22.330356,47.765065,0
                22.324232,47.766755,0
                22.317298,47.765919,0
                22.31914,47.761604,0
                22.319652,47.759759,0
                22.319827,47.758496,0
                22.320916,47.754953,0
                22.320368,47.752113,0
                22.318728,47.747067,0
                22.317545,47.743411,0
                22.317536,47.743234,0
                22.315803,47.743071,0
                22.311756,47.742139,0
                22.311253,47.742316,0
                22.309299,47.741944,0
                22.308302,47.741674,0
                22.307239,47.741459,0
                22.306189,47.74134,0
                22.306112,47.740715,0
                22.304666,47.738777,0
                22.304243,47.73847,0
                22.303698,47.737858,0
                22.303358,47.737084,0
                22.302085,47.736865,0
                22.300755,47.736924,0
                22.298967,47.737139,0
                22.297236,47.735497,0
                22.296153,47.735879,0
                22.285443,47.729337,0
                22.264661,47.731137,0
                22.259359,47.717353,0
                22.262327,47.716682,0
                22.262339,47.71524,0
                22.262017,47.714454,0
                22.262349,47.713721,0
                22.261964,47.712316,0
                22.261964,47.712,0
                22.261807,47.711395,0
                22.261781,47.710707,0
                22.259063,47.69815,0
                22.2589,47.697955,0
                22.257612,47.698002,0
                22.25627,47.697876,0
                22.256229,47.697337,0
                22.255904,47.696519,0
                22.255426,47.69585,0
                22.253957,47.694894,0
                22.241792,47.695181,0
                22.237728,47.694743,0
                22.23113,47.693319,0
                22.226013,47.687993,0
                22.222909,47.682602,0
                22.225237,47.68066,0
                22.223262,47.675238,0
                22.222441,47.672994,0
                22.223262,47.668357,0
                22.220131,47.663715,0
                22.220929,47.662859,0
                22.222153,47.662146,0
                22.221627,47.661545,0
                22.221599,47.661377,0
                22.220798,47.660469,0
                22.219346,47.659975,0
                22.218244,47.658885,0
                22.216401,47.658381,0
                22.214976,47.656855,0
                22.214085,47.656185,0
                22.213288,47.655388,0
                22.211683,47.653962,0
                22.210593,47.654166,0
                22.203374,47.654844,0
                22.199201,47.636266,0
                22.19699,47.634826,0
                22.195385,47.632251,0
                22.195159,47.6314,0
                22.194775,47.630865,0
                22.193372,47.626907,0
                22.192921,47.624201,0
                22.192667,47.62163,0
                22.189959,47.61487,0
                22.190239,47.613649,0
                22.190025,47.613139,0
                22.189915,47.612648,0
                22.190011,47.61216,0
                22.189973,47.611776,0
                22.189701,47.611439,0
                22.189462,47.610893,0
                22.189314,47.610698,0
                22.188989,47.610396,0
                22.188709,47.610287,0
                22.188361,47.609898,0
                22.188577,47.609619,0
                22.188385,47.609378,0
                22.187955,47.609108,0
                22.185613,47.608072,0
                22.185276,47.60735,0
                22.183821,47.606677,0
                22.1829,47.606311,0
                22.180591,47.599206,0
                22.178389,47.599238,0
                22.177696,47.59783,0
                22.177316,47.597222,0
                22.176856,47.595713,0
                22.17665,47.594367,0
                22.175131,47.594219,0
                22.174881,47.594042,0
                22.174939,47.593833,0
                22.174739,47.593709,0
                22.174321,47.593215,0
                22.174169,47.593161,0
                22.17395,47.592809,0
                22.173503,47.592384,0
                22.173006,47.592674,0
                22.172573,47.592492,0
                22.171593,47.591832,0
                22.170719,47.591645,0
                22.170328,47.591725,0
                22.169396,47.591742,0
                22.167955,47.592222,0
                22.166244,47.59249,0
                22.164553,47.592463,0
                22.163965,47.592366,0
                22.160373,47.592316,0
                22.159614,47.592476,0
                22.156327,47.593519,0
                22.154355,47.59352,0
                22.152604,47.593647,0
                22.149453,47.593991,0
                22.146155,47.594585,0
                22.145395,47.594904,0
                22.144784,47.595329,0
                22.142077,47.596515,0
                22.13938,47.598023,0
                22.135633,47.597829,0
                22.134862,47.597956,0
                22.132295,47.598083,0
                22.130564,47.598122,0
                22.128321,47.59803,0
                22.12804,47.597991,0
                22.129069,47.597193,0
                22.129715,47.595065,0
                22.129721,47.594335,0
                22.128689,47.592244,0
                22.128535,47.591457,0
                22.129114,47.590075,0
                22.129221,47.589346,0
                22.129078,47.588977,0
                22.128727,47.588621,0
                22.128118,47.588224,0
                22.126974,47.58784,0
                22.125855,47.587703,0
                22.125581,47.587702,0
                22.12501,47.5874,0
                22.124529,47.586881,0
                22.124338,47.58653,0
                22.121857,47.584123,0
                22.121547,47.583389,0
                22.121393,47.582027,0
                22.118977,47.578891,0
                22.118719,47.578905,0
                22.118159,47.578687,0
                22.117588,47.57812,0
                22.116059,47.577506,0
                22.115453,47.577146,0
                22.115141,47.576529,0
                22.115237,47.576037,0
                22.11499,47.575736,0
                22.114619,47.575291,0
                22.112908,47.574705,0
                22.112079,47.574852,0
                22.111899,47.574777,0
                22.111456,47.574983,0
                22.110503,47.574842,0
                22.109704,47.574542,0
                22.108545,47.573827,0
                22.108118,47.573469,0
                22.106489,47.573335,0
                22.105106,47.572764,0
                22.103632,47.571263,0
                22.103596,47.570841,0
                22.103331,47.570311,0
                22.102914,47.569061,0
                22.102708,47.568191,0
                22.102701,47.567701,0
                22.102371,47.56689,0
                22.101929,47.566253,0
                22.101479,47.565861,0
                22.10072,47.564547,0
                22.098362,47.5619,0
                22.097007,47.560774,0
                22.095307,47.559615,0
                22.09368,47.558133,0
                22.090684,47.557405,0
                22.0903,47.557957,0
                22.089373,47.558968,0
                22.089265,47.559717,0
                22.088144,47.560066,0
                22.08679,47.56105,0
                22.085792,47.560913,0
                22.08548,47.560996,0
                22.082664,47.561291,0
                22.079224,47.562238,0
                22.074907,47.560717,0
                22.074366,47.560783,0
                22.074052,47.559852,0
                22.073575,47.558811,0
                22.072456,47.557672,0
                22.071245,47.556954,0
                22.070561,47.556628,0
                22.070176,47.556533,0
                22.068263,47.555763,0
                22.067545,47.555735,0
                22.067588,47.555228,0
                22.066196,47.554577,0
                22.06452,47.554318,0
                22.063216,47.553914,0
                22.058008,47.550914,0
                22.057891,47.550511,0
                22.057242,47.549836,0
                22.055294,47.548496,0
                22.054612,47.546937,0
                22.062183,47.543051,0
                22.062118,47.542717,0
                22.071376,47.537978,0
                22.061519,47.52897,0
                22.045451,47.539723,0
                22.044009,47.538587,0
                22.043276,47.536996,0
                22.041629,47.535314,0
                22.039623,47.532876,0
                22.03886,47.532458,0
                22.038809,47.531954,0
                22.037778,47.531164,0
                22.037548,47.531089,0
                22.036108,47.52952,0
                22.03584,47.529148,0
                22.031612,47.526138,0
                22.030728,47.525073,0
                22.030637,47.524809,0
                22.029721,47.52394,0
                22.029082,47.523736,0
                22.028607,47.523129,0
                22.026925,47.522095,0
                22.026194,47.521054,0
                22.025697,47.520679,0
                22.024124,47.519934,0
                22.023677,47.519172,0
                22.023194,47.518148,0
                22.02007,47.51367,0
                22.018707,47.511557,0
                22.017621,47.50843,0
                22.017237,47.506765,0
                22.016256,47.504939,0
                22.013543,47.502423,0
                22.012756,47.501468,0
                22.012198,47.499916,0
                22.01236,47.498627,0
                22.012212,47.497134,0
                22.010975,47.491685,0
                22.010865,47.490681,0
                22.010444,47.489605,0
                22.008234,47.485972,0
                22.007134,47.483289,0
                22.007668,47.4793,0
                22.007672,47.476743,0
                22.007423,47.4758,0
                22.008977,47.47403,0
                22.010243,47.47299,0
                22.011367,47.472035,0
                22.012765,47.470643,0
                22.012766,47.469923,0
                22.013079,47.469207,0
                22.013602,47.468513,0
                22.013168,47.467605,0
                22.013349,47.466973,0
                22.013941,47.465483,0
                22.014643,47.464862,0
                22.017222,47.460667,0
                22.02922,47.46078,0
                22.04269,47.460977,0
                22.052237,47.461295,0
                22.058828,47.461508,0
                22.062274,47.461534,0
                22.075003,47.461674,0
                22.081735,47.461794,0
                22.098351,47.462029,0
                22.113407,47.462153,0
                22.128636,47.462183,0
                22.142724,47.462209,0
                22.158488,47.46161,0
                22.171967,47.461062,0
                22.19037,47.459137,0
                22.210167,47.455364,0
                22.226246,47.452248,0
                22.243011,47.448231,0
                22.257346,47.443534,0
                22.276942,47.438385,0
                22.297934,47.431495,0
                22.317493,47.42518,0
                22.326911,47.422336,0
                22.343621,47.41721,0
                22.36247,47.410881,0
                22.382005,47.404187,0
                22.3987,47.398449,0
                22.417772,47.392136,0
                22.428051,47.388832,0
                22.44455,47.381524,0
                22.451978,47.378247,0
                22.468573,47.370479,0
                22.490659,47.357202,0
                22.500355,47.351532,0
                22.507969,47.347007,0
                22.518414,47.339409,0
                22.524046,47.335257,0
                22.535689,47.324695,0
                22.542072,47.318969,0
                22.554723,47.306148,0
                22.568467,47.292528,0
                22.58108,47.281018,0
                22.587965,47.274874,0
                22.598707,47.265541,0
                22.602129,47.262592,0
                22.609377,47.255232,0
                22.618717,47.245877,0
                22.62726,47.23687,0
                22.631421,47.23257,0
                22.635795,47.227591,0
                22.642732,47.219868,0
                22.648911,47.212972,0
                22.656336,47.205163,0
                22.66042,47.200724,0
                22.673261,47.189194,0
                22.682887,47.182213,0
                22.688104,47.178467,0
                22.699431,47.17114,0
                22.711791,47.16314,0
                22.722901,47.15612,0
                22.732063,47.150056,0
                22.740817,47.144066,0
                22.744462,47.141516,0
                22.751535,47.136479,0
                22.758344,47.131506,0
                22.766992,47.125443,0
                22.775064,47.119819,0
                22.779801,47.116735,0
                22.790335,47.10999,0
                22.801416,47.102997,0
                22.810961,47.097069,0
                22.812468,47.096115,0
                22.821032,47.090288,0
                22.830627,47.083805,0
                22.836022,47.080109,0
                22.847567,47.07332,0
                22.855858,47.068413,0
                22.866613,47.06197,0
                22.873188,47.057999,0
                22.883505,47.052167,0
                22.893239,47.046591,0
                22.898602,47.043816,0
                22.907796,47.039145,0
                22.919707,47.033153,0
                22.930679,47.027704,0
                22.938754,47.02427,0
                22.943035,47.022534,0
                22.956313,47.017666,0
                22.968855,47.013156,0
                22.986142,47.007127,0
                23.003419,47.002704,0
                23.016868,46.999256,0
                23.037725,46.996135,0
                23.043679,46.995265,0
                23.059016,46.993487,0
                23.067792,46.992519,0
                23.090366,46.991659,0
                23.116961,46.990574,0
                23.132617,46.991075,0
                23.137221,46.991416,0
                23.151994,46.992418,0
                23.159461,46.992995,0
                23.176354,46.99413,0
                23.184065,46.994674,0
                23.209299,46.996857,0
                23.219965,46.998332,0
                23.234559,47.000534,0
                23.252021,47.003388,0
                23.260736,47.004728,0
                23.273519,47.006625,0
                23.280176,47.007703,0
                23.288396,47.008817,0
                23.294873,47.009676,0
                23.302519,47.010768,0
                23.311105,47.011888,0
                23.317192,47.012719,0
                23.326115,47.013925,0
                23.332707,47.014562,0
                23.338417,47.015131,0
                23.344586,47.015772,0
                23.353689,47.0165,0
                23.363261,47.017189,0
                23.369139,47.017657,0
                23.377443,47.017667,0
                23.385525,47.017604,0
                23.394227,47.01761,0
                23.408807,47.017131,0
                23.417873,47.01682,0
                23.423898,47.016513,0
                23.440449,47.015588,0
                23.453667,47.014814,0
                23.470505,47.013133,0
                23.480591,47.012066,0
                23.497037,47.010155,0
                23.518944,47.005433,0
                23.53886,46.998009,0
                23.555561,46.989838,0
                23.579442,46.977972,0
                23.597066,46.968983,0
                23.619223,46.957118,0
                23.628323,46.952153,0
                23.642514,46.942378,0
                23.65036,46.936989,0
                23.664397,46.926467,0
                23.678292,46.914947,0
                23.684111,46.910149,0
                23.694017,46.900668,0
                23.700185,46.894851,0
                23.709465,46.88528,0
                23.721794,46.870902,0
                23.732089,46.856497,0
                23.737794,46.845605,0
                23.743298,46.828987,0
                23.745591,46.814591,0
                23.746302,46.805048,0
                23.746574,46.798364,0
                23.747023,46.787924,0
                23.747083,46.778797,0
                23.747265,46.770218,0
                23.747299,46.761931,0
                23.747313,46.752219,0
                23.747357,46.748282,0
                23.746916,46.740082,0
                23.746459,46.732913,0
                23.745423,46.723575,0
                23.744657,46.716557,0
                23.741451,46.706431,0
                23.738546,46.697297,0
                23.735135,46.686623,0
                23.73325,46.680849,0
                23.730552,46.673309,0
                23.726156,46.660448,0
                23.72089,46.648449,0
                23.718936,46.64379,0
                23.71436,46.63493,0
                23.710728,46.627854,0
                23.706916,46.62091,0
                23.700569,46.609419,0
                23.695221,46.599964,0
                23.693308,46.596652,0
                23.686617,46.586564,0
                23.678432,46.576814,0
                23.665969,46.563772,0
                23.660412,46.557748,0
                23.654506,46.551164,0
                23.643115,46.539913,0
                23.630945,46.527787,0
                23.627402,46.524164,0
                23.607654,46.509694,0
                23.58328,46.499142,0
                23.563006,46.489982,0
                23.546712,46.482709,0
                23.535681,46.477808,0
                23.52305,46.472122,0
                23.50717,46.464904,0
                23.492099,46.45832,0
                23.4815831,46.4536935,0
              </coordinates>
            </LinearRing>
          </outerBoundaryIs>
          <innerBoundaryIs>
            <LinearRing>
              <tessellate>1</tessellate>
              <coordinates>
                23.481582,46.453693,0
                23.5379364,46.417822,0
                23.4815831,46.4536935,0
                23.481582,46.453693,0
              </coordinates>
            </LinearRing>
          </innerBoundaryIs>
          <innerBoundaryIs>
            <LinearRing>
              <tessellate>1</tessellate>
              <coordinates>
                23.797795,46.251438,0
                23.797237,46.251132,0
                23.792226,46.248222,0
                23.785296,46.243744,0
                23.77626,46.236794,0
                23.76636,46.227701,0
                23.757857,46.217513,0
                23.749308,46.204532,0
                23.747007,46.199973,0
                23.741739,46.190103,0
                23.736976,46.179757,0
                23.733013,46.167746,0
                23.731801,46.161077,0
                23.729783,46.149855,0
                23.729437,46.144255,0
                23.729042,46.138535,0
                23.729059,46.134013,0
                23.729239,46.126086,0
                23.729352,46.122187,0
                23.729753,46.115576,0
                23.731198,46.10595,0
                23.734855,46.095553,0
                23.739832,46.08689,0
                23.746014,46.077772,0
                23.752438,46.066899,0
                23.757204,46.058873,0
                23.760745,46.052541,0
                23.766043,46.042913,0
                23.770615,46.03477,0
                23.771276,46.033218,0
                23.774265,46.027193,0
                23.779208,46.017439,0
                23.782969,46.009584,0
                23.78813,45.998846,0
                23.791731,45.991105,0
                23.794377,45.98497,0
                23.798712,45.974666,0
                23.802434,45.966007,0
                23.805686,45.958412,0
                23.80871,45.950969,0
                23.809664,45.949028,0
                23.813981,45.940056,0
                23.817548,45.932561,0
                23.821848,45.923179,0
                23.826558,45.912961,0
                23.830013,45.90518,0
                23.834484,45.894986,0
                23.837218,45.8873,0
                23.840284,45.879116,0
                23.840775,45.87747,0
                23.84429,45.865344,0
                23.844725,45.863358,0
                23.846572,45.85464,0
                23.848117,45.84801,0
                23.850518,45.836922,0
                23.852558,45.82686,0
                23.854762,45.816046,0
                23.856578,45.807313,0
                23.858206,45.799428,0
                23.86008,45.790275,0
                23.86122,45.78402,0
                23.863091,45.773432,0
                23.864512,45.76533,0
                23.865834,45.757435,0
                23.867043,45.750171,0
                23.868021,45.745198,0
                23.869577,45.737667,0
                23.870701,45.732095,0
                23.871895,45.726538,0
                23.873323,45.720601,0
                23.874318,45.71621,0
                23.874479,45.714685,0
                23.875107,45.708915,0
                23.875815,45.703899,0
                23.876335,45.699905,0
                23.87752,45.69542,0
                23.879238,45.68948,0
                23.880903,45.683352,0
                23.881756,45.680154,0
                23.8827,45.677644,0
                23.884491,45.672728,0
                23.886794,45.666715,0
                23.88895,45.661524,0
                23.891643,45.655389,0
                23.894009,45.649993,0
                23.895017,45.647685,0
                23.897465,45.64199,0
                23.900373,45.635297,0
                23.90205,45.631329,0
                23.904145,45.626541,0
                23.906346,45.621915,0
                23.909936,45.61421,0
                23.911918,45.610128,0
                23.914185,45.60511,0
                23.916448,45.601567,0
                23.919918,45.595975,0
                23.92333,45.590565,0
                23.928488,45.583547,0
                23.931458,45.579571,0
                23.935012,45.574787,0
                23.940858,45.568115,0
                23.945541,45.562826,0
                23.952517,45.556244,0
                23.959119,45.550041,0
                23.961133,45.548207,0
                23.96839,45.541742,0
                23.971567,45.538803,0
                23.975973,45.534964,0
                23.982967,45.528838,0
                23.985643,45.52722,0
                23.995768,45.521065,0
                24.006373,45.517165,0
                24.013731,45.514506,0
                24.025109,45.510645,0
                24.038391,45.506148,0
                24.050143,45.501847,0
                24.059834,45.498307,0
                24.071754,45.494051,0
                24.08229,45.490341,0
                24.103463,45.48503,0
                24.113837,45.482467,0
                24.123175,45.480338,0
                24.137106,45.477127,0
                24.146544,45.475385,0
                24.152271,45.474375,0
                24.160972,45.472753,0
                24.168717,45.471019,0
                24.181227,45.468302,0
                24.186704,45.46753,0
                24.196747,45.466043,0
                24.214624,45.463733,0
                24.22407,45.463508,0
                24.231389,45.463283,0
                24.245015,45.463024,0
                24.260033,45.462842,0
                24.265047,45.462789,0
                24.273027,45.462895,0
                24.289179,45.463425,0
                24.30835,45.46503,0
                24.326709,45.467185,0
                24.346279,45.470785,0
                24.363147,45.47439,0
                24.377114,45.478243,0
                24.38706,45.481018,0
                24.397172,45.484331,0
                24.409143,45.488341,0
                24.43004,45.496278,0
                24.447152,45.504981,0
                24.455605,45.509709,0
                24.462027,45.513259,0
                24.468732,45.517135,0
                24.474437,45.520458,0
                24.481262,45.524455,0
                24.48913,45.529179,0
                24.497802,45.534417,0
                24.505715,45.538669,0
                24.513543,45.542887,0
                24.52327,45.547201,0
                24.533984,45.551968,0
                24.542478,45.555774,0
                24.551243,45.559631,0
                24.558196,45.562746,0
                24.565118,45.565353,0
                24.570557,45.567457,0
                24.576896,45.569855,0
                24.582496,45.572008,0
                24.588781,45.575044,0
                24.596481,45.578778,0
                24.601087,45.581033,0
                24.605864,45.583583,0
                24.611807,45.586718,0
                24.616203,45.589066,0
                24.620328,45.59122,0
                24.623265,45.593131,0
                24.627558,45.595893,0
                24.632147,45.598821,0
                24.635116,45.600726,0
                24.638553,45.603024,0
                24.642141,45.605744,0
                24.644551,45.607536,0
                24.646723,45.609193,0
                24.649155,45.611042,0
                24.650896,45.61235,0
                24.65344,45.614618,0
                24.655969,45.616945,0
                24.661096,45.621496,0
                24.664998,45.625035,0
                24.668276,45.62944,0
                24.670953,45.632965,0
                24.672986,45.635649,0
                24.67466,45.637913,0
                24.676318,45.640077,0
                24.677058,45.641389,0
                24.677993,45.643193,0
                24.679936,45.646858,0
                24.681167,45.64927,0
                24.682044,45.65386,0
                24.682346,45.655369,0
                24.683129,45.659266,0
                24.683965,45.662712,0
                24.685187,45.667906,0
                24.685993,45.671235,0
                24.68693,45.675185,0
                24.687754,45.681998,0
                24.688621,45.689693,0
                24.688728,45.697713,0
                24.688733,45.704185,0
                24.688286,45.71256,0
                24.687564,45.722483,0
                24.686536,45.731553,0
                24.685084,45.742685,0
                24.683244,45.754252,0
                24.681397,45.765662,0
                24.679899,45.775063,0
                24.678328,45.781268,0
                24.674122,45.797661,0
                24.670075,45.807065,0
                24.6689,45.809759,0
                24.66533,45.817698,0
                24.664416,45.819904,0
                24.660271,45.825767,0
                24.656825,45.830613,0
                24.653799,45.834615,0
                24.650326,45.83892,0
                24.641857,45.846675,0
                24.635674,45.85216,0
                24.631574,45.855766,0
                24.627177,45.859489,0
                24.622195,45.863561,0
                24.615877,45.868664,0
                24.611501,45.872047,0
                24.604823,45.877433,0
                24.596508,45.883089,0
                24.58929,45.886912,0
                24.580264,45.891842,0
                24.570649,45.896964,0
                24.55983,45.902687,0
                24.549505,45.907173,0
                24.541399,45.91066,0
                24.534524,45.913285,0
                24.525141,45.916867,0
                24.512519,45.922587,0
                24.497408,45.929287,0
                24.484701,45.935405,0
                24.471467,45.941805,0
                24.454381,45.948168,0
                24.441074,45.952635,0
                24.428465,45.95684,0
                24.415769,45.960648,0
                24.400406,45.965243,0
                24.384538,45.969779,0
                24.373577,45.972706,0
                24.365117,45.975057,0
                24.352928,45.978255,0
                24.346265,45.980371,0
                24.335547,45.983779,0
                24.324292,45.988124,0
                24.313697,45.992204,0
                24.306501,45.995831,0
                24.296423,46.000801,0
                24.284907,46.006867,0
                24.276498,46.011388,0
                24.266699,46.017081,0
                24.263719,46.01897,0
                24.257108,46.023364,0
                24.251797,46.026821,0
                24.248281,46.029039,0
                24.24179,46.03318,0
                24.23235,46.039621,0
                24.222523,46.047803,0
                24.216482,46.054049,0
                24.206675,46.064209,0
                24.198238,46.073114,0
                24.191384,46.08045,0
                24.186989,46.085388,0
                24.177008,46.096495,0
                24.170013,46.104432,0
                24.162664,46.112464,0
                24.159761,46.115655,0
                24.155747,46.120115,0
                24.147009,46.129555,0
                24.137613,46.139483,0
                24.129826,46.146764,0
                24.115433,46.159614,0
                24.104961,46.1687,0
                24.095332,46.176979,0
                24.083147,46.187341,0
                24.071161,46.196493,0
                24.064029,46.201898,0
                24.05737,46.207364,0
                24.043557,46.218577,0
                24.034105,46.225615,0
                24.023821,46.233148,0
                24.017401,46.237589,0
                23.998175,46.250105,0
                23.983935,46.255697,0
                23.95372,46.264387,0
                23.92389,46.269404,0
                23.909412,46.271015,0
                23.892193,46.2719,0
                23.875446,46.270941,0
                23.862723,46.269801,0
                23.845196,46.267417,0
                23.833126,46.265503,0
                23.821414,46.262046,0
                23.809078,46.257389,0
                23.802088,46.253933,0
                23.797802,46.251439,0
                23.5379364,46.417822,0
                23.797795,46.251438,0
              </coordinates>
            </LinearRing>
          </innerBoundaryIs>
        </Polygon>
      </Placemark>
      <Placemark>
        <name>CR 1-1-4/2012</name>
        <description>qb = 0,6 kPa</description>
        <styleUrl>#poly-FFFF00-1000-76</styleUrl>
        <Polygon>
          <outerBoundaryIs>
            <LinearRing>
              <tessellate>1</tessellate>
              <coordinates>
                27.061767,44.147035,0
                27.075504,44.146279,0
                27.082879,44.142705,0
                27.087797,44.141017,0
                27.09826,44.137298,0
                27.111735,44.138501,0
                27.11564,44.139151,0
                27.118288,44.139281,0
                27.130186,44.139339,0
                27.139123,44.138131,0
                27.165665,44.129406,0
                27.169292,44.127815,0
                27.181138,44.120546,0
                27.194213,44.11864,0
                27.211346,44.117097,0
                27.216091,44.116399,0
                27.229959,44.11566,0
                27.239318,44.116202,0
                27.254047,44.121369,0
                27.255116,44.122942,0
                27.264789,44.126463,0
                27.270929,44.126733,0
                27.27753,44.122169,0
                27.276951,44.121389,0
                27.276399,44.1204,0
                27.275711,44.116887,0
                27.276322,44.115428,0
                27.278513,44.113713,0
                27.281088,44.112,0
                27.283928,44.110184,0
                27.284282,44.109583,0
                27.284061,44.108966,0
                27.282515,44.108292,0
                27.279019,44.107687,0
                27.276879,44.106004,0
                27.276266,44.104311,0
                27.276307,44.101954,0
                27.277518,44.097034,0
                27.279285,44.094092,0
                27.283697,44.090481,0
                27.284626,44.090004,0
                27.287273,44.086759,0
                27.289695,44.084335,0
                27.290277,44.08343,0
                27.29016,44.077007,0
                27.291263,44.074839,0
                27.306314,44.070866,0
                27.311277,44.069531,0
                27.330131,44.064933,0
                27.339354,44.06267,0
                27.356281,44.058449,0
                27.370392,44.038414,0
                27.396004,44.014776,0
                27.398198,44.012437,0
                27.434153,44.017315,0
                27.466626,44.022284,0
                27.473564,44.022219,0
                27.51445,44.019206,0
                27.534936,44.017814,0
                27.554732,44.016474,0
                27.579771,44.014639,0
                27.598586,44.013182,0
                27.612111,44.01231,0
                27.643262,44.048176,0
                27.673504,44.029651,0
                27.690794,43.996693,0
                27.709903,43.959424,0
                27.71169,43.958821,0
                27.725604,43.955881,0
                27.729166,43.954668,0
                27.734376,43.95328,0
                27.737266,43.953371,0
                27.740697,43.953837,0
                27.74539,43.955496,0
                27.748269,43.956747,0
                27.750167,43.957129,0
                27.753891,43.958227,0
                27.768575,43.959454,0
                27.789751,43.961431,0
                27.811285,43.963136,0
                27.820802,43.986003,0
                27.825562,43.996071,0
                27.827748,44.000762,0
                27.832964,44.011118,0
                27.835534,44.015642,0
                27.838086,44.02028,0
                27.841187,44.025733,0
                27.845715,44.033534,0
                27.849293,44.039488,0
                27.852596,44.044923,0
                27.857356,44.052786,0
                27.863458,44.063083,0
                27.86834,44.072072,0
                27.873276,44.081218,0
                27.878117,44.090422,0
                27.882582,44.098933,0
                27.886711,44.106387,0
                27.88951,44.111594,0
                27.891702,44.115501,0
                27.893257,44.118862,0
                27.899766,44.132448,0
                27.904564,44.142581,0
                27.909008,44.151834,0
                27.912519,44.159553,0
                27.916169,44.167977,0
                27.920022,44.176625,0
                27.922965,44.183105,0
                27.925803,44.189596,0
                27.928804,44.19637,0
                27.931305,44.2017,0
                27.934655,44.209011,0
                27.937341,44.214817,0
                27.940444,44.221751,0
                27.947494,44.236544,0
                27.950318,44.242503,0
                27.953754,44.249408,0
                27.957819,44.25792,0
                27.959961,44.262584,0
                27.963922,44.268893,0
                27.969353,44.277099,0
                27.972934,44.282989,0
                27.975997,44.288333,0
                27.980377,44.297424,0
                27.983532,44.305483,0
                27.987792,44.316402,0
                27.992324,44.326984,0
                27.996374,44.336291,0
                28.000428,44.34583,0
                28.004987,44.356675,0
                28.007431,44.362338,0
                28.012853,44.372123,0
                28.017562,44.380539,0
                28.023107,44.389751,0
                28.028454,44.398885,0
                28.03414,44.408405,0
                28.03993,44.41815,0
                28.045404,44.427254,0
                28.050721,44.436238,0
                28.055874,44.444902,0
                28.06664,44.462947,0
                28.072003,44.472033,0
                28.077481,44.48109,0
                28.081787,44.488413,0
                28.086202,44.495751,0
                28.090163,44.502465,0
                28.095599,44.511408,0
                28.099954,44.518771,0
                28.104908,44.527265,0
                28.110033,44.535944,0
                28.116035,44.546066,0
                28.120701,44.55396,0
                28.125374,44.562092,0
                28.130064,44.570299,0
                28.134755,44.578468,0
                28.138111,44.584276,0
                28.14275,44.592513,0
                28.147289,44.600252,0
                28.152669,44.609735,0
                28.156796,44.617028,0
                28.161034,44.624263,0
                28.166152,44.633531,0
                28.170187,44.640768,0
                28.176095,44.650997,0
                28.181191,44.659871,0
                28.188678,44.671472,0
                28.195348,44.681766,0
                28.201071,44.691009,0
                28.206523,44.699866,0
                28.212179,44.709655,0
                28.215943,44.716463,0
                28.220848,44.725123,0
                28.225063,44.732873,0
                28.22991,44.741855,0
                28.234441,44.750395,0
                28.238913,44.759202,0
                28.242824,44.768613,0
                28.24769,44.779846,0
                28.251585,44.788929,0
                28.255368,44.797313,0
                28.259344,44.805808,0
                28.262639,44.812771,0
                28.268739,44.823973,0
                28.273634,44.832691,0
                28.279749,44.843286,0
                28.285942,44.854091,0
                28.291479,44.86334,0
                28.297844,44.874673,0
                28.303729,44.885119,0
                28.312891,44.902711,0
                28.31877,44.913104,0
                28.32298,44.920844,0
                28.327975,44.929598,0
                28.333275,44.938666,0
                28.339384,44.948923,0
                28.346397,44.958799,0
                28.350618,44.964634,0
                28.362417,44.977044,0
                28.371784,44.985689,0
                28.376778,44.990193,0
                28.388283,44.998733,0
                28.399494,45.00484,0
                28.411195,45.008922,0
                28.426081,45.012032,0
                28.442319,45.01342,0
                28.458321,45.013277,0
                28.477613,45.012554,0
                28.489173,45.01094,0
                28.500081,45.007522,0
                28.510162,45.00139,0
                28.522285,44.990734,0
                28.526283,44.987149,0
                28.53222,44.981681,0
                28.541513,44.971736,0
                28.550621,44.959573,0
                28.557945,44.946189,0
                28.563286,44.935666,0
                28.571564,44.919015,0
                28.579592,44.902581,0
                28.587064,44.888368,0
                28.593458,44.87614,0
                28.600478,44.863157,0
                28.607956,44.849239,0
                28.614605,44.8371,0
                28.62206,44.824051,0
                28.630218,44.810073,0
                28.635169,44.80104,0
                28.640793,44.790477,0
                28.646586,44.779663,0
                28.651447,44.770436,0
                28.658306,44.756143,0
                28.665671,44.740499,0
                28.673769,44.72203,0
                28.681764,44.702456,0
                28.688306,44.68615,0
                28.694401,44.66916,0
                28.699345,44.653743,0
                28.70392,44.63935,0
                28.708621,44.624006,0
                28.71336,44.60897,0
                28.718504,44.594117,0
                28.724893,44.575929,0
                28.738086,44.540128,0
                28.741842,44.53131,0
                28.747984,44.516452,0
                28.753296,44.503842,0
                28.756375,44.496395,0
                28.76506,44.477948,0
                28.771107,44.465243,0
                28.776432,44.453899,0
                28.781679,44.442655,0
                28.812007,44.468134,0
                28.829456,44.482885,0
                28.848917,44.502538,0
                28.869017,44.524964,0
                28.883782,44.544394,0
                28.901107,44.569305,0
                28.901866,44.569787,0
                28.915612,44.589964,0
                28.930317,44.610705,0
                28.93465,44.6174,0
                28.945336,44.629929,0
                28.960669,44.647945,0
                28.982137,44.669262,0
                28.984032,44.671221,0
                29.002006,44.686837,0
                29.003848,44.687495,0
                29.006551,44.689447,0
                29.006257,44.690987,0
                29.023796,44.706189,0
                29.039065,44.71768,0
                29.061462,44.733752,0
                29.085351,44.748591,0
                29.101184,44.75687,0
                29.10838,44.760049,0
                29.114166,44.76266,0
                29.1246,44.766464,0
                29.138744,44.771064,0
                29.153934,44.77512,0
                29.17182,44.779779,0
                29.190217,44.784131,0
                29.214442,44.790184,0
                29.235288,44.794436,0
                29.256076,44.79813,0
                29.271085,44.799977,0
                29.293802,44.802855,0
                29.320297,44.805907,0
                29.3277,44.806366,0
                29.334773,44.807624,0
                29.350605,44.810082,0
                29.351777,44.809553,0
                29.356135,44.809712,0
                29.364105,44.810222,0
                29.392099,44.812199,0
                29.428543,44.814872,0
                29.461369,44.780315,0
                29.476497,44.772206,0
                29.493794,44.769841,0
                29.505796,44.770435,0
                29.51881,44.774432,0
                29.533318,44.779963,0
                29.547554,44.788173,0
                29.570689,44.80656,0
                29.591467,44.826103,0
                29.607992,44.84503,0
                29.616827,44.860445,0
                29.622433,44.881527,0
                29.636926,44.982121,0
                29.649663,45.068478,0
                29.652479,45.08431,0
                29.656245,45.10062,0
                29.659697,45.110105,0
                29.663894,45.117334,0
                29.667593,45.12492,0
                29.673797,45.133094,0
                29.680845,45.14084,0
                29.683724,45.143706,0
                29.692001,45.149934,0
                29.690924,45.151051,0
                29.697127,45.156701,0
                29.704476,45.160647,0
                29.694095,45.191764,0
                29.689398,45.192728,0
                29.683661,45.207496,0
                29.67747,45.21173,0
                29.675959,45.213449,0
                29.670501,45.221165,0
                29.667503,45.230113,0
                29.662313,45.237775,0
                29.660848,45.242858,0
                29.659463,45.247152,0
                29.658949,45.249163,0
                29.659244,45.251262,0
                29.663186,45.259744,0
                29.673097,45.266202,0
                29.676844,45.268107,0
                29.678091,45.269147,0
                29.678301,45.270289,0
                29.675543,45.279513,0
                29.673294,45.286591,0
                29.668765,45.298172,0
                29.669474,45.303966,0
                29.66912,45.308136,0
                29.668323,45.310548,0
                29.6661,45.312564,0
                29.663645,45.316693,0
                29.661437,45.321797,0
                29.661359,45.322951,0
                29.660265,45.325007,0
                29.65747,45.329437,0
                29.656893,45.331787,0
                29.656154,45.333216,0
                29.655752,45.334374,0
                29.653851,45.336444,0
                29.652493,45.337193,0
                29.65119,45.338016,0
                29.651314,45.339286,0
                29.650885,45.340115,0
                29.648208,45.341863,0
                29.636293,45.349887,0
                29.626986,45.357378,0
                29.622378,45.362195,0
                29.610466,45.373525,0
                29.605219,45.378247,0
                29.603255,45.379666,0
                29.600969,45.38109,0
                29.598459,45.382531,0
                29.597654,45.383348,0
                29.594966,45.387942,0
                29.594092,45.388475,0
                29.591001,45.389378,0
                29.580609,45.394114,0
                29.565138,45.400969,0
                29.56516,45.400999,0
                29.553228,45.407058,0
                29.550185,45.409177,0
                29.546586,45.409346,0
                29.545181,45.40964,0
                29.533199,45.41205,0
                29.520429,45.414401,0
                29.510932,45.416348,0
                29.500655,45.418713,0
                29.498368,45.419084,0
                29.494526,45.420185,0
                29.491556,45.420477,0
                29.4836,45.421329,0
                29.475723,45.423128,0
                29.459016,45.429393,0
                29.45541,45.430122,0
                29.453669,45.430778,0
                29.447633,45.431917,0
                29.444331,45.432716,0
                29.438975,45.434221,0
                29.436804,45.435782,0
                29.431754,45.441321,0
                29.429963,45.442511,0
                29.42896,45.44293,0
                29.427511,45.443134,0
                29.424083,45.443066,0
                29.404497,45.438728,0
                29.402998,45.438696,0
                29.401172,45.438916,0
                29.399561,45.439175,0
                29.398675,45.438806,0
                29.39885,45.437007,0
                29.396895,45.436575,0
                29.395664,45.436407,0
                29.39484,45.436179,0
                29.393287,45.43603,0
                29.391174,45.436037,0
                29.389308,45.436371,0
                29.383795,45.439114,0
                29.381802,45.43963,0
                29.3796,45.439496,0
                29.374054,45.437904,0
                29.369179,45.437675,0
                29.364074,45.43768,0
                29.357403,45.437144,0
                29.353647,45.437226,0
                29.350168,45.437741,0
                29.343417,45.442082,0
                29.337692,45.446181,0
                29.335396,45.447172,0
                29.331453,45.448002,0
                29.327064,45.448228,0
                29.32277,45.447353,0
                29.317221,45.44502,0
                29.312358,45.44108,0
                29.311696,45.439881,0
                29.30931,45.43764,0
                29.301557,45.43137,0
                29.2992,45.430141,0
                29.295995,45.428868,0
                29.292096,45.427773,0
                29.288281,45.426896,0
                29.283347,45.426727,0
                29.279075,45.42697,0
                29.271916,45.42911,0
                29.258299,45.433699,0
                29.256259,45.434084,0
                29.255063,45.434062,0
                29.253337,45.434317,0
                29.252827,45.4345,0
                29.250104,45.435078,0
                29.248297,45.435288,0
                29.247327,45.435071,0
                29.242319,45.432932,0
                29.237538,45.431796,0
                29.235268,45.430704,0
                29.227625,45.424779,0
                29.225661,45.423458,0
                29.224193,45.422345,0
                29.216604,45.419041,0
                29.214653,45.418267,0
                29.212477,45.417544,0
                29.202286,45.417156,0
                29.200639,45.416764,0
                29.19914,45.41625,0
                29.195472,45.415259,0
                29.187998,45.412116,0
                29.185586,45.410855,0
                29.184427,45.409599,0
                29.183205,45.40777,0
                29.181894,45.405433,0
                29.179477,45.399877,0
                29.177865,45.398285,0
                29.174152,45.396146,0
                29.168765,45.394131,0
                29.158381,45.390974,0
                29.149004,45.387928,0
                29.145925,45.386825,0
                29.13754,45.384398,0
                29.129339,45.382654,0
                29.128199,45.382675,0
                29.125865,45.382521,0
                29.123542,45.382188,0
                29.122064,45.381829,0
                29.121194,45.381436,0
                29.118025,45.380527,0
                29.116897,45.380025,0
                29.110673,45.376282,0
                29.107442,45.374981,0
                29.104427,45.374267,0
                29.098154,45.374381,0
                29.094516,45.374624,0
                29.086259,45.374075,0
                29.084242,45.373806,0
                29.083035,45.373546,0
                29.081951,45.373159,0
                29.081179,45.372615,0
                29.080632,45.371857,0
                29.077793,45.36924,0
                29.074284,45.366936,0
                29.06744,45.364234,0
                29.061349,45.361599,0
                29.056721,45.360003,0
                29.053917,45.359551,0
                29.050925,45.359558,0
                29.048938,45.35967,0
                29.046429,45.360193,0
                29.044641,45.360374,0
                29.042615,45.36008,0
                29.041865,45.359747,0
                29.040102,45.358761,0
                29.033558,45.353627,0
                29.029923,45.351705,0
                29.021399,45.348934,0
                29.01407,45.346513,0
                29.008273,45.344523,0
                29.002988,45.341709,0
                28.998362,45.337702,0
                28.993362,45.335665,0
                28.987793,45.333356,0
                28.984541,45.331299,0
                28.981805,45.33147,0
                28.976464,45.332312,0
                28.972835,45.332613,0
                28.96885,45.331673,0
                28.962246,45.326872,0
                28.958493,45.322677,0
                28.954266,45.317291,0
                28.951038,45.311241,0
                28.950285,45.30658,0
                28.953458,45.30085,0
                28.955111,45.297432,0
                28.955198,45.293438,0
                28.953916,45.288735,0
                28.952546,45.285895,0
                28.95038,45.283794,0
                28.945078,45.280664,0
                28.936832,45.280014,0
                28.929754,45.28067,0
                28.925886,45.28141,0
                28.916737,45.285819,0
                28.899758,45.297452,0
                28.893118,45.302014,0
                28.887415,45.306577,0
                28.87977,45.31263,0
                28.877567,45.314753,0
                28.873586,45.316541,0
                28.868013,45.31733,0
                28.863891,45.316621,0
                28.854042,45.316086,0
                28.844768,45.317245,0
                28.838942,45.319679,0
                28.829088,45.327738,0
                28.822673,45.333637,0
                28.815411,45.336255,0
                28.808547,45.336293,0
                28.803939,45.335606,0
                28.797631,45.334071,0
                28.796044,45.333309,0
                28.791602,45.331881,0
                28.787881,45.330799,0
                28.78395,45.32933,0
                28.782647,45.328659,0
                28.780563,45.32748,0
                28.779251,45.325708,0
                28.779213,45.323441,0
                28.780059,45.320515,0
                28.782027,45.318756,0
                28.786699,45.317353,0
                28.790672,45.316072,0
                28.79499,45.315188,0
                28.799135,45.313827,0
                28.804176,45.311911,0
                28.805616,45.309735,0
                28.806074,45.307068,0
                28.804794,45.303289,0
                28.803767,45.300922,0
                28.801125,45.298986,0
                28.798264,45.296621,0
                28.795002,45.293516,0
                28.791705,45.291162,0
                28.78801,45.289937,0
                28.773033,45.290741,0
                28.762325,45.289337,0
                28.758476,45.288347,0
                28.75548,45.287033,0
                28.754098,45.28574,0
                28.753346,45.284258,0
                28.752845,45.282576,0
                28.754247,45.277535,0
                28.760852,45.268683,0
                28.763708,45.26501,0
                28.769725,45.260943,0
                28.787089,45.254947,0
                28.791857,45.251119,0
                28.793093,45.248364,0
                28.793481,45.24576,0
                28.792852,45.242607,0
                28.791318,45.239883,0
                28.785691,45.237536,0
                28.775955,45.236236,0
                28.761485,45.234603,0
                28.759851,45.234343,0
                28.739253,45.231242,0
                28.719476,45.223948,0
                28.710877,45.224045,0
                28.703174,45.225751,0
                28.690107,45.230012,0
                28.674722,45.235734,0
                28.67088,45.237094,0
                28.660535,45.239009,0
                28.630388,45.244797,0
                28.616984,45.245397,0
                28.602516,45.246106,0
                28.583894,45.247062,0
                28.565985,45.24817,0
                28.562464,45.248855,0
                28.546931,45.25667,0
                28.535002,45.260873,0
                28.522883,45.26521,0
                28.506632,45.270873,0
                28.498388,45.273862,0
                28.496814,45.27393,0
                28.49495,45.274452,0
                28.492249,45.275663,0
                28.480865,45.279266,0
                28.471306,45.282254,0
                28.460029,45.285826,0
                28.453693,45.288057,0
                28.441911,45.290731,0
                28.436688,45.291944,0
                28.43141,45.293543,0
                28.427291,45.295002,0
                28.418084,45.297936,0
                28.407264,45.301717,0
                28.404041,45.302677,0
                28.393055,45.305907,0
                28.380463,45.309643,0
                28.364403,45.315143,0
                28.349817,45.320153,0
                28.341162,45.325867,0
                28.334944,45.33104,0
                28.329284,45.338918,0
                28.324462,45.346675,0
                28.31802,45.356989,0
                28.309975,45.367976,0
                28.304765,45.375614,0
                28.300061,45.381369,0
                28.295596,45.385849,0
                28.287188,45.391766,0
                28.284222,45.394325,0
                28.282304,45.396585,0
                28.281837,45.399241,0
                28.281685,45.400761,0
                28.281921,45.401777,0
                28.282455,45.402563,0
                28.283618,45.404034,0
                28.283946,45.404879,0
                28.283958,45.405536,0
                28.28459,45.411045,0
                28.28589,45.420062,0
                28.286504,45.42441,0
                28.286813,45.430091,0
                28.286014,45.433772,0
                28.284982,45.435851,0
                28.283662,45.4383,0
                28.282195,45.441302,0
                28.27862,45.445649,0
                28.272736,45.450678,0
                28.269887,45.452329,0
                28.265527,45.454268,0
                28.251173,45.458142,0
                28.248482,45.458802,0
                28.243372,45.460552,0
                28.241141,45.461407,0
                28.23645,45.462954,0
                28.229698,45.464214,0
                28.224594,45.46515,0
                28.219404,45.466144,0
                28.211403,45.466904,0
                28.20938,45.46774,0
                28.207395,45.468874,0
                28.203592,45.470168,0
                28.196565,45.471405,0
                28.192509,45.472401,0
                28.19044,45.4728,0
                28.187311,45.47348,0
                28.186254,45.474094,0
                28.185366,45.475008,0
                28.18351,45.480634,0
                28.182656,45.482113,0
                28.18089,45.48299,0
                28.179525,45.483852,0
                28.178852,45.484752,0
                28.178347,45.485891,0
                28.177141,45.492277,0
                28.176498,45.494535,0
                28.174495,45.498229,0
                28.17327,45.500407,0
                28.172026,45.501156,0
                28.171206,45.501556,0
                28.169806,45.501512,0
                28.167411,45.500831,0
                28.164267,45.500487,0
                28.162883,45.500566,0
                28.162411,45.500911,0
                28.162462,45.501645,0
                28.163013,45.503373,0
                28.164266,45.506747,0
                28.16421,45.508141,0
                28.163411,45.508563,0
                28.161894,45.508826,0
                28.157169,45.509062,0
                28.155337,45.509438,0
                28.154316,45.510081,0
                28.154606,45.510713,0
                28.15564,45.511139,0
                28.159381,45.511099,0
                28.161177,45.511271,0
                28.161872,45.511527,0
                28.16264,45.512495,0
                28.163219,45.513551,0
                28.165292,45.516857,0
                28.166001,45.518606,0
                28.166595,45.519687,0
                28.166376,45.520563,0
                28.165498,45.521162,0
                28.163824,45.521666,0
                28.162121,45.521991,0
                28.160111,45.522676,0
                28.158523,45.523323,0
                28.157357,45.524056,0
                28.156929,45.524869,0
                28.157411,45.525398,0
                28.158329,45.525553,0
                28.159993,45.525565,0
                28.16205,45.525395,0
                28.164257,45.524244,0
                28.164968,45.524296,0
                28.16552,45.524857,0
                28.16618,45.527033,0
                28.166472,45.528346,0
                28.166028,45.529572,0
                28.165308,45.530939,0
                28.163923,45.532418,0
                28.162417,45.533298,0
                28.162056,45.533746,0
                28.162569,45.534248,0
                28.164194,45.535059,0
                28.165087,45.535721,0
                28.165674,45.536626,0
                28.165957,45.540058,0
                28.165733,45.544426,0
                28.165308,45.54583,0
                28.164696,45.546201,0
                28.16228,45.546519,0
                28.161051,45.547136,0
                28.160216,45.548292,0
                28.159196,45.550531,0
                28.157776,45.552154,0
                28.155803,45.553927,0
                28.155375,45.554838,0
                28.155939,45.556363,0
                28.156953,45.557944,0
                28.158879,45.559848,0
                28.159169,45.560789,0
                28.158575,45.561272,0
                28.157583,45.56144,0
                28.156088,45.561406,0
                28.153825,45.561051,0
                28.151819,45.560928,0
                28.150484,45.561121,0
                28.149384,45.561627,0
                28.148765,45.56253,0
                28.148917,45.563377,0
                28.149667,45.56393,0
                28.152284,45.56441,0
                28.154572,45.564981,0
                28.155617,45.565987,0
                28.156318,45.568472,0
                28.157226,45.570823,0
                28.157108,45.574601,0
                28.156533,45.575576,0
                28.154866,45.57507,0
                28.153289,45.573718,0
                28.151199,45.571482,0
                28.149726,45.569153,0
                28.147801,45.56696,0
                28.146587,45.566338,0
                28.145762,45.566416,0
                28.144847,45.566791,0
                28.144003,45.567888,0
                28.143581,45.569743,0
                28.141349,45.575087,0
                28.140921,45.576474,0
                28.140172,45.577033,0
                28.139144,45.577533,0
                28.137412,45.577655,0
                28.135918,45.577392,0
                28.135093,45.576976,0
                28.134922,45.576274,0
                28.135655,45.573292,0
                28.135412,45.572141,0
                28.134752,45.571356,0
                28.13372,45.571173,0
                28.133009,45.571509,0
                28.132263,45.572242,0
                28.132273,45.573208,0
                28.132399,45.57456,0
                28.132148,45.575178,0
                28.131423,45.57532,0
                28.130881,45.575277,0
                28.130122,45.574861,0
                28.127985,45.572239,0
                28.127036,45.571433,0
                28.126157,45.571462,0
                28.125875,45.571986,0
                28.125851,45.573852,0
                28.125381,45.574034,0
                28.124773,45.573869,0
                28.123775,45.573113,0
                28.122574,45.572533,0
                28.121742,45.572518,0
                28.120539,45.57318,0
                28.118603,45.574915,0
                28.117594,45.576184,0
                28.11794,45.57699,0
                28.118795,45.577636,0
                28.120596,45.578384,0
                28.121436,45.579024,0
                28.121137,45.579424,0
                28.119825,45.579862,0
                28.118421,45.580833,0
                28.117096,45.582714,0
                28.114604,45.58541,0
                28.112485,45.586879,0
                28.110916,45.587307,0
                28.10736,45.587742,0
                28.106136,45.588393,0
                28.105268,45.589654,0
                28.104321,45.591337,0
                28.101545,45.594793,0
                28.100411,45.595696,0
                28.098976,45.596297,0
                28.0954,45.597123,0
                28.092881,45.598114,0
                28.091496,45.599402,0
                28.089657,45.602925,0
                28.089048,45.60466,0
                28.088864,45.606333,0
                28.08899,45.608075,0
                28.090016,45.610244,0
                28.093722,45.612488,0
                28.098892,45.615257,0
                28.100364,45.616951,0
                28.100412,45.617882,0
                28.100878,45.618505,0
                28.108434,45.620433,0
                28.110193,45.621568,0
                28.111056,45.622847,0
                28.112403,45.626211,0
                28.114305,45.6267,0
                28.118167,45.627216,0
                28.119698,45.627229,0
                28.12095,45.627017,0
                28.121555,45.626661,0
                28.122331,45.623827,0
                28.122996,45.622852,0
                28.127456,45.620176,0
                28.130538,45.618979,0
                28.131599,45.619042,0
                28.132083,45.619434,0
                28.131637,45.621465,0
                28.130366,45.623054,0
                28.130343,45.623533,0
                28.130817,45.623917,0
                28.132427,45.624189,0
                28.134027,45.624305,0
                28.138028,45.625766,0
                28.139018,45.625773,0
                28.139892,45.625566,0
                28.140553,45.625154,0
                28.14157,45.622393,0
                28.142358,45.621826,0
                28.143681,45.621494,0
                28.145333,45.621581,0
                28.145885,45.622293,0
                28.14564,45.623704,0
                28.145822,45.624659,0
                28.146326,45.625281,0
                28.149312,45.626297,0
                28.149988,45.626694,0
                28.150339,45.627723,0
                28.151118,45.629259,0
                28.152136,45.631108,0
                28.152823,45.632234,0
                28.154877,45.633908,0
                28.156178,45.635832,0
                28.15718,45.636797,0
                28.158579,45.637376,0
                28.161054,45.637796,0
                28.164005,45.638132,0
                28.164845,45.638459,0
                28.166274,45.639531,0
                28.167023,45.640234,0
                28.168186,45.640279,0
                28.171925,45.640831,0
                28.174063,45.644091,0
                28.174327,45.645551,0
                28.173888,45.646984,0
                28.172985,45.648051,0
                28.171599,45.648756,0
                28.170639,45.64911,0
                28.169412,45.649091,0
                28.167423,45.648589,0
                28.166301,45.648649,0
                28.164332,45.649078,0
                28.162662,45.649728,0
                28.159826,45.649834,0
                28.158775,45.65048,0
                28.158142,45.651071,0
                28.158162,45.651619,0
                28.15916,45.651969,0
                28.161002,45.652092,0
                28.163019,45.652106,0
                28.16473,45.652546,0
                28.165668,45.653214,0
                28.166158,45.654119,0
                28.165936,45.655166,0
                28.164976,45.656898,0
                28.1631,45.658635,0
                28.162454,45.659401,0
                28.162453,45.660034,0
                28.162805,45.660988,0
                28.164144,45.662825,0
                28.165951,45.664704,0
                28.166814,45.665906,0
                28.166944,45.666683,0
                28.166789,45.669559,0
                28.166959,45.670868,0
                28.167381,45.672038,0
                28.168978,45.673764,0
                28.169886,45.675061,0
                28.169343,45.676595,0
                28.169261,45.677754,0
                28.169982,45.678437,0
                28.17062,45.679466,0
                28.170392,45.680061,0
                28.169457,45.68048,0
                28.16788,45.680941,0
                28.166578,45.681891,0
                28.166148,45.682781,0
                28.165848,45.684021,0
                28.165636,45.686057,0
                28.165204,45.687546,0
                28.163929,45.689237,0
                28.162701,45.691498,0
                28.162072,45.693247,0
                28.162241,45.69435,0
                28.162906,45.695736,0
                28.163853,45.696907,0
                28.163908,45.697725,0
                28.1636,45.69872,0
                28.162427,45.700304,0
                28.160271,45.702519,0
                28.159564,45.70381,0
                28.159557,45.704587,0
                28.159871,45.705001,0
                28.160637,45.705092,0
                28.161826,45.705043,0
                28.16277,45.705134,0
                28.16415,45.705455,0
                28.165927,45.706176,0
                28.169613,45.708317,0
                28.170298,45.709011,0
                28.170291,45.709852,0
                28.169741,45.710923,0
                28.165609,45.715116,0
                28.164257,45.716827,0
                28.16395,45.717844,0
                28.163972,45.718896,0
                28.164452,45.719841,0
                28.166452,45.72263,0
                28.16675,45.723419,0
                28.166466,45.72398,0
                28.165825,45.724368,0
                28.164973,45.724524,0
                28.163535,45.724401,0
                28.161987,45.724393,0
                28.161128,45.724775,0
                28.160451,45.725285,0
                28.160453,45.725849,0
                28.161696,45.728366,0
                28.162275,45.729264,0
                28.163134,45.729717,0
                28.165191,45.730273,0
                28.165815,45.730995,0
                28.165448,45.731703,0
                28.164837,45.732429,0
                28.164852,45.733152,0
                28.165387,45.734217,0
                28.166512,45.735986,0
                28.166314,45.736822,0
                28.1654,45.737461,0
                28.163758,45.73798,0
                28.15997,45.738949,0
                28.15729,45.740165,0
                28.156624,45.740972,0
                28.156028,45.742541,0
                28.155669,45.744019,0
                28.154768,45.744652,0
                28.153823,45.744652,0
                28.152472,45.744361,0
                28.151318,45.744405,0
                28.150823,45.744796,0
                28.150525,45.745423,0
                28.150476,45.746476,0
                28.150598,45.74822,0
                28.149695,45.751553,0
                28.150121,45.752312,0
                28.151406,45.753229,0
                28.151703,45.753829,0
                28.151709,45.754458,0
                28.151224,45.754765,0
                28.149662,45.755218,0
                28.148496,45.755819,0
                28.145544,45.758708,0
                28.143603,45.760095,0
                28.143299,45.760855,0
                28.143502,45.761761,0
                28.14428,45.7636,0
                28.144808,45.764287,0
                28.145461,45.764494,0
                28.146406,45.76427,0
                28.147369,45.763891,0
                28.148503,45.763848,0
                28.149486,45.764145,0
                28.149872,45.764862,0
                28.149759,45.765484,0
                28.148448,45.766599,0
                28.148103,45.767338,0
                28.148108,45.768316,0
                28.148742,45.769227,0
                28.149572,45.770224,0
                28.150124,45.771243,0
                28.150067,45.773004,0
                28.150261,45.773729,0
                28.150846,45.773979,0
                28.153261,45.773943,0
                28.15413,45.77431,0
                28.155226,45.775514,0
                28.155652,45.777529,0
                28.155485,45.77863,0
                28.154636,45.77928,0
                28.153295,45.779599,0
                28.15262,45.779985,0
                28.152644,45.780582,0
                28.153613,45.781351,0
                28.153955,45.782009,0
                28.153574,45.782649,0
                28.152961,45.783189,0
                28.152452,45.783452,0
                28.151493,45.783462,0
                28.150391,45.783079,0
                28.148845,45.782111,0
                28.14718,45.781395,0
                28.144291,45.781187,0
                28.143175,45.780891,0
                28.140505,45.779541,0
                28.137469,45.779155,0
                28.135895,45.778613,0
                28.135042,45.778437,0
                28.1345,45.778515,0
                28.133664,45.778982,0
                28.132622,45.779789,0
                28.128616,45.78199,0
                28.126567,45.783828,0
                28.124452,45.786183,0
                28.122478,45.788047,0
                28.120411,45.789876,0
                28.119315,45.791086,0
                28.118868,45.791103,0
                28.115606,45.790158,0
                28.114495,45.790246,0
                28.113651,45.790816,0
                28.112932,45.791823,0
                28.112585,45.793007,0
                28.112337,45.794168,0
                28.112529,45.79554,0
                28.112828,45.795952,0
                28.113429,45.796208,0
                28.11447,45.796087,0
                28.117732,45.794591,0
                28.118419,45.794651,0
                28.119509,45.795232,0
                28.120648,45.795985,0
                28.121703,45.7974,0
                28.122061,45.798696,0
                28.121757,45.799292,0
                28.120794,45.800135,0
                28.120115,45.801137,0
                28.119573,45.802167,0
                28.119465,45.802841,0
                28.120022,45.803951,0
                28.120563,45.805759,0
                28.120694,45.807451,0
                28.118612,45.813382,0
                28.117827,45.814643,0
                28.117162,45.814937,0
                28.114694,45.814682,0
                28.112448,45.814641,0
                28.110457,45.814678,0
                28.108861,45.814978,0
                28.107952,45.81548,0
                28.107544,45.816029,0
                28.107719,45.816555,0
                28.108331,45.817185,0
                28.111544,45.819574,0
                28.112402,45.820518,0
                28.112277,45.821096,0
                28.111548,45.821971,0
                28.110443,45.822587,0
                28.109356,45.823472,0
                28.109304,45.824104,0
                28.109545,45.824526,0
                28.111303,45.825877,0
                28.111379,45.826562,0
                28.111095,45.8274,0
                28.110272,45.82842,0
                28.108464,45.83045,0
                28.108554,45.830949,0
                28.109191,45.831321,0
                28.11066,45.831831,0
                28.111525,45.83253,0
                28.112048,45.833315,0
                28.112255,45.834145,0
                28.11239,45.835313,0
                28.111543,45.836579,0
                28.109797,45.838422,0
                28.109072,45.84039,0
                28.108312,45.841894,0
                28.107458,45.842288,0
                28.106076,45.842719,0
                28.105786,45.843264,0
                28.105853,45.843902,0
                28.106577,45.844279,0
                28.107741,45.844607,0
                28.110471,45.844794,0
                28.111903,45.84502,0
                28.112445,45.845585,0
                28.112239,45.847897,0
                28.112917,45.848679,0
                28.113585,45.849703,0
                28.113449,45.850217,0
                28.110474,45.852072,0
                28.108649,45.855564,0
                28.105819,45.859259,0
                28.10573,45.859788,0
                28.106667,45.86047,0
                28.108074,45.860748,0
                28.111411,45.86074,0
                28.113403,45.860506,0
                28.115165,45.860694,0
                28.11774,45.861961,0
                28.119084,45.863033,0
                28.120441,45.863353,0
                28.121955,45.863411,0
                28.123805,45.863088,0
                28.125851,45.862834,0
                28.127112,45.863105,0
                28.127532,45.863697,0
                28.127663,45.865104,0
                28.127496,45.867301,0
                28.127221,45.869357,0
                28.127609,45.870644,0
                28.128622,45.87257,0
                28.129931,45.874121,0
                28.131553,45.875304,0
                28.132661,45.876317,0
                28.132446,45.876903,0
                28.131059,45.87751,0
                28.128818,45.87754,0
                28.128231,45.87778,0
                28.128085,45.878241,0
                28.128206,45.87891,0
                28.129356,45.880019,0
                28.130552,45.881717,0
                28.130345,45.882495,0
                28.129107,45.883608,0
                28.127581,45.88469,0
                28.126557,45.884971,0
                28.125627,45.885057,0
                28.125179,45.884792,0
                28.124761,45.884133,0
                28.124409,45.883286,0
                28.123904,45.882533,0
                28.1231,45.882559,0
                28.122305,45.882911,0
                28.121278,45.883503,0
                28.120428,45.883626,0
                28.11901,45.883226,0
                28.117339,45.882658,0
                28.116238,45.882693,0
                28.115073,45.882843,0
                28.114155,45.88341,0
                28.113149,45.884325,0
                28.112953,45.885094,0
                28.113283,45.885682,0
                28.115468,45.886489,0
                28.11834,45.887024,0
                28.118394,45.887667,0
                28.116859,45.88974,0
                28.11666,45.890727,0
                28.116479,45.892513,0
                28.115813,45.893175,0
                28.113752,45.894335,0
                28.113103,45.894979,0
                28.112296,45.898029,0
                28.112358,45.899146,0
                28.113843,45.899779,0
                28.116116,45.900053,0
                28.118411,45.899859,0
                28.119439,45.900261,0
                28.120206,45.901113,0
                28.120098,45.902782,0
                28.119253,45.904385,0
                28.117048,45.907079,0
                28.116384,45.908521,0
                28.116419,45.909837,0
                28.116938,45.910712,0
                28.119243,45.912627,0
                28.120252,45.913557,0
                28.120345,45.914561,0
                28.12018,45.917581,0
                28.120814,45.918467,0
                28.121983,45.919461,0
                28.123369,45.92038,0
                28.125569,45.921459,0
                28.126055,45.922434,0
                28.125836,45.923386,0
                28.125102,45.924254,0
                28.12355,45.9256,0
                28.122067,45.927247,0
                28.121683,45.929969,0
                28.120715,45.931449,0
                28.118576,45.933252,0
                28.115545,45.934965,0
                28.114716,45.936091,0
                28.114581,45.936816,0
                28.116773,45.939996,0
                28.118414,45.942949,0
                28.118677,45.943876,0
                28.11827,45.945063,0
                28.115699,45.949249,0
                28.11536,45.950991,0
                28.115098,45.953049,0
                28.114519,45.954263,0
                28.111347,45.958026,0
                28.108331,45.959998,0
                28.106375,45.961055,0
                28.105558,45.962017,0
                28.105233,45.962847,0
                28.105209,45.963707,0
                28.105431,45.964539,0
                28.106142,45.965357,0
                28.108642,45.966779,0
                28.108923,45.967549,0
                28.1086,45.968578,0
                28.10769,45.969515,0
                28.105792,45.970539,0
                28.102143,45.972167,0
                28.101824,45.972804,0
                28.102029,45.973279,0
                28.102942,45.973915,0
                28.104977,45.974675,0
                28.106653,45.975456,0
                28.107071,45.97631,0
                28.107457,45.977584,0
                28.107366,45.978415,0
                28.106439,45.978784,0
                28.105231,45.978814,0
                28.100311,45.977802,0
                28.099094,45.978006,0
                28.098576,45.978461,0
                28.098495,45.979586,0
                28.098693,45.980869,0
                28.09909,45.981739,0
                28.102753,45.983389,0
                28.104164,45.984891,0
                28.105027,45.986802,0
                28.105274,45.988414,0
                28.104897,45.989225,0
                28.104058,45.989664,0
                28.100877,45.99006,0
                28.099598,45.990382,0
                28.09869,45.991122,0
                28.097524,45.993069,0
                28.096599,45.995173,0
                28.096114,45.997455,0
                28.095152,45.999739,0
                28.0945,46.000921,0
                28.092114,46.003904,0
                28.090823,46.005415,0
                28.08943,46.005991,0
                28.086866,46.006691,0
                28.085765,46.00786,0
                28.085579,46.008593,0
                28.086049,46.009229,0
                28.091829,46.012108,0
                28.095142,46.014246,0
                28.095506,46.014849,0
                28.095135,46.016416,0
                28.094458,46.017215,0
                28.092255,46.017757,0
                28.089229,46.019088,0
                28.087663,46.020252,0
                28.088788,46.02289,0
                28.089241,46.026984,0
                28.090301,46.02907,0
                28.090866,46.030357,0
                28.090551,46.03223,0
                28.09042,46.033566,0
                28.090632,46.03494,0
                28.091098,46.036102,0
                28.092742,46.037424,0
                28.095628,46.039595,0
                28.096718,46.042088,0
                28.097619,46.043221,0
                28.098732,46.043442,0
                28.099865,46.04312,0
                28.101288,46.042565,0
                28.102916,46.042614,0
                28.104034,46.043264,0
                28.104003,46.043898,0
                28.102895,46.044711,0
                28.101005,46.045831,0
                28.100632,46.046821,0
                28.100867,46.047698,0
                28.102075,46.049378,0
                28.103781,46.05122,0
                28.105125,46.052574,0
                28.10469,46.053301,0
                28.103304,46.053744,0
                28.101355,46.054084,0
                28.099186,46.053941,0
                28.09615,46.053267,0
                28.094358,46.052933,0
                28.093622,46.052892,0
                28.092386,46.053618,0
                28.090119,46.056379,0
                28.088997,46.058806,0
                28.088943,46.059375,0
                28.089976,46.059843,0
                28.091669,46.060193,0
                28.093897,46.060209,0
                28.096789,46.06004,0
                28.097934,46.060222,0
                28.098803,46.061021,0
                28.099865,46.062298,0
                28.100716,46.063935,0
                28.100398,46.064714,0
                28.100021,46.065104,0
                28.099027,46.065108,0
                28.097193,46.065314,0
                28.093197,46.066644,0
                28.089929,46.068182,0
                28.08951,46.068801,0
                28.089448,46.069966,0
                28.090206,46.071641,0
                28.091405,46.072791,0
                28.093124,46.073655,0
                28.093371,46.074128,0
                28.093293,46.07513,0
                28.092341,46.078374,0
                28.092705,46.079138,0
                28.093321,46.079352,0
                28.094047,46.079348,0
                28.096318,46.078431,0
                28.097341,46.078474,0
                28.097821,46.078933,0
                28.098294,46.080261,0
                28.099032,46.080872,0
                28.099817,46.08113,0
                28.100967,46.081013,0
                28.102009,46.080555,0
                28.103464,46.079331,0
                28.104931,46.078559,0
                28.106068,46.078272,0
                28.107292,46.078185,0
                28.108666,46.07841,0
                28.109104,46.07913,0
                28.10878,46.080078,0
                28.107846,46.081538,0
                28.106989,46.083209,0
                28.107229,46.083753,0
                28.110812,46.085981,0
                28.111591,46.086706,0
                28.1112,46.087481,0
                28.110168,46.088051,0
                28.108273,46.088553,0
                28.106716,46.08909,0
                28.105717,46.089842,0
                28.1054,46.09053,0
                28.105509,46.091332,0
                28.1069,46.093649,0
                28.107184,46.094881,0
                28.106933,46.096139,0
                28.106019,46.096827,0
                28.103397,46.097703,0
                28.102332,46.098338,0
                28.102269,46.098879,0
                28.102929,46.099163,0
                28.103954,46.099035,0
                28.105495,46.09862,0
                28.10703,46.098617,0
                28.107886,46.098923,0
                28.109306,46.102572,0
                28.110153,46.103646,0
                28.111069,46.103869,0
                28.112097,46.103702,0
                28.113271,46.102676,0
                28.114765,46.102133,0
                28.1166,46.102067,0
                28.118875,46.102206,0
                28.12003,46.102611,0
                28.121032,46.103209,0
                28.122401,46.104264,0
                28.122942,46.105147,0
                28.122208,46.105837,0
                28.119956,46.106447,0
                28.117888,46.107126,0
                28.116409,46.107796,0
                28.116071,46.108516,0
                28.116137,46.109452,0
                28.116794,46.1109,0
                28.11825,46.11253,0
                28.118907,46.112642,0
                28.119756,46.11257,0
                28.122635,46.11153,0
                28.123939,46.111359,0
                28.124664,46.111586,0
                28.125026,46.112205,0
                28.124323,46.115958,0
                28.124537,46.116924,0
                28.125874,46.120129,0
                28.125867,46.121156,0
                28.125024,46.125462,0
                28.125186,46.126067,0
                28.125722,46.126409,0
                28.126654,46.126456,0
                28.127608,46.12632,0
                28.128948,46.125535,0
                28.129511,46.12556,0
                28.13044,46.125961,0
                28.133215,46.128379,0
                28.134681,46.130271,0
                28.134566,46.130749,0
                28.134074,46.131028,0
                28.132925,46.131203,0
                28.129885,46.131097,0
                28.128929,46.131129,0
                28.128455,46.13155,0
                28.125634,46.137736,0
                28.125627,46.138413,0
                28.125976,46.139367,0
                28.127355,46.140378,0
                28.128419,46.141283,0
                28.128892,46.142248,0
                28.129125,46.14362,0
                28.128757,46.144685,0
                28.127987,46.145586,0
                28.126313,46.146435,0
                28.1247,46.147132,0
                28.12401,46.147769,0
                28.123819,46.148539,0
                28.124181,46.150437,0
                28.126331,46.155081,0
                28.127015,46.1555,0
                28.127728,46.155478,0
                28.128963,46.155177,0
                28.130449,46.154451,0
                28.13146,46.154201,0
                28.13245,46.1543,0
                28.13299,46.154642,0
                28.134608,46.158975,0
                28.135385,46.160502,0
                28.136286,46.161577,0
                28.137872,46.162812,0
                28.139563,46.163591,0
                28.141647,46.163773,0
                28.142756,46.164163,0
                28.143045,46.164531,0
                28.142787,46.165319,0
                28.141868,46.166584,0
                28.139197,46.169319,0
                28.137072,46.171089,0
                28.133582,46.172809,0
                28.130168,46.174304,0
                28.128956,46.175673,0
                28.128372,46.177054,0
                28.128607,46.178096,0
                28.129328,46.178771,0
                28.130479,46.178786,0
                28.131831,46.178427,0
                28.135159,46.176882,0
                28.138555,46.175926,0
                28.140381,46.175775,0
                28.142067,46.176212,0
                28.143404,46.176819,0
                28.143876,46.177921,0
                28.14384,46.179284,0
                28.14304,46.179635,0
                28.136885,46.18032,0
                28.133435,46.181012,0
                28.1317,46.18258,0
                28.13119,46.183911,0
                28.131082,46.185121,0
                28.131806,46.185703,0
                28.133109,46.185892,0
                28.134772,46.185727,0
                28.136158,46.18504,0
                28.139454,46.182845,0
                28.140376,46.18284,0
                28.140917,46.183452,0
                28.14158,46.184676,0
                28.141427,46.186242,0
                28.141427,46.191075,0
                28.140962,46.192214,0
                28.140342,46.192344,0
                28.139445,46.192244,0
                28.138481,46.191721,0
                28.13773,46.191838,0
                28.136707,46.19267,0
                28.135068,46.195053,0
                28.134268,46.195433,0
                28.133274,46.195378,0
                28.130961,46.194846,0
                28.123289,46.19227,0
                28.120575,46.191586,0
                28.119044,46.191652,0
                28.118419,46.192203,0
                28.117804,46.193294,0
                28.117554,46.194898,0
                28.11759,46.195748,0
                28.120501,46.197641,0
                28.123691,46.199859,0
                28.124995,46.201967,0
                28.125719,46.203861,0
                28.1261,46.206808,0
                28.125457,46.208702,0
                28.1237,46.210682,0
                28.121629,46.211792,0
                28.119856,46.212205,0
                28.118877,46.212198,0
                28.117715,46.211851,0
                28.11668,46.211251,0
                28.116395,46.210053,0
                28.116706,46.208412,0
                28.117604,46.206337,0
                28.117759,46.205242,0
                28.116916,46.20375,0
                28.115274,46.202552,0
                28.113631,46.202068,0
                28.112793,46.202185,0
                28.111481,46.2029,0
                28.109867,46.204807,0
                28.109851,46.206021,0
                28.11039,46.207098,0
                28.112298,46.208964,0
                28.114319,46.210592,0
                28.114717,46.211395,0
                28.114342,46.212027,0
                28.112205,46.213213,0
                28.109858,46.214413,0
                28.108379,46.214644,0
                28.107251,46.215099,0
                28.107363,46.215521,0
                28.109764,46.2159,0
                28.11054,46.216228,0
                28.111455,46.217297,0
                28.11194,46.218328,0
                28.112151,46.219631,0
                28.112015,46.220396,0
                28.111011,46.220728,0
                28.10799,46.221071,0
                28.106787,46.221462,0
                28.106609,46.222283,0
                28.107432,46.223445,0
                28.109226,46.225054,0
                28.110453,46.226809,0
                28.111732,46.23047,0
                28.112007,46.232466,0
                28.111612,46.234709,0
                28.110284,46.237404,0
                28.1097,46.240049,0
                28.109778,46.241893,0
                28.110602,46.243626,0
                28.112172,46.245431,0
                28.113266,46.246071,0
                28.114314,46.245755,0
                28.115023,46.244901,0
                28.116651,46.240465,0
                28.117786,46.239107,0
                28.118942,46.238833,0
                28.119665,46.239179,0
                28.119909,46.239975,0
                28.119654,46.241272,0
                28.118878,46.242594,0
                28.11905,46.24323,0
                28.119795,46.243279,0
                28.120414,46.242872,0
                28.120976,46.241806,0
                28.121835,46.241561,0
                28.123063,46.241863,0
                28.124248,46.242836,0
                28.127619,46.246174,0
                28.133605,46.250758,0
                28.134482,46.250936,0
                28.135216,46.25078,0
                28.137514,46.248374,0
                28.138548,46.24796,0
                28.140266,46.248188,0
                28.143835,46.250508,0
                28.146086,46.251328,0
                28.146568,46.252091,0
                28.146306,46.253366,0
                28.143961,46.255268,0
                28.142022,46.257102,0
                28.140906,46.257423,0
                28.139806,46.257337,0
                28.132471,46.256013,0
                28.130658,46.255868,0
                28.130296,46.256117,0
                28.129021,46.259276,0
                28.126609,46.261381,0
                28.126547,46.262227,0
                28.127675,46.262496,0
                28.129902,46.262506,0
                28.132209,46.262774,0
                28.134534,46.263269,0
                28.136046,46.263989,0
                28.136468,46.265093,0
                28.134551,46.266768,0
                28.13416,46.267479,0
                28.135563,46.267834,0
                28.136354,46.268402,0
                28.13716,46.271703,0
                28.136864,46.279321,0
                28.137185,46.281612,0
                28.138314,46.283363,0
                28.140015,46.284867,0
                28.142086,46.285858,0
                28.144293,46.286384,0
                28.145983,46.286269,0
                28.147341,46.285933,0
                28.147547,46.285086,0
                28.144793,46.28143,0
                28.143881,46.279725,0
                28.144273,46.278707,0
                28.145681,46.278132,0
                28.148263,46.278065,0
                28.151545,46.278298,0
                28.15252,46.27903,0
                28.153185,46.280394,0
                28.15347,46.281572,0
                28.152833,46.283566,0
                28.151657,46.285626,0
                28.149546,46.289847,0
                28.149089,46.291236,0
                28.149872,46.292137,0
                28.151099,46.292396,0
                28.152615,46.292211,0
                28.153872,46.291575,0
                28.15489,46.290231,0
                28.155966,46.286842,0
                28.156829,46.286142,0
                28.158107,46.286144,0
                28.162616,46.286853,0
                28.164097,46.286664,0
                28.164847,46.286104,0
                28.164556,46.28507,0
                28.162377,46.282827,0
                28.162152,46.282197,0
                28.16265,46.281773,0
                28.164111,46.281783,0
                28.169604,46.282717,0
                28.169906,46.283566,0
                28.169026,46.289082,0
                28.16898,46.292176,0
                28.16919,46.294441,0
                28.170317,46.296889,0
                28.171294,46.297731,0
                28.172634,46.297894,0
                28.173965,46.29738,0
                28.175581,46.296483,0
                28.176833,46.29553,0
                28.176897,46.294366,0
                28.176243,46.293274,0
                28.174101,46.291805,0
                28.172371,46.290484,0
                28.175619,46.288459,0
                28.178682,46.285874,0
                28.180166,46.285303,0
                28.180878,46.285761,0
                28.180879,46.286845,0
                28.178988,46.289694,0
                28.179094,46.2905,0
                28.180801,46.291194,0
                28.182189,46.291069,0
                28.183559,46.290395,0
                28.184844,46.290539,0
                28.186179,46.291521,0
                28.18671,46.293002,0
                28.186575,46.293974,0
                28.185831,46.294609,0
                28.184239,46.294726,0
                28.182215,46.294453,0
                28.180751,46.294866,0
                28.179125,46.296007,0
                28.17828,46.297415,0
                28.177925,46.299169,0
                28.178402,46.300224,0
                28.179141,46.30057,0
                28.179791,46.300536,0
                28.181705,46.299709,0
                28.182383,46.299795,0
                28.187667,46.302536,0
                28.189821,46.30311,0
                28.193831,46.302965,0
                28.195028,46.303104,0
                28.196353,46.303875,0
                28.197665,46.306124,0
                28.20209,46.31075,0
                28.205506,46.314991,0
                28.207414,46.318567,0
                28.20869,46.319425,0
                28.208975,46.320321,0
                28.208463,46.320864,0
                28.207251,46.321063,0
                28.20537,46.320788,0
                28.201522,46.320514,0
                28.201016,46.320801,0
                28.199652,46.326308,0
                28.198527,46.327827,0
                28.19727,46.32824,0
                28.196494,46.328072,0
                28.196027,46.327416,0
                28.195691,46.325979,0
                28.194782,46.32389,0
                28.193639,46.322913,0
                28.192959,46.322869,0
                28.19228,46.323192,0
                28.190972,46.324542,0
                28.189082,46.325845,0
                28.186928,46.326326,0
                28.186586,46.326799,0
                28.186904,46.327568,0
                28.188121,46.328423,0
                28.19178,46.329465,0
                28.192188,46.329933,0
                28.191766,46.330451,0
                28.188629,46.331726,0
                28.185342,46.332365,0
                28.183627,46.333081,0
                28.185065,46.334619,0
                28.186494,46.336346,0
                28.187473,46.337228,0
                28.188055,46.33753,0
                28.188851,46.337326,0
                28.192087,46.334554,0
                28.193353,46.334057,0
                28.19489,46.333899,0
                28.196229,46.33402,0
                28.196788,46.334678,0
                28.196678,46.33563,0
                28.19591,46.33669,0
                28.195024,46.337598,0
                28.194783,46.338585,0
                28.195225,46.339614,0
                28.196429,46.341003,0
                28.198267,46.34199,0
                28.199327,46.342889,0
                28.199231,46.344126,0
                28.197764,46.34564,0
                28.195622,46.346846,0
                28.194615,46.34707,0
                28.193593,46.347076,0
                28.193257,46.3467,0
                28.193996,46.344285,0
                28.194251,46.343139,0
                28.193585,46.342556,0
                28.192589,46.342726,0
                28.190805,46.343549,0
                28.187217,46.345561,0
                28.186749,46.346955,0
                28.185754,46.349109,0
                28.183796,46.351404,0
                28.182838,46.35223,0
                28.183121,46.352866,0
                28.18396,46.353169,0
                28.185172,46.353467,0
                28.186759,46.353626,0
                28.188177,46.353523,0
                28.188845,46.353329,0
                28.188528,46.352825,0
                28.187813,46.352439,0
                28.185886,46.35202,0
                28.185263,46.351682,0
                28.185576,46.351254,0
                28.187014,46.350556,0
                28.189519,46.349605,0
                28.193344,46.349192,0
                28.195068,46.349403,0
                28.196125,46.349658,0
                28.195999,46.350375,0
                28.193579,46.352157,0
                28.192155,46.353392,0
                28.190934,46.355045,0
                28.190628,46.356314,0
                28.190815,46.357399,0
                28.191325,46.35846,0
                28.192399,46.359447,0
                28.193447,46.359664,0
                28.193829,46.359254,0
                28.193295,46.358708,0
                28.192519,46.358317,0
                28.192467,46.357782,0
                28.193082,46.357043,0
                28.19506,46.35658,0
                28.198101,46.356333,0
                28.201336,46.356462,0
                28.205031,46.35735,0
                28.207544,46.358411,0
                28.208398,46.35921,0
                28.207971,46.359773,0
                28.207137,46.360142,0
                28.205955,46.360354,0
                28.204544,46.360364,0
                28.203011,46.360188,0
                28.202016,46.359499,0
                28.201117,46.359128,0
                28.200548,46.359335,0
                28.199891,46.360105,0
                28.199045,46.364213,0
                28.19906,46.364996,0
                28.199557,46.365293,0
                28.200727,46.365299,0
                28.204213,46.364456,0
                28.205558,46.364585,0
                28.205976,46.364967,0
                28.205468,46.365553,0
                28.204396,46.366003,0
                28.203843,46.36669,0
                28.204524,46.367291,0
                28.205685,46.367891,0
                28.20679,46.36877,0
                28.206717,46.369309,0
                28.205933,46.369578,0
                28.204057,46.369654,0
                28.201804,46.369617,0
                28.199403,46.369648,0
                28.198101,46.369235,0
                28.19748,46.369605,0
                28.197289,46.370339,0
                28.197585,46.37129,0
                28.198868,46.372772,0
                28.200291,46.373908,0
                28.201564,46.37427,0
                28.20325,46.374089,0
                28.205298,46.373463,0
                28.208201,46.372446,0
                28.208836,46.372785,0
                28.209078,46.37413,0
                28.210063,46.37707,0
                28.211063,46.378876,0
                28.212417,46.380278,0
                28.213994,46.38136,0
                28.214913,46.381612,0
                28.217551,46.380481,0
                28.218782,46.380478,0
                28.220026,46.380822,0
                28.221053,46.381291,0
                28.221177,46.381787,0
                28.220793,46.382037,0
                28.219888,46.382178,0
                28.2183,46.382289,0
                28.217565,46.382511,0
                28.217501,46.382972,0
                28.218485,46.384488,0
                28.220145,46.386042,0
                28.222677,46.38737,0
                28.223415,46.388089,0
                28.223593,46.388684,0
                28.223415,46.389154,0
                28.222326,46.389401,0
                28.217482,46.39078,0
                28.216353,46.391347,0
                28.215945,46.391931,0
                28.215835,46.392982,0
                28.216193,46.394008,0
                28.217058,46.395516,0
                28.218047,46.395775,0
                28.218726,46.39561,0
                28.22051,46.394554,0
                28.223794,46.392095,0
                28.225273,46.391575,0
                28.226811,46.391218,0
                28.228496,46.391257,0
                28.229989,46.391384,0
                28.231074,46.391597,0
                28.231884,46.391306,0
                28.232604,46.390854,0
                28.233832,46.389906,0
                28.234689,46.389745,0
                28.235491,46.389861,0
                28.23654,46.390503,0
                28.236966,46.391423,0
                28.237891,46.392266,0
                28.23954,46.393364,0
                28.240847,46.393975,0
                28.242504,46.394564,0
                28.242754,46.39514,0
                28.242763,46.395702,0
                28.240918,46.39751,0
                28.239048,46.399765,0
                28.237436,46.40081,0
                28.236474,46.400815,0
                28.235489,46.400689,0
                28.234003,46.40027,0
                28.231428,46.399078,0
                28.229468,46.398442,0
                28.227863,46.39831,0
                28.226319,46.398657,0
                28.225162,46.399244,0
                28.224433,46.400141,0
                28.22457,46.401239,0
                28.225247,46.402328,0
                28.226725,46.40322,0
                28.229582,46.403985,0
                28.231016,46.404024,0
                28.232783,46.403684,0
                28.23474,46.403473,0
                28.237262,46.405068,0
                28.238696,46.406507,0
                28.238516,46.407292,0
                28.237531,46.407528,0
                28.231766,46.407319,0
                28.230839,46.407533,0
                28.230064,46.408375,0
                28.229869,46.409451,0
                28.229834,46.413113,0
                28.230148,46.414837,0
                28.23088,46.41598,0
                28.232071,46.416458,0
                28.233975,46.416832,0
                28.238982,46.416957,0
                28.242858,46.416958,0
                28.248819,46.415079,0
                28.249549,46.41521,0
                28.2501,46.415467,0
                28.250433,46.41706,0
                28.250371,46.420075,0
                28.250841,46.420813,0
                28.251696,46.421402,0
                28.253576,46.421805,0
                28.255222,46.422508,0
                28.257343,46.423675,0
                28.258292,46.424827,0
                28.258647,46.425956,0
                28.258573,46.42698,0
                28.257925,46.428597,0
                28.255322,46.432184,0
                28.255548,46.432947,0
                28.256261,46.433809,0
                28.259874,46.436414,0
                28.26099,46.437326,0
                28.260906,46.43805,0
                28.259893,46.439921,0
                28.25847,46.443232,0
                28.257103,46.446671,0
                28.256549,46.447249,0
                28.255863,46.447373,0
                28.252765,46.447041,0
                28.250606,46.446935,0
                28.24671,46.447435,0
                28.24423,46.447658,0
                28.242851,46.44757,0
                28.242008,46.447739,0
                28.24126,46.448517,0
                28.240133,46.452188,0
                28.240242,46.452786,0
                28.2425,46.454161,0
                28.245362,46.455608,0
                28.248381,46.456817,0
                28.250158,46.457117,0
                28.251811,46.457481,0
                28.253983,46.457832,0
                28.255215,46.45832,0
                28.256553,46.459087,0
                28.257532,46.460317,0
                28.257979,46.46152,0
                28.257491,46.462219,0
                28.256206,46.46258,0
                28.254545,46.462652,0
                28.252207,46.462583,0
                28.249295,46.462886,0
                28.248021,46.46313,0
                28.246406,46.463555,0
                28.245302,46.464468,0
                28.246538,46.465144,0
                28.248369,46.465522,0
                28.25061,46.465838,0
                28.251761,46.46672,0
                28.251411,46.467191,0
                28.248277,46.4678,0
                28.247278,46.468066,0
                28.246445,46.468481,0
                28.245458,46.469154,0
                28.244921,46.469708,0
                28.244888,46.470917,0
                28.245071,46.472566,0
                28.246435,46.475034,0
                28.246504,46.475994,0
                28.246071,46.476847,0
                28.244008,46.478317,0
                28.241805,46.479448,0
                28.240504,46.479871,0
                28.23964,46.479795,0
                28.239029,46.479536,0
                28.237874,46.478713,0
                28.236872,46.477787,0
                28.235883,46.476331,0
                28.235151,46.47603,0
                28.234177,46.476159,0
                28.232977,46.476633,0
                28.230485,46.477879,0
                28.228,46.478607,0
                28.225948,46.479108,0
                28.225015,46.479663,0
                28.224742,46.480213,0
                28.225463,46.481097,0
                28.22702,46.481958,0
                28.231317,46.483845,0
                28.232048,46.484522,0
                28.23199,46.485138,0
                28.231069,46.485739,0
                28.229538,46.486546,0
                28.228747,46.487341,0
                28.228497,46.488161,0
                28.228451,46.489122,0
                28.228695,46.490963,0
                28.230243,46.494065,0
                28.23055,46.495124,0
                28.230124,46.495497,0
                28.228793,46.495634,0
                28.225118,46.495172,0
                28.223975,46.495177,0
                28.223364,46.495632,0
                28.223196,46.496551,0
                28.223391,46.497995,0
                28.222831,46.499522,0
                28.222622,46.500535,0
                28.222069,46.501662,0
                28.221277,46.502472,0
                28.220305,46.502679,0
                28.219583,46.5026,0
                28.218756,46.502093,0
                28.218021,46.501267,0
                28.217003,46.49956,0
                28.216419,46.499026,0
                28.215257,46.498641,0
                28.214034,46.498899,0
                28.212122,46.499021,0
                28.21095,46.499622,0
                28.211381,46.500258,0
                28.213311,46.501535,0
                28.214637,46.502187,0
                28.213905,46.503062,0
                28.212957,46.503591,0
                28.209934,46.50448,0
                28.209007,46.505076,0
                28.208971,46.505878,0
                28.209941,46.507244,0
                28.203809,46.507397,0
                28.196376,46.507624,0
                28.190663,46.507854,0
                28.177992,46.508425,0
                28.170705,46.508785,0
                28.161075,46.509202,0
                28.144014,46.509895,0
                28.136682,46.510164,0
                28.12867,46.510484,0
                28.121893,46.510776,0
                28.112739,46.511103,0
                28.105045,46.511447,0
                28.096741,46.511867,0
                28.083909,46.512459,0
                28.065382,46.514038,0
                28.056208,46.514794,0
                28.049629,46.515351,0
                28.023454,46.518158,0
                28.018187,46.518825,0
                28.00642,46.520137,0
                27.9962,46.52137,0
                27.987173,46.52239,0
                27.973352,46.523914,0
                27.968534,46.524414,0
                27.956965,46.525669,0
                27.949429,46.526442,0
                27.937802,46.527717,0
                27.930439,46.528534,0
                27.923687,46.529239,0
                27.913342,46.530293,0
                27.895506,46.532078,0
                27.881666,46.533708,0
                27.868782,46.535194,0
                27.856414,46.536835,0
                27.844525,46.538439,0
                27.831464,46.540456,0
                27.818073,46.5425,0
                27.803397,46.544997,0
                27.789936,46.54731,0
                27.775443,46.549739,0
                27.760727,46.55223,0
                27.745252,46.554858,0
                27.725374,46.558718,0
                27.7115,46.561839,0
                27.698204,46.564981,0
                27.677236,46.569896,0
                27.663162,46.573724,0
                27.639501,46.580053,0
                27.626032,46.583668,0
                27.610954,46.587636,0
                27.593657,46.592087,0
                27.579807,46.595467,0
                27.577517,46.596209,0
                27.560387,46.601479,0
                27.543552,46.606609,0
                27.52523,46.612231,0
                27.507055,46.617999,0
                27.487233,46.624361,0
                27.477364,46.627558,0
                27.467789,46.63073,0
                27.458931,46.633472,0
                27.440485,46.639281,0
                27.425069,46.644086,0
                27.41377,46.647481,0
                27.399197,46.651766,0
                27.391452,46.653878,0
                27.371403,46.659261,0
                27.360272,46.662195,0
                27.347205,46.665673,0
                27.332552,46.669716,0
                27.314495,46.674789,0
                27.285559,46.682834,0
                27.283292,46.683485,0
                27.267137,46.688618,0
                27.253927,46.692702,0
                27.243604,46.696023,0
                27.230943,46.700224,0
                27.217434,46.704641,0
                27.202814,46.709301,0
                27.184838,46.715103,0
                27.161901,46.720812,0
                27.148161,46.724026,0
                27.137149,46.726656,0
                27.122469,46.730304,0
                27.103103,46.735497,0
                27.089678,46.739365,0
                27.070428,46.7464,0
                27.0483,46.754428,0
                27.04391,46.756092,0
                27.027616,46.762819,0
                27.008608,46.770105,0
                26.994118,46.776444,0
                26.969602,46.787025,0
                26.938408,46.802795,0
                26.93016,46.807214,0
                26.919036,46.813208,0
                26.898969,46.825973,0
                26.881962,46.838131,0
                26.867714,46.848915,0
                26.853314,46.862301,0
                26.844321,46.872103,0
                26.833966,46.885016,0
                26.825872,46.895783,0
                26.821391,46.902442,0
                26.816659,46.910987,0
                26.810019,46.926629,0
                26.805243,46.938658,0
                26.800374,46.950547,0
                26.794101,46.96561,0
                26.789819,46.975978,0
                26.783815,46.989462,0
                26.77787,47.003432,0
                26.772341,47.01567,0
                26.767567,47.027195,0
                26.761184,47.043918,0
                26.75749,47.054773,0
                26.754921,47.06427,0
                26.752219,47.074597,0
                26.749031,47.086464,0
                26.745317,47.100114,0
                26.742962,47.109339,0
                26.741039,47.117058,0
                26.738587,47.128422,0
                26.732364,47.159089,0
                26.7296,47.171236,0
                26.727986,47.17814,0
                26.725369,47.187343,0
                26.72357,47.193308,0
                26.72007,47.205372,0
                26.719433,47.207534,0
                26.716537,47.216411,0
                26.714707,47.221752,0
                26.713191,47.226283,0
                26.711788,47.230108,0
                26.709485,47.236219,0
                26.706334,47.244726,0
                26.699788,47.263659,0
                26.696941,47.271915,0
                26.693405,47.281991,0
                26.691442,47.287411,0
                26.689464,47.29265,0
                26.686256,47.30349,0
                26.685554,47.306466,0
                26.683939,47.312798,0
                26.68187,47.321076,0
                26.679486,47.331282,0
                26.678521,47.335223,0
                26.676551,47.342579,0
                26.67418,47.35154,0
                26.672381,47.358152,0
                26.670008,47.366742,0
                26.668623,47.371832,0
                26.667259,47.376553,0
                26.665119,47.383744,0
                26.661522,47.393527,0
                26.660234,47.39725,0
                26.657763,47.403041,0
                26.654446,47.410886,0
                26.651973,47.416409,0
                26.647745,47.425319,0
                26.641557,47.436336,0
                26.635544,47.447152,0
                26.632173,47.453063,0
                26.628148,47.459669,0
                26.62465,47.465474,0
                26.617826,47.475657,0
                26.611665,47.484312,0
                26.609353,47.487447,0
                26.601185,47.497888,0
                26.59194,47.509118,0
                26.58779,47.514303,0
                26.581813,47.521824,0
                26.574799,47.529695,0
                26.566661,47.538047,0
                26.557159,47.547555,0
                26.549621,47.555285,0
                26.540767,47.564335,0
                26.531465,47.573972,0
                26.522091,47.58393,0
                26.516077,47.590545,0
                26.508414,47.598834,0
                26.501455,47.60651,0
                26.492867,47.615721,0
                26.478409,47.631102,0
                26.473567,47.63631,0
                26.46256,47.646755,0
                26.4545,47.654433,0
                26.445862,47.662608,0
                26.438999,47.66927,0
                26.432364,47.675363,0
                26.42558,47.68165,0
                26.414868,47.691615,0
                26.405955,47.698915,0
                26.392296,47.710136,0
                26.364315,47.731062,0
                26.35769,47.73604,0
                26.33222,47.756178,0
                26.32316,47.76378,0
                26.309373,47.775518,0
                26.295308,47.78851,0
                26.285527,47.797648,0
                26.281103,47.801714,0
                26.272532,47.809475,0
                26.263659,47.817403,0
                26.253323,47.827351,0
                26.24487,47.835649,0
                26.23409,47.846401,0
                26.225718,47.854803,0
                26.215412,47.865726,0
                26.209524,47.87209,0
                26.203028,47.879024,0
                26.194307,47.888257,0
                26.18528,47.898028,0
                26.17695,47.906906,0
                26.166263,47.917983,0
                26.160342,47.924009,0
                26.151872,47.931836,0
                26.141179,47.941444,0
                26.130721,47.950686,0
                26.123136,47.957269,0
                26.116542,47.963322,0
                26.106619,47.972487,0
                26.100312,47.97837,0
                26.082757,47.983009,0
                26.072322,47.985805,0
                26.061136,47.988007,0
                26.056563,47.98738,0
                26.044111,47.985507,0
                26.034354,47.984059,0
                26.022192,47.982208,0
                26.015711,47.981134,0
                26.006579,47.979908,0
                25.998192,47.978762,0
                25.99611,47.978369,0
                25.986079,47.976856,0
                25.978521,47.975791,0
                25.974362,47.975165,0
                25.971873,47.974697,0
                25.964995,47.97328,0
                25.960734,47.972525,0
                25.960141,47.972378,0
                25.952157,47.970722,0
                25.951141,47.970904,0
                25.944177,47.973205,0
                25.941747,47.974679,0
                25.940375,47.975801,0
                25.934488,47.976408,0
                25.929828,47.976998,0
                25.925294,47.977298,0
                25.915485,47.977435,0
                25.914507,47.977354,0
                25.9115,47.972325,0
                25.909515,47.969118,0
                25.907818,47.964877,0
                25.900946,47.963327,0
                25.891872,47.961248,0
                25.887097,47.961839,0
                25.879887,47.962954,0
                25.873409,47.966227,0
                25.868663,47.967602,0
                25.861182,47.970104,0
                25.849638,47.968723,0
                25.844341,47.967981,0
                25.836868,47.966881,0
                25.825728,47.963796,0
                25.822091,47.958902,0
                25.818581,47.954011,0
                25.812052,47.951511,0
                25.801904,47.947819,0
                25.795289,47.945291,0
                25.78824,47.943213,0
                25.774566,47.939397,0
                25.762021,47.940185,0
                25.759287,47.940266,0
                25.755264,47.940512,0
                25.750561,47.940768,0
                25.737773,47.941656,0
                25.733347,47.945743,0
                25.729464,47.944764,0
                25.725055,47.943903,0
                25.720561,47.94441,0
                25.717942,47.940918,0
                25.715726,47.94112,0
                25.715162,47.940977,0
                25.71451,47.941415,0
                25.713795,47.941437,0
                25.713018,47.94083,0
                25.712644,47.940818,0
                25.71238,47.941114,0
                25.711245,47.941379,0
                25.710847,47.941294,0
                25.710521,47.940687,0
                25.710042,47.940913,0
                25.709633,47.941336,0
                25.708962,47.941306,0
                25.708551,47.941529,0
                25.708407,47.942554,0
                25.706914,47.942569,0
                25.70636,47.942408,0
                25.705865,47.942703,0
                25.705612,47.943475,0
                25.705408,47.943558,0
                25.703688,47.943641,0
                25.702866,47.943565,0
                25.701673,47.944003,0
                25.700169,47.944411,0
                25.698873,47.944991,0
                25.698038,47.945077,0
                25.697936,47.945447,0
                25.697436,47.945532,0
                25.696869,47.945145,0
                25.696448,47.945207,0
                25.695617,47.944855,0
                25.694492,47.945236,0
                25.693921,47.945223,0
                25.693205,47.945517,0
                25.692752,47.945439,0
                25.6926,47.945096,0
                25.692712,47.944502,0
                25.692544,47.94425,0
                25.691513,47.944035,0
                25.690412,47.944065,0
                25.689834,47.944355,0
                25.689617,47.944678,0
                25.689776,47.94515,0
                25.688862,47.945982,0
                25.687673,47.946122,0
                25.687283,47.945965,0
                25.68733,47.945074,0
                25.686866,47.944248,0
                25.686019,47.943846,0
                25.684509,47.944175,0
                25.684054,47.944123,0
                25.683531,47.944339,0
                25.681613,47.944653,0
                25.680623,47.944984,0
                25.679631,47.944804,0
                25.679482,47.945401,0
                25.679224,47.945451,0
                25.67923,47.945901,0
                25.67882,47.945927,0
                25.677581,47.945616,0
                25.676575,47.945685,0
                25.676082,47.945555,0
                25.675578,47.946209,0
                25.675111,47.946314,0
                25.674401,47.946115,0
                25.673663,47.946385,0
                25.672576,47.946139,0
                25.672122,47.946342,0
                25.671305,47.946264,0
                25.670912,47.946425,0
                25.670351,47.946216,0
                25.669737,47.946258,0
                25.669425,47.946463,0
                25.669348,47.94698,0
                25.6677,47.947215,0
                25.667091,47.947616,0
                25.666302,47.947439,0
                25.665254,47.948059,0
                25.664735,47.94761,0
                25.664319,47.947758,0
                25.664241,47.948304,0
                25.663676,47.948202,0
                25.663449,47.948436,0
                25.662891,47.948288,0
                25.662347,47.948494,0
                25.661429,47.948634,0
                25.660345,47.94831,0
                25.659867,47.948329,0
                25.659091,47.948658,0
                25.658543,47.948723,0
                25.656949,47.948285,0
                25.656682,47.948433,0
                25.657036,47.949053,0
                25.65693,47.94937,0
                25.65571,47.949291,0
                25.655388,47.948945,0
                25.654078,47.948902,0
                25.654097,47.948411,0
                25.65339,47.948597,0
                25.652199,47.948365,0
                25.651707,47.948451,0
                25.651683,47.948912,0
                25.651432,47.949081,0
                25.650488,47.948917,0
                25.650359,47.948383,0
                25.648697,47.948293,0
                25.647825,47.948541,0
                25.647412,47.949192,0
                25.646245,47.949292,0
                25.646243,47.948784,0
                25.645748,47.948802,0
                25.644129,47.949412,0
                25.642771,47.949484,0
                25.641127,47.949047,0
                25.625472,47.948768,0
                25.619679,47.946986,0
                25.614927,47.945363,0
                25.610663,47.944071,0
                25.60009,47.940817,0
                25.598175,47.940032,0
                25.591716,47.938159,0
                25.577567,47.937375,0
                25.570516,47.936971,0
                25.55801,47.936139,0
                25.555411,47.936079,0
                25.548133,47.935711,0
                25.545549,47.935435,0
                25.538718,47.935193,0
                25.537217,47.935281,0
                25.536112,47.935646,0
                25.535243,47.935805,0
                25.534718,47.935774,0
                25.533801,47.935287,0
                25.533494,47.934687,0
                25.53124,47.934695,0
                25.529072,47.934466,0
                25.527605,47.934394,0
                25.52582,47.934427,0
                25.522059,47.934228,0
                25.514573,47.933726,0
                25.509839,47.933268,0
                25.501902,47.932644,0
                25.498302,47.932403,0
                25.4905,47.931411,0
                25.485633,47.930931,0
                25.478652,47.93008,0
                25.477125,47.929935,0
                25.466576,47.928796,0
                25.448029,47.926726,0
                25.434325,47.925249,0
                25.428784,47.924569,0
                25.422032,47.923875,0
                25.421233,47.923703,0
                25.41596,47.923197,0
                25.399308,47.921283,0
                25.394943,47.920836,0
                25.389383,47.920113,0
                25.386261,47.91984,0
                25.384934,47.919658,0
                25.379063,47.919047,0
                25.376366,47.918797,0
                25.372132,47.918207,0
                25.362919,47.917377,0
                25.349994,47.916096,0
                25.348904,47.916182,0
                25.346923,47.915775,0
                25.346216,47.915419,0
                25.344607,47.915123,0
                25.343763,47.914693,0
                25.341428,47.914067,0
                25.339413,47.913924,0
                25.336532,47.913993,0
                25.335695,47.913931,0
                25.334243,47.913518,0
                25.33174,47.913475,0
                25.330046,47.913784,0
                25.326878,47.91357,0
                25.325723,47.913415,0
                25.319404,47.913768,0
                25.310983,47.914131,0
                25.30927,47.91331,0
                25.307284,47.912264,0
                25.305123,47.910824,0
                25.301155,47.908743,0
                25.300346,47.908412,0
                25.296927,47.906471,0
                25.293365,47.904609,0
                25.289401,47.902618,0
                25.287719,47.901742,0
                25.286231,47.901113,0
                25.284662,47.900116,0
                25.282646,47.899143,0
                25.27244,47.893666,0
                25.270376,47.89272,0
                25.268216,47.891984,0
                25.265972,47.893526,0
                25.26516,47.893808,0
                25.264177,47.893976,0
                25.262525,47.893937,0
                25.260946,47.893388,0
                25.258824,47.89237,0
                25.258206,47.892192,0
                25.257578,47.892217,0
                25.256902,47.892555,0
                25.256066,47.893255,0
                25.25348,47.895116,0
                25.251479,47.8959,0
                25.250016,47.896071,0
                25.249384,47.895989,0
                25.246735,47.894858,0
                25.245948,47.894294,0
                25.24515,47.893962,0
                25.244524,47.893962,0
                25.243785,47.894241,0
                25.243463,47.89464,0
                25.241912,47.895313,0
                25.238762,47.895884,0
                25.237864,47.895408,0
                25.23342,47.894184,0
                25.229912,47.893026,0
                25.229572,47.89272,0
                25.229112,47.89198,0
                25.228122,47.890142,0
                25.227477,47.888615,0
                25.224349,47.882596,0
                25.221368,47.883052,0
                25.22103,47.881643,0
                25.22109,47.881298,0
                25.222475,47.879009,0
                25.224711,47.87288,0
                25.222392,47.869887,0
                25.222158,47.869428,0
                25.221963,47.865682,0
                25.221707,47.858788,0
                25.219237,47.858175,0
                25.206227,47.853621,0
                25.206033,47.852914,0
                25.204712,47.852483,0
                25.204674,47.851719,0
                25.204891,47.851073,0
                25.204627,47.850886,0
                25.202499,47.8508,0
                25.201643,47.850639,0
                25.200887,47.8501,0
                25.200871,47.849659,0
                25.201347,47.848423,0
                25.201433,47.847855,0
                25.201008,47.847401,0
                25.200439,47.847118,0
                25.200024,47.84625,0
                25.200305,47.845176,0
                25.200995,47.843889,0
                25.201462,47.843386,0
                25.201711,47.842574,0
                25.201349,47.841676,0
                25.201553,47.840914,0
                25.202123,47.83971,0
                25.201513,47.83936,0
                25.200161,47.839635,0
                25.199651,47.839436,0
                25.198973,47.838871,0
                25.198211,47.838056,0
                25.197452,47.836617,0
                25.196663,47.835788,0
                25.196426,47.834277,0
                25.196167,47.833769,0
                25.195555,47.833716,0
                25.194573,47.833817,0
                25.193032,47.833076,0
                25.192695,47.832702,0
                25.191372,47.832077,0
                25.19073,47.830684,0
                25.190415,47.830215,0
                25.189228,47.829413,0
                25.188655,47.829158,0
                25.18652,47.828552,0
                25.185957,47.828519,0
                25.184365,47.82871,0
                25.183631,47.828611,0
                25.183244,47.828362,0
                25.183249,47.827912,0
                25.182701,47.827036,0
                25.181292,47.826064,0
                25.179987,47.825767,0
                25.179727,47.825489,0
                25.179732,47.824412,0
                25.179961,47.823946,0
                25.179711,47.82319,0
                25.180418,47.822277,0
                25.180576,47.820801,0
                25.179799,47.819457,0
                25.179971,47.818167,0
                25.179861,47.817704,0
                25.17921,47.816517,0
                25.177852,47.815611,0
                25.176796,47.815487,0
                25.177182,47.813767,0
                25.16762,47.809398,0
                25.166846,47.808732,0
                25.168168,47.806597,0
                25.170025,47.804838,0
                25.170384,47.801168,0
                25.170768,47.796464,0
                25.170107,47.795434,0
                25.168396,47.793598,0
                25.167021,47.791541,0
                25.1655,47.790438,0
                25.164024,47.789957,0
                25.162347,47.789838,0
                25.160895,47.789496,0
                25.159756,47.789372,0
                25.154395,47.7892,0
                25.153369,47.789189,0
                25.152659,47.78933,0
                25.151246,47.790145,0
                25.148853,47.792127,0
                25.147196,47.791235,0
                25.144752,47.788037,0
                25.143235,47.786562,0
                25.142218,47.78586,0
                25.140984,47.785315,0
                25.138209,47.784399,0
                25.137077,47.78392,0
                25.134164,47.782234,0
                25.133513,47.780977,0
                25.132787,47.780239,0
                25.129255,47.778795,0
                25.129226,47.778433,0
                25.128628,47.777223,0
                25.127601,47.776324,0
                25.125464,47.774823,0
                25.122979,47.772623,0
                25.119614,47.770537,0
                25.117016,47.768717,0
                25.116295,47.767481,0
                25.116054,47.766539,0
                25.115975,47.765252,0
                25.11551,47.763921,0
                25.115534,47.762996,0
                25.116034,47.761501,0
                25.116102,47.760413,0
                25.116056,47.758115,0
                25.116366,47.757046,0
                25.116223,47.756225,0
                25.115754,47.755335,0
                25.115623,47.75475,0
                25.114341,47.754409,0
                25.112628,47.754083,0
                25.110133,47.753825,0
                25.103366,47.752908,0
                25.102188,47.752197,0
                25.097706,47.749127,0
                25.093062,47.749183,0
                25.092,47.749135,0
                25.088584,47.748742,0
                25.08665,47.747256,0
                25.085356,47.746099,0
                25.084358,47.745503,0
                25.083142,47.745174,0
                25.082153,47.745117,0
                25.076799,47.745353,0
                25.073029,47.743889,0
                25.068171,47.741818,0
                25.065571,47.740682,0
                25.064112,47.740424,0
                25.062837,47.740449,0
                25.062381,47.740661,0
                25.061271,47.741569,0
                25.058713,47.743305,0
                25.054866,47.745814,0
                25.053995,47.746214,0
                25.053005,47.746358,0
                25.053544,47.74566,0
                25.053792,47.745029,0
                25.053872,47.744089,0
                25.053563,47.743064,0
                25.05246,47.742004,0
                25.05132,47.741143,0
                25.049936,47.739477,0
                25.049316,47.73851,0
                25.047925,47.737576,0
                25.046976,47.736701,0
                25.046634,47.736152,0
                25.046106,47.735749,0
                25.045112,47.734716,0
                25.044788,47.734235,0
                25.04463,47.733008,0
                25.042936,47.731814,0
                25.042285,47.731021,0
                25.041712,47.729435,0
                25.04132,47.728773,0
                25.041,47.727514,0
                25.041408,47.726835,0
                25.040715,47.725637,0
                25.040162,47.725215,0
                25.037911,47.725425,0
                25.036974,47.72578,0
                25.034881,47.726155,0
                25.033492,47.726714,0
                25.030977,47.727189,0
                25.029609,47.727704,0
                25.028985,47.728105,0
                25.028381,47.729127,0
                25.025987,47.730976,0
                25.024761,47.731191,0
                25.023193,47.730956,0
                25.022157,47.730701,0
                25.019725,47.730508,0
                25.017693,47.731062,0
                25.015993,47.731058,0
                25.015409,47.731557,0
                25.013497,47.732208,0
                25.012238,47.733078,0
                25.010898,47.733441,0
                25.008341,47.733953,0
                25.006848,47.733922,0
                25.004344,47.731771,0
                25.002086,47.730182,0
                25.00146,47.7294,0
                25.001161,47.728419,0
                25.001518,47.727518,0
                25.001447,47.727075,0
                25.000065,47.726676,0
                24.997555,47.725347,0
                24.996504,47.725114,0
                24.995337,47.725033,0
                24.993737,47.725122,0
                24.992891,47.725441,0
                24.989259,47.728327,0
                24.98588,47.728933,0
                24.983334,47.729548,0
                24.982602,47.729482,0
                24.970981,47.729211,0
                24.965525,47.729216,0
                24.963476,47.72918,0
                24.954874,47.728944,0
                24.950471,47.728965,0
                24.946028,47.728871,0
                24.944466,47.728809,0
                24.934845,47.727893,0
                24.93087,47.727642,0
                24.928781,47.727344,0
                24.92245,47.726654,0
                24.917318,47.726122,0
                24.906851,47.725073,0
                24.904443,47.724897,0
                24.901066,47.724565,0
                24.897096,47.724452,0
                24.889668,47.724274,0
                24.882993,47.724069,0
                24.885538,47.730597,0
                24.886305,47.73363,0
                24.883055,47.735576,0
                24.882484,47.736096,0
                24.881416,47.738242,0
                24.88079,47.739881,0
                24.880369,47.742469,0
                24.880187,47.743945,0
                24.880421,47.745242,0
                24.880383,47.745803,0
                24.877734,47.748435,0
                24.877585,47.748851,0
                24.878277,47.752422,0
                24.878189,47.752521,0
                24.870477,47.756835,0
                24.868414,47.758388,0
                24.866097,47.759681,0
                24.858609,47.7636,0
                24.856665,47.764738,0
                24.855278,47.765409,0
                24.854903,47.77028,0
                24.852367,47.771854,0
                24.851977,47.772291,0
                24.851888,47.772755,0
                24.851243,47.774271,0
                24.850793,47.774641,0
                24.845125,47.776509,0
                24.840475,47.777981,0
                24.836248,47.779456,0
                24.835817,47.78173,0
                24.836039,47.782577,0
                24.836682,47.7841,0
                24.837452,47.786349,0
                24.836777,47.791633,0
                24.836535,47.793332,0
                24.833448,47.797435,0
                24.828817,47.799846,0
                24.821407,47.805991,0
                24.822402,47.808383,0
                24.823643,47.81124,0
                24.823126,47.812628,0
                24.823849,47.813954,0
                24.826638,47.817023,0
                24.827977,47.817847,0
                24.827793,47.820376,0
                24.821775,47.821291,0
                24.816965,47.821623,0
                24.814536,47.822164,0
                24.812885,47.822654,0
                24.810581,47.822707,0
                24.808169,47.823023,0
                24.806373,47.822694,0
                24.804582,47.822159,0
                24.80123,47.822758,0
                24.798238,47.824271,0
                24.797205,47.824564,0
                24.793535,47.824876,0
                24.789416,47.824821,0
                24.78799,47.824544,0
                24.786308,47.823921,0
                24.784052,47.82326,0
                24.782037,47.825561,0
                24.781798,47.827957,0
                24.77938,47.830325,0
                24.778728,47.831178,0
                24.778445,47.83291,0
                24.778218,47.834721,0
                24.778045,47.837228,0
                24.772898,47.837,0
                24.771827,47.837117,0
                24.76517,47.83911,0
                24.758184,47.836984,0
                24.756452,47.834273,0
                24.752936,47.829499,0
                24.750275,47.831674,0
                24.745848,47.834748,0
                24.743772,47.835623,0
                24.741201,47.836562,0
                24.740211,47.837152,0
                24.739483,47.838614,0
                24.739316,47.840984,0
                24.734301,47.843743,0
                24.732921,47.843088,0
                24.730642,47.842173,0
                24.728982,47.84127,0
                24.728075,47.840861,0
                24.727294,47.840822,0
                24.724706,47.841036,0
                24.723894,47.841223,0
                24.720848,47.839473,0
                24.719856,47.839003,0
                24.714866,47.840012,0
                24.710095,47.840114,0
                24.706746,47.839881,0
                24.706074,47.839981,0
                24.705571,47.840307,0
                24.704673,47.841664,0
                24.70415,47.842722,0
                24.704528,47.848928,0
                24.702968,47.852373,0
                24.692834,47.855792,0
                24.690432,47.85613,0
                24.687277,47.856163,0
                24.685671,47.856847,0
                24.682406,47.858677,0
                24.681782,47.859575,0
                24.681041,47.861231,0
                24.673023,47.863177,0
                24.672446,47.863643,0
                24.670505,47.865781,0
                24.669721,47.869747,0
                24.668389,47.870602,0
                24.667714,47.871803,0
                24.667816,47.873068,0
                24.665769,47.8763,0
                24.668158,47.881036,0
                24.667335,47.88468,0
                24.667299,47.885535,0
                24.668782,47.887115,0
                24.670742,47.889527,0
                24.671772,47.891605,0
                24.672606,47.892467,0
                24.673215,47.893535,0
                24.67378,47.896268,0
                24.669765,47.898707,0
                24.668546,47.900199,0
                24.66789,47.902358,0
                24.665625,47.903627,0
                24.664594,47.904528,0
                24.663594,47.905087,0
                24.66167,47.907402,0
                24.660963,47.908791,0
                24.658488,47.908754,0
                24.652387,47.910473,0
                24.653903,47.913558,0
                24.651689,47.918953,0
                24.647886,47.920417,0
                24.645852,47.921042,0
                24.643215,47.92175,0
                24.639954,47.922728,0
                24.637847,47.923312,0
                24.635108,47.924295,0
                24.636334,47.929639,0
                24.632297,47.933308,0
                24.629771,47.93396,0
                24.631073,47.937201,0
                24.632213,47.939822,0
                24.630575,47.941007,0
                24.630224,47.942145,0
                24.630073,47.943,0
                24.630096,47.944249,0
                24.628232,47.947911,0
                24.623469,47.951684,0
                24.616478,47.950864,0
                24.614683,47.950775,0
                24.613279,47.951157,0
                24.610607,47.951591,0
                24.6062,47.949076,0
                24.604395,47.947874,0
                24.602045,47.945883,0
                24.601625,47.945208,0
                24.597208,47.946185,0
                24.595783,47.94681,0
                24.597586,47.948435,0
                24.598395,47.949937,0
                24.595858,47.952141,0
                24.595467,47.953043,0
                24.595479,47.954163,0
                24.593559,47.955743,0
                24.592195,47.956755,0
                24.586994,47.959229,0
                24.583991,47.960706,0
                24.582838,47.964881,0
                24.575218,47.967319,0
                24.569396,47.967841,0
                24.564487,47.96823,0
                24.562508,47.968235,0
                24.560304,47.967095,0
                24.559487,47.966569,0
                24.557953,47.965126,0
                24.556106,47.963832,0
                24.555994,47.961078,0
                24.553651,47.959402,0
                24.552343,47.958583,0
                24.55106,47.958536,0
                24.550098,47.958644,0
                24.549577,47.959927,0
                24.541834,47.961163,0
                24.536936,47.961911,0
                24.533699,47.961228,0
                24.531002,47.960615,0
                24.530013,47.960745,0
                24.527406,47.961527,0
                24.52695,47.961462,0
                24.524892,47.960458,0
                24.524024,47.959973,0
                24.522652,47.958971,0
                24.520763,47.95795,0
                24.520106,47.957659,0
                24.517875,47.956432,0
                24.515471,47.954706,0
                24.513463,47.953633,0
                24.513597,47.952176,0
                24.512182,47.951766,0
                24.507936,47.951976,0
                24.505813,47.952034,0
                24.502093,47.952209,0
                24.498757,47.953686,0
                24.494343,47.955243,0
                24.487368,47.955679,0
                24.485223,47.957403,0
                24.481253,47.959215,0
                24.47966,47.959862,0
                24.475075,47.961024,0
                24.474947,47.961556,0
                24.474587,47.962111,0
                24.473757,47.962485,0
                24.471741,47.963058,0
                24.466937,47.961934,0
                24.464337,47.961623,0
                24.46189,47.96197,0
                24.459776,47.962368,0
                24.45419,47.962906,0
                24.452457,47.962955,0
                24.451036,47.962875,0
                24.450316,47.962914,0
                24.448027,47.963526,0
                24.446893,47.963882,0
                24.443097,47.966143,0
                24.436403,47.970083,0
                24.435678,47.970166,0
                24.43324,47.969482,0
                24.430935,47.968517,0
                24.428409,47.967214,0
                24.426179,47.965661,0
                24.424314,47.964563,0
                24.420275,47.962245,0
                24.415539,47.959577,0
                24.412299,47.96002,0
                24.409542,47.960016,0
                24.407785,47.959485,0
                24.404389,47.957753,0
                24.403102,47.957058,0
                24.4011,47.955686,0
                24.398705,47.955866,0
                24.397125,47.955783,0
                24.39609,47.955032,0
                24.39381,47.95423,0
                24.392123,47.952638,0
                24.392086,47.948282,0
                24.391317,47.947187,0
                24.390229,47.945969,0
                24.38812,47.944345,0
                24.385556,47.940686,0
                24.383038,47.939814,0
                24.38267,47.938644,0
                24.381536,47.936235,0
                24.380927,47.935418,0
                24.38027,47.933572,0
                24.380571,47.93126,0
                24.380958,47.930707,0
                24.380881,47.930145,0
                24.381197,47.928719,0
                24.381606,47.926508,0
                24.378214,47.925439,0
                24.373654,47.924274,0
                24.369294,47.923316,0
                24.367661,47.922825,0
                24.365606,47.921925,0
                24.363106,47.920726,0
                24.360013,47.91939,0
                24.358365,47.918911,0
                24.356682,47.918523,0
                24.353361,47.916474,0
                24.352243,47.916219,0
                24.349968,47.915264,0
                24.345969,47.914704,0
                24.344374,47.914399,0
                24.340267,47.916943,0
                24.338575,47.918052,0
                24.334724,47.917703,0
                24.327752,47.922444,0
                24.327804,47.923022,0
                24.32535,47.925121,0
                24.32476,47.925742,0
                24.320044,47.923177,0
                24.315653,47.922924,0
                24.311247,47.920009,0
                24.309569,47.918427,0
                24.308471,47.917805,0
                24.30685,47.917275,0
                24.303711,47.917006,0
                24.301782,47.914414,0
                24.300208,47.913419,0
                24.299112,47.912516,0
                24.29775,47.91111,0
                24.295641,47.911075,0
                24.294203,47.911228,0
                24.287148,47.909339,0
                24.286328,47.908745,0
                24.283645,47.907887,0
                24.281636,47.907187,0
                24.279626,47.905729,0
                24.277254,47.905876,0
                24.275704,47.90607,0
                24.274943,47.906274,0
                24.272391,47.906182,0
                24.269253,47.906293,0
                24.267231,47.906937,0
                24.265293,47.907324,0
                24.264748,47.907344,0
                24.263789,47.907022,0
                24.26109,47.907218,0
                24.255545,47.906782,0
                24.254627,47.906257,0
                24.25355,47.905818,0
                24.25213,47.90484,0
                24.25056,47.904135,0
                24.248628,47.902942,0
                24.24845,47.902633,0
                24.246934,47.901779,0
                24.244488,47.901553,0
                24.241458,47.900824,0
                24.239397,47.899653,0
                24.237886,47.898504,0
                24.23511,47.897667,0
                24.232934,47.897369,0
                24.229851,47.897238,0
                24.225658,47.897471,0
                24.223323,47.898041,0
                24.221268,47.898792,0
                24.219114,47.901644,0
                24.21827,47.903654,0
                24.209389,47.909729,0
                24.200284,47.914659,0
                24.196795,47.917541,0
                24.1925,47.918419,0
                24.187992,47.918466,0
                24.174999,47.916978,0
                24.166109,47.919128,0
                24.165355,47.918056,0
                24.163798,47.916806,0
                24.162627,47.916246,0
                24.160864,47.91599,0
                24.15952,47.916056,0
                24.157736,47.916741,0
                24.156244,47.916939,0
                24.154435,47.917065,0
                24.151993,47.916706,0
                24.147425,47.91405,0
                24.14649,47.913185,0
                24.145262,47.912614,0
                24.143546,47.912533,0
                24.140816,47.912983,0
                24.132482,47.915067,0
                24.128852,47.91585,0
                24.117972,47.914878,0
                24.115526,47.91496,0
                24.113546,47.915658,0
                24.111434,47.916876,0
                24.103414,47.926273,0
                24.101427,47.92922,0
                24.100947,47.931439,0
                24.100763,47.934141,0
                24.100132,47.936043,0
                24.0947,47.938757,0
                24.087463,47.941904,0
                24.07622,47.945791,0
                24.071811,47.947757,0
                24.06579,47.952152,0
                24.064117,47.952625,0
                24.060742,47.953008,0
                24.049983,47.952533,0
                24.046211,47.952025,0
                24.039733,47.95012,0
                24.038226,47.949774,0
                24.036343,47.949501,0
                24.034721,47.949485,0
                24.033346,47.949758,0
                24.031653,47.951184,0
                24.028246,47.956244,0
                24.024776,47.959056,0
                24.01599,47.964972,0
                24.013422,47.966319,0
                24.009664,47.967195,0
                24.007749,47.9668,0
                24.005765,47.965973,0
                24.004341,47.965128,0
                24.002686,47.963784,0
                23.999996,47.961974,0
                23.997085,47.96161,0
                23.995277,47.961503,0
                23.993975,47.961086,0
                23.991025,47.960787,0
                23.988015,47.95997,0
                23.986875,47.959501,0
                23.985701,47.959382,0
                23.984484,47.959419,0
                23.98356,47.959618,0
                23.98272,47.960382,0
                23.982422,47.96139,0
                23.982623,47.964588,0
                23.982222,47.965686,0
                23.980333,47.96698,0
                23.978149,47.967488,0
                23.976725,47.967615,0
                23.976064,47.967548,0
                23.974002,47.966864,0
                23.972409,47.965587,0
                23.971766,47.963696,0
                23.971228,47.962785,0
                23.970379,47.962346,0
                23.969163,47.962406,0
                23.966193,47.963542,0
                23.96349,47.964208,0
                23.962137,47.964272,0
                23.958977,47.964068,0
                23.954723,47.962976,0
                23.951851,47.961334,0
                23.951674,47.960024,0
                23.952196,47.956288,0
                23.951938,47.955142,0
                23.95118,47.954307,0
                23.947434,47.951155,0
                23.945109,47.948588,0
                23.943811,47.947662,0
                23.942192,47.946761,0
                23.936008,47.94545,0
                23.931814,47.945257,0
                23.920073,47.945458,0
                23.918882,47.945439,0
                23.916071,47.946576,0
                23.914409,47.946691,0
                23.912451,47.946465,0
                23.907879,47.945223,0
                23.907235,47.944497,0
                23.905945,47.944107,0
                23.89351,47.944186,0
                23.888904,47.94377,0
                23.885848,47.943427,0
                23.884513,47.943102,0
                23.8828,47.942393,0
                23.881939,47.941576,0
                23.879308,47.939821,0
                23.873086,47.934237,0
                23.869216,47.932276,0
                23.867795,47.93225,0
                23.866022,47.932662,0
                23.86221,47.934657,0
                23.861123,47.935714,0
                23.857526,47.937472,0
                23.855224,47.938546,0
                23.853099,47.938907,0
                23.851469,47.939529,0
                23.850012,47.940487,0
                23.846991,47.945596,0
                23.846161,47.946737,0
                23.842222,47.949116,0
                23.841578,47.950038,0
                23.842786,47.952355,0
                23.842916,47.953042,0
                23.842597,47.953987,0
                23.841945,47.954426,0
                23.838724,47.955591,0
                23.837839,47.95573,0
                23.836529,47.956461,0
                23.835439,47.957685,0
                23.835208,47.958802,0
                23.835516,47.960437,0
                23.836107,47.9613,0
                23.836545,47.963358,0
                23.836533,47.964804,0
                23.836244,47.965594,0
                23.835382,47.966906,0
                23.834092,47.968157,0
                23.832464,47.969047,0
                23.829494,47.970955,0
                23.826644,47.972041,0
                23.825824,47.972827,0
                23.825384,47.974112,0
                23.825414,47.975245,0
                23.825204,47.976485,0
                23.824642,47.977774,0
                23.823969,47.978637,0
                23.822679,47.979235,0
                23.820225,47.979504,0
                23.817191,47.98105,0
                23.813403,47.98357,0
                23.812004,47.98418,0
                23.80966,47.984454,0
                23.806844,47.984979,0
                23.798448,47.985227,0
                23.796282,47.985364,0
                23.794299,47.986272,0
                23.79157,47.986945,0
                23.789057,47.987304,0
                23.787453,47.98738,0
                23.786043,47.987704,0
                23.784901,47.988198,0
                23.777171,47.994331,0
                23.775017,47.995145,0
                23.77359,47.995417,0
                23.772391,47.995388,0
                23.770987,47.995015,0
                23.769553,47.994199,0
                23.768397,47.993,0
                23.766231,47.99239,0
                23.764669,47.99238,0
                23.763985,47.992612,0
                23.762743,47.993392,0
                23.761772,47.993673,0
                23.76063,47.994774,0
                23.758216,47.995291,0
                23.756232,47.99542,0
                23.755284,47.995244,0
                23.754623,47.994712,0
                23.752996,47.994489,0
                23.751176,47.994689,0
                23.747551,47.994993,0
                23.745005,47.994499,0
                23.740468,47.993697,0
                23.733556,47.994027,0
                23.731333,47.994013,0
                23.729529,47.993849,0
                23.727803,47.993537,0
                23.726285,47.992637,0
                23.722759,47.989512,0
                23.721966,47.98829,0
                23.721059,47.987691,0
                23.720014,47.98742,0
                23.718528,47.987584,0
                23.717361,47.988061,0
                23.716616,47.988699,0
                23.714525,47.990772,0
                23.713111,47.991212,0
                23.708856,47.991462,0
                23.706316,47.991721,0
                23.703906,47.991346,0
                23.702653,47.990821,0
                23.700524,47.989675,0
                23.699299,47.989241,0
                23.696053,47.988885,0
                23.693969,47.988017,0
                23.69217,47.987367,0
                23.686431,47.986576,0
                23.682876,47.986419,0
                23.677613,47.985907,0
                23.674712,47.985247,0
                23.672411,47.984199,0
                23.670297,47.98374,0
                23.668251,47.98374,0
                23.665849,47.984466,0
                23.66025,47.987296,0
                23.657216,47.988558,0
                23.650672,47.990095,0
                23.648561,47.99134,0
                23.646509,47.995722,0
                23.645211,47.997566,0
                23.641995,47.999971,0
                23.636704,48.002163,0
                23.634383,48.002847,0
                23.633139,48.003047,0
                23.631302,48.003055,0
                23.627678,48.002331,0
                23.625278,48.002738,0
                23.622936,48.003674,0
                23.617637,48.007772,0
                23.61567,48.008661,0
                23.614229,48.008739,0
                23.612254,48.008691,0
                23.609753,48.008189,0
                23.607543,48.007548,0
                23.603559,48.006972,0
                23.599968,48.007397,0
                23.597492,48.008164,0
                23.5948,48.008504,0
                23.59206,48.008115,0
                23.590748,48.007607,0
                23.589373,48.006592,0
                23.587894,48.005285,0
                23.587145,48.004729,0
                23.582623,48.004693,0
                23.577462,48.004557,0
                23.574226,48.004246,0
                23.571985,48.004088,0
                23.570103,48.004222,0
                23.567701,48.004048,0
                23.56625,48.004185,0
                23.564529,48.004867,0
                23.562026,48.005344,0
                23.558965,48.006979,0
                23.555138,48.008294,0
                23.543973,48.009912,0
                23.542323,48.010546,0
                23.540415,48.012111,0
                23.536148,48.017027,0
                23.534674,48.018272,0
                23.530598,48.020245,0
                23.528941,48.012605,0
                23.52716,48.008698,0
                23.524931,48.002672,0
                23.523128,47.99995,0
                23.523194,47.996169,0
                23.519812,47.992475,0
                23.516744,47.990304,0
                23.512976,47.985141,0
                23.506687,47.979887,0
                23.505817,47.975292,0
                23.505853,47.973058,0
                23.505221,47.970692,0
                23.504191,47.969234,0
                23.501549,47.968412,0
                23.498097,47.967739,0
                23.495408,47.967882,0
                23.492984,47.968817,0
                23.489753,47.970771,0
                23.486695,47.972257,0
                23.482,47.973326,0
                23.479189,47.97373,0
                23.475012,47.974103,0
                23.468449,47.974259,0
                23.465512,47.973887,0
                23.463032,47.974036,0
                23.460035,47.975039,0
                23.456125,47.975817,0
                23.45338,47.975771,0
                23.452006,47.976363,0
                23.451291,47.978006,0
                23.448846,47.980963,0
                23.447573,47.981701,0
                23.445769,47.982043,0
                23.443082,47.982173,0
                23.440432,47.982768,0
                23.438907,47.983272,0
                23.437359,47.985581,0
                23.4357,47.989551,0
                23.42838,47.988478,0
                23.41907,47.98745,0
                23.417139,47.987904,0
                23.410445,47.991027,0
                23.407511,47.992234,0
                23.405436,47.993671,0
                23.404128,47.995657,0
                23.403688,48.000174,0
                23.40221,48.001656,0
                23.397398,48.002406,0
                23.393988,48.002968,0
                23.390677,48.00444,0
                23.386829,48.005359,0
                23.384873,48.005091,0
                23.380173,48.003867,0
                23.37879,48.003896,0
                23.377946,48.004669,0
                23.378169,48.006057,0
                23.377553,48.007943,0
                23.376746,48.009182,0
                23.374918,48.010251,0
                23.371672,48.011223,0
                23.366384,48.013439,0
                23.363629,48.014875,0
                23.361656,48.015003,0
                23.358615,48.015546,0
                23.355899,48.018094,0
                23.354378,48.020115,0
                23.352406,48.021043,0
                23.349565,48.02144,0
                23.349149,48.021248,0
                23.347139,48.02001,0
                23.344502,48.019274,0
                23.342669,48.019055,0
                23.340482,48.019501,0
                23.338644,48.020341,0
                23.33691,48.021738,0
                23.336001,48.021656,0
                23.334961,48.021262,0
                23.333559,48.021041,0
                23.332287,48.021979,0
                23.331473,48.023266,0
                23.331084,48.025161,0
                23.331306,48.026853,0
                23.331941,48.028325,0
                23.332892,48.033182,0
                23.334552,48.034355,0
                23.336191,48.03522,0
                23.338051,48.035642,0
                23.339319,48.036195,0
                23.339372,48.037123,0
                23.338854,48.037824,0
                23.33746,48.038444,0
                23.335787,48.038935,0
                23.333197,48.039203,0
                23.327695,48.037457,0
                23.324552,48.041073,0
                23.32133,48.043559,0
                23.316939,48.045096,0
                23.314407,48.045275,0
                23.310782,48.044478,0
                23.306687,48.043777,0
                23.301766,48.044265,0
                23.29301,48.047219,0
                23.289926,48.049025,0
                23.288973,48.050653,0
                23.287336,48.050711,0
                23.285993,48.051199,0
                23.282381,48.055353,0
                23.279622,48.059489,0
                23.279528,48.060618,0
                23.281153,48.062513,0
                23.283497,48.064489,0
                23.284369,48.066702,0
                23.285964,48.070405,0
                23.287537,48.071382,0
                23.291724,48.072418,0
                23.293648,48.073265,0
                23.285663,48.079475,0
                23.282244,48.082601,0
                23.276477,48.084414,0
                23.275099,48.084663,0
                23.273233,48.085249,0
                23.272102,48.086058,0
                23.271069,48.086945,0
                23.270322,48.088492,0
                23.27032,48.090009,0
                23.270572,48.094808,0
                23.270507,48.097808,0
                23.270102,48.099239,0
                23.269209,48.100518,0
                23.267434,48.101115,0
                23.26371,48.101826,0
                23.259212,48.10209,0
                23.256563,48.102088,0
                23.254674,48.101319,0
                23.25297,48.099966,0
                23.251484,48.096694,0
                23.248152,48.093434,0
                23.242042,48.095074,0
                23.240606,48.095295,0
                23.235174,48.093568,0
                23.230847,48.094093,0
                23.223031,48.09527,0
                23.200894,48.09738,0
                23.197786,48.098114,0
                23.191927,48.098717,0
                23.190578,48.100972,0
                23.18866,48.10226,0
                23.187864,48.104333,0
                23.187789,48.107974,0
                23.186085,48.112716,0
                23.184195,48.113455,0
                23.183059,48.114447,0
                23.181887,48.11896,0
                23.178889,48.119438,0
                23.173147,48.119869,0
                23.170428,48.120477,0
                23.168668,48.121151,0
                23.168102,48.120123,0
                23.167674,48.118159,0
                23.166954,48.116916,0
                23.166337,48.115318,0
                23.165613,48.115034,0
                23.157912,48.115206,0
                23.157813,48.113487,0
                23.152406,48.113415,0
                23.151527,48.112653,0
                23.150758,48.108524,0
                23.149177,48.102424,0
                23.14685,48.100057,0
                23.145029,48.098964,0
                23.142033,48.097676,0
                23.14097,48.097151,0
                23.140768,48.095983,0
                23.140109,48.095727,0
                23.138795,48.095992,0
                23.13806,48.096967,0
                23.137009,48.097391,0
                23.132598,48.09673,0
                23.131468,48.096407,0
                23.130826,48.095509,0
                23.129887,48.094376,0
                23.127296,48.094024,0
                23.125148,48.09346,0
                23.123489,48.09274,0
                23.119886,48.091443,0
                23.119185,48.091153,0
                23.116753,48.088994,0
                23.115993,48.087466,0
                23.124948,48.082696,0
                23.123674,48.081456,0
                23.123638,48.080501,0
                23.124594,48.078869,0
                23.124146,48.078116,0
                23.122968,48.077919,0
                23.121172,48.077501,0
                23.119831,48.077009,0
                23.119208,48.076345,0
                23.118255,48.07465,0
                23.117729,48.073491,0
                23.116698,48.072348,0
                23.112587,48.070071,0
                23.108801,48.068761,0
                23.107085,48.067626,0
                23.107046,48.066833,0
                23.108454,48.064835,0
                23.112182,48.061557,0
                23.111419,48.05843,0
                23.112005,48.057026,0
                23.113039,48.056207,0
                23.11316,48.055069,0
                23.112767,48.053987,0
                23.110319,48.051741,0
                23.10818,48.050654,0
                23.105827,48.048552,0
                23.102637,48.046461,0
                23.101134,48.044915,0
                23.100429,48.043654,0
                23.100024,48.042763,0
                23.104777,48.041673,0
                23.109239,48.039687,0
                23.1102,48.037813,0
                23.109886,48.03605,0
                23.108348,48.033092,0
                23.102333,48.027412,0
                23.092429,48.016976,0
                23.097229,48.016275,0
                23.098902,48.015871,0
                23.093869,48.012087,0
                23.092658,48.007976,0
                23.087995,48.005353,0
                23.083824,48.00492,0
                23.079106,48.007825,0
                23.076907,48.008648,0
                23.073396,48.008637,0
                23.068996,48.008027,0
                23.063229,48.006297,0
                23.058405,48.003641,0
                23.0572,48.00361,0
                23.030193,47.999687,0
                23.028629,47.99771,0
                23.025384,47.995546,0
                23.024102,47.991802,0
                23.021509,47.992025,0
                23.02015,47.99312,0
                23.01933,47.991802,0
                23.017763,47.991182,0
                23.015639,47.992218,0
                23.013989,47.991343,0
                23.013342,47.990357,0
                23.012672,47.990502,0
                23.011152,47.993812,0
                23.005045,47.996148,0
                22.997702,47.995565,0
                22.99678,47.999512,0
                22.995281,48.002358,0
                22.992745,48.004539,0
                22.992208,48.004904,0
                22.983172,48.00629,0
                22.977798,48.007327,0
                22.977965,48.009711,0
                22.963229,48.011459,0
                22.959783,48.007576,0
                22.950541,48.012995,0
                22.949606,48.012638,0
                22.945305,48.014733,0
                22.943881,48.016739,0
                22.926896,48.019139,0
                22.926743,48.018545,0
                22.921411,48.013884,0
                22.921607,48.009722,0
                22.920329,48.006717,0
                22.922735,48.003804,0
                22.923162,48.00163,0
                22.924753,48.001444,0
                22.925661,48.001023,0
                22.927261,47.999748,0
                22.928445,47.999261,0
                22.935918,47.999128,0
                22.938717,47.99502,0
                22.941011,47.988586,0
                22.941117,47.98525,0
                22.944392,47.974129,0
                22.944708,47.970882,0
                22.945514,47.969916,0
                22.946356,47.969181,0
                22.946944,47.968967,0
                22.947727,47.967759,0
                22.947356,47.967292,0
                22.942684,47.965629,0
                22.942642,47.964469,0
                22.939941,47.964044,0
                22.936886,47.963895,0
                22.935759,47.962962,0
                22.934305,47.961538,0
                22.932151,47.960003,0
                22.93071,47.959483,0
                22.92811,47.959083,0
                22.925516,47.959485,0
                22.92462,47.960873,0
                22.92347,47.960849,0
                22.923322,47.960232,0
                22.922686,47.95995,0
                22.921635,47.959853,0
                22.91996,47.959315,0
                22.919458,47.958487,0
                22.919898,47.957954,0
                22.919833,47.9575,0
                22.918931,47.957319,0
                22.918273,47.957582,0
                22.916978,47.959389,0
                22.917225,47.960377,0
                22.916868,47.960655,0
                22.915714,47.959828,0
                22.915008,47.957444,0
                22.913715,47.957604,0
                22.913122,47.959968,0
                22.912707,47.960334,0
                22.911687,47.960592,0
                22.910861,47.96056,0
                22.910535,47.959042,0
                22.910632,47.958546,0
                22.912225,47.958077,0
                22.912283,47.957726,0
                22.911574,47.957313,0
                22.908494,47.958355,0
                22.908161,47.959002,0
                22.908515,47.959933,0
                22.907944,47.960381,0
                22.907537,47.960163,0
                22.905789,47.958664,0
                22.90608,47.957385,0
                22.905728,47.956976,0
                22.903247,47.956397,0
                22.901928,47.957968,0
                22.901148,47.95823,0
                22.900686,47.958201,0
                22.90134,47.955142,0
                22.900845,47.954658,0
                22.89762,47.95428,0
                22.902841,47.947883,0
                22.909462,47.939546,0
                22.916597,47.930466,0
                22.925505,47.919233,0
                22.933881,47.909285,0
                22.943671,47.897469,0
                22.95188,47.887834,0
                22.961598,47.876675,0
                22.974537,47.862205,0
                22.983458,47.852046,0
                22.998452,47.837163,0
                23.012529,47.823338,0
                23.025638,47.810556,0
                23.040357,47.795466,0
                23.057912,47.776997,0
                23.074035,47.760123,0
                23.083599,47.750723,0
                23.09214,47.742212,0
                23.102118,47.732653,0
                23.112999,47.721993,0
                23.125304,47.710101,0
                23.134851,47.700753,0
                23.142779,47.693288,0
                23.152337,47.684748,0
                23.160614,47.67698,0
                23.166796,47.671249,0
                23.178054,47.661443,0
                23.183231,47.656786,0
                23.193367,47.649909,0
                23.206449,47.642863,0
                23.216329,47.637566,0
                23.229195,47.630942,0
                23.241894,47.624631,0
                23.259319,47.61562,0
                23.270437,47.609835,0
                23.283532,47.603317,0
                23.289048,47.600662,0
                23.306959,47.59313,0
                23.324855,47.585799,0
                23.3326,47.582761,0
                23.355373,47.573778,0
                23.368891,47.569484,0
                23.389771,47.56287,0
                23.407714,47.558653,0
                23.431606,47.554708,0
                23.451094,47.551658,0
                23.469666,47.549091,0
                23.496911,47.545814,0
                23.505392,47.545517,0
                23.513995,47.546286,0
                23.524018,47.547786,0
                23.543314,47.551367,0
                23.561059,47.554801,0
                23.577653,47.558346,0
                23.598362,47.56334,0
                23.610682,47.566257,0
                23.631231,47.571791,0
                23.637648,47.573571,0
                23.654237,47.578829,0
                23.666089,47.583089,0
                23.684084,47.591364,0
                23.697566,47.597885,0
                23.715492,47.606642,0
                23.730043,47.614249,0
                23.74473,47.621809,0
                23.758709,47.628971,0
                23.770278,47.634978,0
                23.776761,47.638781,0
                23.787754,47.645182,0
                23.798036,47.650986,0
                23.808088,47.656512,0
                23.818707,47.662399,0
                23.828153,47.667715,0
                23.839033,47.673969,0
                23.845141,47.677514,0
                23.851341,47.680758,0
                23.861718,47.686119,0
                23.866008,47.688411,0
                23.876712,47.693925,0
                23.884222,47.697644,0
                23.897226,47.703824,0
                23.906418,47.708172,0
                23.916872,47.712754,0
                23.929324,47.717802,0
                23.946666,47.723729,0
                23.961373,47.728054,0
                23.972192,47.731142,0
                23.989299,47.735146,0
                24.003669,47.738272,0
                24.016546,47.740391,0
                24.036222,47.742323,0
                24.044405,47.743066,0
                24.06671,47.74434,0
                24.070467,47.744501,0
                24.082214,47.744789,0
                24.092178,47.744891,0
                24.102969,47.745024,0
                24.115907,47.744877,0
                24.13189,47.744735,0
                24.140782,47.744578,0
                24.155762,47.744796,0
                24.171968,47.744993,0
                24.193174,47.745168,0
                24.214187,47.74499,0
                24.23022,47.744994,0
                24.256445,47.744916,0
                24.2846,47.743819,0
                24.297607,47.743896,0
                24.311608,47.743993,0
                24.326349,47.743824,0
                24.341612,47.743678,0
                24.347559,47.743651,0
                24.359124,47.743554,0
                24.364745,47.74344,0
                24.374467,47.743372,0
                24.381862,47.743347,0
                24.393184,47.743248,0
                24.409318,47.74316,0
                24.421202,47.743134,0
                24.433124,47.74313,0
                24.46693,47.741321,0
                24.47782,47.740576,0
                24.484459,47.739921,0
                24.491546,47.739125,0
                24.50194,47.737769,0
                24.506975,47.737077,0
                24.513005,47.735817,0
                24.520294,47.734267,0
                24.523741,47.733471,0
                24.531715,47.732487,0
                24.540723,47.731302,0
                24.544097,47.730914,0
                24.548796,47.730256,0
                24.553619,47.729481,0
                24.56345,47.727987,0
                24.573181,47.725545,0
                24.580778,47.723617,0
                24.588977,47.721,0
                24.596914,47.718442,0
                24.606945,47.715453,0
                24.617174,47.712385,0
                24.627837,47.709093,0
                24.637664,47.706202,0
                24.643647,47.704567,0
                24.654425,47.701559,0
                24.669259,47.696672,0
                24.67542,47.694794,0
                24.681879,47.692846,0
                24.697605,47.688135,0
                24.705402,47.685903,0
                24.713859,47.683559,0
                24.718542,47.682286,0
                24.728197,47.679032,0
                24.73687,47.676073,0
                24.745136,47.673265,0
                24.753425,47.670392,0
                24.757241,47.669043,0
                24.764208,47.666626,0
                24.769155,47.664865,0
                24.785942,47.658964,0
                24.791756,47.656945,0
                24.797936,47.654845,0
                24.805182,47.652322,0
                24.814929,47.649102,0
                24.818019,47.648036,0
                24.825409,47.645591,0
                24.831869,47.643431,0
                24.83426,47.642612,0
                24.846584,47.638495,0
                24.852483,47.636558,0
                24.856772,47.635275,0
                24.862719,47.633588,0
                24.877631,47.62932,0
                24.88601,47.626893,0
                24.890918,47.625433,0
                24.898447,47.623222,0
                24.905104,47.621286,0
                24.912887,47.619108,0
                24.922324,47.616487,0
                24.929204,47.614559,0
                24.937667,47.612223,0
                24.946943,47.609438,0
                24.955183,47.606939,0
                24.965472,47.603912,0
                24.977685,47.600386,0
                24.992025,47.596261,0
                24.999258,47.593999,0
                25.007668,47.591348,0
                25.015997,47.588767,0
                25.026347,47.585526,0
                25.037025,47.582292,0
                25.051664,47.577997,0
                25.058323,47.575814,0
                25.073251,47.570883,0
                25.083098,47.568377,0
                25.093748,47.56559,0
                25.113863,47.559844,0
                25.117581,47.558799,0
                25.132081,47.55415,0
                25.1433,47.55079,0
                25.15517,47.547281,0
                25.164994,47.544304,0
                25.1771,47.54062,0
                25.186262,47.538386,0
                25.188552,47.537862,0
                25.196795,47.535867,0
                25.205715,47.533737,0
                25.215697,47.531869,0
                25.231041,47.529026,0
                25.24116,47.52681,0
                25.262116,47.522348,0
                25.282467,47.518244,0
                25.293229,47.515934,0
                25.302996,47.513768,0
                25.313002,47.511596,0
                25.321975,47.509492,0
                25.333402,47.506787,0
                25.344944,47.503975,0
                25.35655,47.501003,0
                25.369255,47.497788,0
                25.382444,47.494541,0
                25.394948,47.491541,0
                25.403823,47.489374,0
                25.407906,47.488411,0
                25.427595,47.483081,0
                25.437213,47.480444,0
                25.446192,47.477968,0
                25.456464,47.47518,0
                25.473663,47.470593,0
                25.488219,47.466688,0
                25.501497,47.463099,0
                25.514354,47.459519,0
                25.527915,47.455763,0
                25.53802,47.45282,0
                25.551791,47.448764,0
                25.561204,47.446047,0
                25.575833,47.441872,0
                25.588479,47.438131,0
                25.601531,47.434222,0
                25.614656,47.43028,0
                25.618196,47.429196,0
                25.64869,47.421184,0
                25.65931,47.418014,0
                25.672818,47.413944,0
                25.67933,47.411796,0
                25.689452,47.408382,0
                25.698832,47.405243,0
                25.711625,47.401017,0
                25.724163,47.397015,0
                25.736505,47.392854,0
                25.748526,47.388666,0
                25.756058,47.385863,0
                25.765162,47.382401,0
                25.779674,47.377064,0
                25.79049,47.373228,0
                25.810774,47.36556,0
                25.824317,47.359744,0
                25.835468,47.354902,0
                25.848112,47.349574,0
                25.863804,47.342875,0
                25.879601,47.335768,0
                25.894012,47.32937,0
                25.907119,47.323577,0
                25.911349,47.321761,0
                25.917793,47.318958,0
                25.931697,47.312968,0
                25.940059,47.309182,0
                25.947976,47.30557,0
                25.957638,47.301345,0
                25.966391,47.297646,0
                25.976562,47.293136,0
                25.985445,47.289036,0
                25.990309,47.286856,0
                25.996129,47.283577,0
                25.99982,47.281564,0
                26.008762,47.276506,0
                26.015274,47.271863,0
                26.023068,47.266266,0
                26.03016,47.260334,0
                26.039441,47.25254,0
                26.052226,47.240176,0
                26.062374,47.22847,0
                26.069242,47.219422,0
                26.075261,47.211809,0
                26.082949,47.199938,0
                26.085958,47.195214,0
                26.089586,47.188872,0
                26.091326,47.185953,0
                26.093616,47.181444,0
                26.09437,47.179819,0
                26.09756,47.173147,0
                26.100394,47.165609,0
                26.102261,47.160564,0
                26.103985,47.154865,0
                26.105812,47.149225,0
                26.107925,47.142496,0
                26.110669,47.133546,0
                26.111025,47.132314,0
                26.112897,47.12653,0
                26.114608,47.121132,0
                26.116458,47.112064,0
                26.117684,47.10597,0
                26.118488,47.093041,0
                26.118883,47.085603,0
                26.1192,47.078284,0
                26.119455,47.070949,0
                26.119449,47.063542,0
                26.119467,47.053928,0
                26.11862,47.044649,0
                26.11779,47.034849,0
                26.116299,47.025018,0
                26.114494,47.015852,0
                26.112197,47.005128,0
                26.109704,46.996363,0
                26.108232,46.991275,0
                26.104938,46.983182,0
                26.103753,46.980235,0
                26.097315,46.966635,0
                26.095642,46.96314,0
                26.09191,46.955933,0
                26.087335,46.946946,0
                26.084403,46.941293,0
                26.07747,46.931226,0
                26.071217,46.922354,0
                26.061357,46.90872,0
                26.054312,46.901985,0
                26.050135,46.898028,0
                26.029663,46.881718,0
                26.015917,46.871251,0
                26.007783,46.865116,0
                25.999628,46.858939,0
                25.994805,46.855325,0
                25.991029,46.852593,0
                25.98353,46.847121,0
                25.976476,46.842022,0
                25.974556,46.840575,0
                25.971521,46.838411,0
                25.961866,46.831415,0
                25.944767,46.818922,0
                25.939523,46.815148,0
                25.93224,46.810024,0
                25.924042,46.804211,0
                25.918535,46.800324,0
                25.912574,46.796479,0
                25.902566,46.790194,0
                25.896849,46.78666,0
                25.892302,46.783963,0
                25.8863,46.780537,0
                25.881739,46.777913,0
                25.875632,46.774279,0
                25.870336,46.771032,0
                25.866002,46.768452,0
                25.862492,46.766303,0
                25.854289,46.761422,0
                25.848952,46.758348,0
                25.842259,46.754411,0
                25.837773,46.75108,0
                25.832679,46.747095,0
                25.8288,46.743985,0
                25.825692,46.741075,0
                25.821822,46.73735,0
                25.817829,46.733551,0
                25.812819,46.72886,0
                25.807543,46.723993,0
                25.804279,46.721039,0
                25.801142,46.718154,0
                25.799966,46.716953,0
                25.794593,46.711564,0
                25.790882,46.707796,0
                25.789429,46.706388,0
                25.787343,46.704457,0
                25.784587,46.701852,0
                25.783504,46.700783,0
                25.780264,46.69776,0
                25.774608,46.692399,0
                25.771163,46.689159,0
                25.769471,46.687623,0
                25.764437,46.682827,0
                25.761876,46.680409,0
                25.758654,46.677428,0
                25.756237,46.674841,0
                25.751855,46.670307,0
                25.747054,46.665301,0
                25.741069,46.659008,0
                25.738525,46.656037,0
                25.735621,46.652781,0
                25.732398,46.648956,0
                25.726568,46.642269,0
                25.722906,46.637418,0
                25.720151,46.633875,0
                25.716381,46.629212,0
                25.707136,46.617944,0
                25.700891,46.610782,0
                25.696217,46.605519,0
                25.692049,46.600864,0
                25.688276,46.596313,0
                25.683393,46.590453,0
                25.676956,46.582492,0
                25.672708,46.577176,0
                25.667602,46.570758,0
                25.663829,46.565542,0
                25.659927,46.560205,0
                25.656319,46.555182,0
                25.652814,46.550413,0
                25.649704,46.546018,0
                25.648118,46.543549,0
                25.645803,46.539876,0
                25.638961,46.529189,0
                25.636278,46.524981,0
                25.633751,46.521059,0
                25.629485,46.514546,0
                25.624388,46.506815,0
                25.621765,46.50217,0
                25.618852,46.496898,0
                25.616638,46.493008,0
                25.612684,46.485767,0
                25.610613,46.481896,0
                25.608081,46.47707,0
                25.605844,46.472937,0
                25.602317,46.466252,0
                25.598568,46.459241,0
                25.595366,46.453214,0
                25.592369,46.447637,0
                25.584295,46.431059,0
                25.579163,46.420583,0
                25.576544,46.414983,0
                25.574302,46.410055,0
                25.571957,46.404984,0
                25.568729,46.397465,0
                25.563166,46.38387,0
                25.560193,46.376443,0
                25.556366,46.366798,0
                25.553553,46.359662,0
                25.550569,46.35196,0
                25.54804,46.345085,0
                25.546233,46.340487,0
                25.5433,46.331505,0
                25.540234,46.322428,0
                25.538019,46.31562,0
                25.535664,46.308323,0
                25.533325,46.300739,0
                25.53104,46.293693,0
                25.528029,46.282966,0
                25.521948,46.260751,0
                25.986871,46.227144,0
                25.98734,46.232565,0
                25.987716,46.23885,0
                25.988112,46.246007,0
                25.9885,46.252445,0
                25.988894,46.258632,0
                25.989306,46.264379,0
                25.989675,46.26836,0
                25.990146,46.27423,0
                25.990707,46.280794,0
                25.992014,46.288516,0
                25.99398,46.299993,0
                25.99473,46.302938,0
                25.996697,46.310408,0
                25.998904,46.318624,0
                26.001254,46.32718,0
                26.004793,46.340251,0
                26.009625,46.349801,0
                26.015219,46.36099,0
                26.024137,46.373867,0
                26.030426,46.383641,0
                26.037905,46.395353,0
                26.04866,46.407568,0
                26.058677,46.414031,0
                26.065039,46.418203,0
                26.076588,46.425612,0
                26.081892,46.428942,0
                26.082668,46.429469,0
                26.098746,46.438339,0
                26.109843,46.442308,0
                26.113078,46.443402,0
                26.128229,46.447359,0
                26.13162,46.448197,0
                26.149075,46.452391,0
                26.159004,46.45374,0
                26.165117,46.454525,0
                26.171191,46.455332,0
                26.173643,46.455638,0
                26.179649,46.456261,0
                26.184963,46.45678,0
                26.195371,46.456827,0
                26.206956,46.455966,0
                26.208195,46.455822,0
                26.218772,46.453397,0
                26.221555,46.452787,0
                26.223044,46.452394,0
                26.22796,46.450614,0
                26.234949,46.448153,0
                26.238112,46.447066,0
                26.243789,46.44506,0
                26.247746,46.443621,0
                26.253791,46.441504,0
                26.258391,46.439865,0
                26.27824,46.430362,0
                26.279102,46.429917,0
                26.287375,46.424584,0
                26.292957,46.420942,0
                26.30736,46.409204,0
                26.316263,46.400666,0
                26.321318,46.395705,0
                26.325455,46.391964,0
                26.331758,46.386169,0
                26.333809,46.38425,0
                26.338152,46.379747,0
                26.343234,46.374412,0
                26.347408,46.370112,0
                26.353557,46.363723,0
                26.358191,46.358885,0
                26.367087,46.3493,0
                26.370948,46.34516,0
                26.377064,46.338823,0
                26.379675,46.334425,0
                26.382771,46.329342,0
                26.384001,46.327264,0
                26.384982,46.325735,0
                26.392063,46.308844,0
                26.396139,46.299854,0
                26.397884,46.295955,0
                26.398963,46.294098,0
                26.406025,46.281706,0
                26.410398,46.27428,0
                26.415578,46.265223,0
                26.417614,46.261937,0
                26.425579,46.251704,0
                26.430947,46.244672,0
                26.437747,46.236094,0
                26.444377,46.227751,0
                26.453422,46.216205,0
                26.460772,46.20709,0
                26.467356,46.198808,0
                26.473832,46.190708,0
                26.481629,46.180928,0
                26.496142,46.166123,0
                26.503628,46.158597,0
                26.511124,46.150576,0
                26.518647,46.142693,0
                26.530261,46.13129,0
                26.537022,46.124629,0
                26.551465,46.110995,0
                26.560753,46.103569,0
                26.582212,46.08646,0
                26.593741,46.077814,0
                26.617817,46.059382,0
                26.63098,46.050318,0
                26.646625,46.040781,0
                26.657577,46.033941,0
                26.666353,46.028404,0
                26.679105,46.02017,0
                26.691956,46.011614,0
                26.708445,46.000184,0
                26.71375,45.997004,0
                26.726107,45.989562,0
                26.739901,45.980646,0
                26.7506,45.973649,0
                26.757515,45.969481,0
                26.766016,45.964318,0
                26.775522,45.954515,0
                26.78472,45.941521,0
                26.788894,45.93571,0
                26.794151,45.926857,0
                26.798567,45.91363,0
                26.80128,45.90631,0
                26.803513,45.893652,0
                26.803606,45.883109,0
                26.802346,45.874303,0
                26.797187,45.861499,0
                26.792494,45.851523,0
                26.786765,45.844128,0
                26.780034,45.836586,0
                26.775956,45.831922,0
                26.765915,45.822786,0
                26.754902,45.815558,0
                26.740832,45.808911,0
                26.728766,45.803494,0
                26.724483,45.801088,0
                26.711936,45.794001,0
                26.703803,45.789284,0
                26.696708,45.785121,0
                26.689824,45.780961,0
                26.68007,45.775139,0
                26.669148,45.769278,0
                26.658489,45.763615,0
                26.639657,45.755717,0
                26.633574,45.753491,0
                26.622071,45.749249,0
                26.6142,45.746789,0
                26.608669,45.745136,0
                26.602896,45.743385,0
                26.596921,45.741606,0
                26.57819,45.736521,0
                26.56867,45.73404,0
                26.564978,45.733065,0
                26.559817,45.731735,0
                26.555489,45.730662,0
                26.548308,45.728799,0
                26.532833,45.72504,0
                26.523908,45.72289,0
                26.511223,45.719893,0
                26.502818,45.718638,0
                26.486146,45.716205,0
                26.466098,45.714892,0
                26.460869,45.714605,0
                26.446191,45.714006,0
                26.440067,45.713785,0
                26.426711,45.713971,0
                26.413746,45.71418,0
                26.412655,45.714213,0
                26.399251,45.715207,0
                26.389791,45.715894,0
                26.38135,45.716546,0
                26.375106,45.717197,0
                26.365958,45.718109,0
                26.360325,45.718695,0
                26.348827,45.720675,0
                26.339012,45.722319,0
                26.329656,45.724417,0
                26.325566,45.725355,0
                26.318453,45.727209,0
                26.31286,45.728642,0
                26.299476,45.733451,0
                26.289139,45.738245,0
                26.275184,45.744754,0
                26.263089,45.75047,0
                26.252959,45.755551,0
                26.245254,45.759554,0
                26.232159,45.76625,0
                26.216898,45.774173,0
                26.204614,45.780657,0
                26.193478,45.786339,0
                26.177406,45.794395,0
                26.165212,45.8012,0
                26.157769,45.805408,0
                26.142309,45.815919,0
                26.134612,45.82116,0
                26.130768,45.824154,0
                26.120365,45.832292,0
                26.108811,45.844377,0
                26.101424,45.855985,0
                26.095238,45.867076,0
                26.089512,45.8772,0
                26.084434,45.886255,0
                26.079882,45.895142,0
                26.075266,45.904073,0
                26.070864,45.912451,0
                26.063402,45.929244,0
                26.058451,45.940412,0
                26.05703,45.943534,0
                26.051907,45.956793,0
                26.047927,45.967215,0
                26.042918,45.979946,0
                26.038316,45.991815,0
                26.033273,46.0049,0
                26.031813,46.00863,0
                26.026848,46.021417,0
                26.02323,46.030691,0
                26.019596,46.039876,0
                26.018405,46.043029,0
                26.014304,46.053386,0
                26.010581,46.063162,0
                26.007679,46.071514,0
                26.004449,46.080544,0
                26.001442,46.090998,0
                25.999281,46.098661,0
                25.996355,46.108893,0
                25.993326,46.125059,0
                25.990466,46.141237,0
                25.989192,46.148248,0
                25.986499,46.162927,0
                25.986146,46.165183,0
                25.984941,46.178518,0
                25.984502,46.183967,0
                25.984602,46.190495,0
                25.984857,46.201564,0
                25.985997,46.216509,0
                25.986466,46.221593,0
                25.986883,46.227119,0
                25.521946,46.26074,0
                25.520818,46.256477,0
                25.517526,46.244348,0
                25.515413,46.235064,0
                25.514261,46.230224,0
                25.513173,46.225288,0
                25.512531,46.221737,0
                25.512269,46.220539,0
                25.511477,46.21627,0
                25.510787,46.212787,0
                25.510055,46.208719,0
                25.509196,46.204281,0
                25.508678,46.201309,0
                25.507952,46.195941,0
                25.50642,46.185309,0
                25.505033,46.175071,0
                25.504113,46.168502,0
                25.50314,46.161396,0
                25.502535,46.156495,0
                25.501782,46.151638,0
                25.50102,46.146539,0
                25.500433,46.142926,0
                25.499851,46.138844,0
                25.499173,46.134648,0
                25.49861,46.130819,0
                25.497364,46.122726,0
                25.49708,46.121041,0
                25.496483,46.117034,0
                25.494794,46.105286,0
                25.494201,46.100888,0
                25.493376,46.09521,0
                25.492944,46.091778,0
                25.492678,46.090288,0
                25.4921,46.085858,0
                25.490597,46.074052,0
                25.489933,46.06856,0
                25.489335,46.064071,0
                25.488233,46.05606,0
                25.487233,46.04929,0
                25.485866,46.039616,0
                25.485261,46.03441,0
                25.484775,46.029016,0
                25.483514,46.015747,0
                25.482996,46.011327,0
                25.482346,46.005297,0
                25.482029,46.003155,0
                25.481746,46.000391,0
                25.480995,45.994327,0
                25.480727,45.991509,0
                25.480526,45.990173,0
                25.479583,45.981922,0
                25.479267,45.97882,0
                25.478747,45.975254,0
                25.478645,45.973985,0
                25.478004,45.968234,0
                25.477101,45.960988,0
                25.476234,45.953602,0
                25.47565,45.948336,0
                25.475001,45.943319,0
                25.474605,45.939871,0
                25.474042,45.935769,0
                25.473788,45.934685,0
                25.473591,45.933114,0
                25.47231,45.924775,0
                25.472142,45.923438,0
                25.471534,45.919565,0
                25.469037,45.902937,0
                25.468066,45.896771,0
                25.466644,45.887294,0
                25.465863,45.88192,0
                25.464904,45.87588,0
                25.463959,45.869287,0
                25.462079,45.857093,0
                25.461561,45.853656,0
                25.460931,45.850075,0
                25.459797,45.84283,0
                25.459332,45.840135,0
                25.458507,45.83488,0
                25.457621,45.829755,0
                25.457258,45.827407,0
                25.456276,45.819574,0
                25.455802,45.815616,0
                25.455227,45.811315,0
                25.455057,45.804489,0
                25.454827,45.798058,0
                25.454545,45.789524,0
                25.454304,45.781384,0
                25.454318,45.771875,0
                25.454282,45.769656,0
                25.45433,45.75898,0
                25.454311,45.753358,0
                25.454331,45.745136,0
                25.454337,45.736844,0
                25.454278,45.727171,0
                25.45397,45.715596,0
                25.453889,45.714311,0
                25.453733,45.7074,0
                25.453496,45.69964,0
                25.453008,45.679882,0
                25.4528,45.668152,0
                25.452478,45.652399,0
                25.453245,45.643599,0
                25.45379,45.637108,0
                25.455543,45.628886,0
                25.45782,45.6183,0
                25.459859,45.608617,0
                25.461471,45.601098,0
                25.464095,45.592449,0
                25.466308,45.584956,0
                25.466968,45.582816,0
                25.468377,45.578019,0
                25.469839,45.570991,0
                25.471262,45.563817,0
                25.472998,45.555892,0
                25.474409,45.549835,0
                25.475373,45.545774,0
                25.476685,45.540017,0
                25.479121,45.533687,0
                25.48141,45.527577,0
                25.482389,45.525075,0
                25.483912,45.520942,0
                25.485126,45.517743,0
                25.488518,45.511574,0
                25.495716,45.498429,0
                25.499028,45.492159,0
                25.50185,45.486868,0
                25.504653,45.481501,0
                25.507059,45.476955,0
                25.50947,45.472492,0
                25.516805,45.459812,0
                25.525074,45.445526,0
                25.532464,45.43278,0
                25.534833,45.428668,0
                25.546725,45.411713,0
                25.551055,45.405478,0
                25.555317,45.39942,0
                25.558072,45.395461,0
                25.564449,45.387487,0
                25.568023,45.382976,0
                25.572274,45.376739,0
                25.574912,45.372731,0
                25.578181,45.367921,0
                25.582727,45.361093,0
                25.585183,45.357458,0
                25.588314,45.353724,0
                25.591687,45.34966,0
                25.595338,45.345333,0
                25.602444,45.336764,0
                25.608345,45.329903,0
                25.613499,45.323883,0
                25.618036,45.318551,0
                25.622775,45.313614,0
                25.62509,45.311171,0
                25.629468,45.306609,0
                25.635428,45.300308,0
                25.640169,45.295217,0
                25.646714,45.288111,0
                25.648346,45.286402,0
                25.653607,45.281587,0
                25.658097,45.277439,0
                25.665753,45.270444,0
                25.670979,45.265695,0
                25.680829,45.256812,0
                25.684522,45.253128,0
                25.689003,45.248624,0
                25.700149,45.237482,0
                25.707747,45.230127,0
                25.71552,45.22263,0
                25.72011,45.218151,0
                25.725802,45.212708,0
                25.730613,45.208548,0
                25.736955,45.203104,0
                25.743801,45.197201,0
                25.750401,45.191596,0
                25.756816,45.186077,0
                25.761382,45.182166,0
                25.767148,45.177323,0
                25.773963,45.171506,0
                25.78012,45.166299,0
                25.786569,45.161139,0
                25.79093,45.157795,0
                25.792916,45.156298,0
                25.796379,45.153632,0
                25.801967,45.149365,0
                25.810717,45.142495,0
                25.823464,45.132358,0
                25.830977,45.126368,0
                25.837454,45.121176,0
                25.846723,45.113707,0
                25.852287,45.109199,0
                25.861371,45.103423,0
                25.873617,45.095525,0
                25.888776,45.086553,0
                25.895335,45.08263,0
                25.902907,45.078406,0
                25.914281,45.072023,0
                25.92432,45.066503,0
                25.935838,45.060222,0
                25.943572,45.056044,0
                25.949116,45.052711,0
                25.958471,45.047199,0
                25.967632,45.041697,0
                25.977089,45.035998,0
                25.985827,45.030539,0
                26.010075,45.015398,0
                26.023415,45.007074,0
                26.034434,45.000647,0
                26.0448,44.994641,0
                26.054702,44.988062,0
                26.059724,44.984638,0
                26.068157,44.979033,0
                26.076384,44.974037,0
                26.091795,44.964754,0
                26.102199,44.957465,0
                26.115522,44.948169,0
                26.132522,44.936434,0
                26.144877,44.927861,0
                26.154571,44.920982,0
                26.161211,44.916221,0
                26.167827,44.911515,0
                26.173889,44.907106,0
                26.182803,44.900682,0
                26.196925,44.89042,0
                26.202565,44.8865,0
                26.226257,44.870694,0
                26.238823,44.861152,0
                26.248194,44.854143,0
                26.251336,44.85171,0
                26.258868,44.84598,0
                26.264359,44.84163,0
                26.272472,44.835272,0
                26.275272,44.833141,0
                26.284696,44.824818,0
                26.299059,44.812053,0
                26.303504,44.808211,0
                26.312282,44.801036,0
                26.321965,44.793088,0
                26.328802,44.787606,0
                26.334987,44.782256,0
                26.5953,44.875434,0
                26.590763,44.881152,0
                26.59005,44.882121,0
                26.586132,44.887739,0
                26.582721,44.8926,0
                26.576058,44.904956,0
                26.572481,44.912383,0
                26.569135,44.91937,0
                26.565625,44.927185,0
                26.562057,44.935186,0
                26.559223,44.941465,0
                26.555979,44.948543,0
                26.552355,44.956527,0
                26.550953,44.960022,0
                26.546712,44.970795,0
                26.542987,44.982264,0
                26.541129,44.991778,0
                26.539562,44.999922,0
                26.538129,45.007175,0
                26.535945,45.018138,0
                26.534703,45.024438,0
                26.533586,45.031054,0
                26.532154,45.039727,0
                26.530105,45.051716,0
                26.529331,45.058444,0
                26.527775,45.071511,0
                26.527631,45.078503,0
                26.527449,45.08477,0
                26.527208,45.092341,0
                26.527083,45.097441,0
                26.52709,45.105996,0
                26.527046,45.110488,0
                26.52705,45.112932,0
                26.52701,45.124946,0
                26.527027,45.128065,0
                26.527,45.13265,0
                26.527095,45.138247,0
                26.527368,45.148057,0
                26.528647,45.152508,0
                26.529418,45.155004,0
                26.530405,45.158437,0
                26.531567,45.161739,0
                26.532818,45.165449,0
                26.534387,45.169813,0
                26.535933,45.174382,0
                26.53841,45.180632,0
                26.543064,45.192462,0
                26.54552,45.198435,0
                26.548593,45.205854,0
                26.550835,45.21134,0
                26.553065,45.216722,0
                26.55785,45.227854,0
                26.562066,45.237489,0
                26.564036,45.24209,0
                26.566387,45.247451,0
                26.56849,45.25237,0
                26.572506,45.261962,0
                26.5746,45.266851,0
                26.576101,45.27046,0
                26.584761,45.288196,0
                26.586461,45.291748,0
                26.590765,45.298594,0
                26.593774,45.303564,0
                26.60053,45.312611,0
                26.606235,45.318272,0
                26.609641,45.321597,0
                26.61881,45.328724,0
                26.633382,45.339728,0
                26.645495,45.348212,0
                26.651789,45.351364,0
                26.658477,45.354118,0
                26.667334,45.355388,0
                26.674805,45.355548,0
                26.682594,45.355677,0
                26.693756,45.355684,0
                26.69515,45.355646,0
                26.705461,45.355266,0
                26.728733,45.352822,0
                26.740238,45.350427,0
                26.749525,45.34806,0
                26.755872,45.346505,0
                26.760896,45.345235,0
                26.771785,45.342454,0
                26.782393,45.339562,0
                26.787573,45.338122,0
                26.802073,45.33369,0
                26.813401,45.329294,0
                26.823118,45.324365,0
                26.832061,45.318503,0
                26.840743,45.312768,0
                26.849613,45.306794,0
                26.860283,45.299383,0
                26.869226,45.293083,0
                26.87655,45.287765,0
                26.885528,45.281277,0
                26.894917,45.274253,0
                26.902881,45.268323,0
                26.91067,45.262025,0
                26.923658,45.251483,0
                26.932684,45.243605,0
                26.938229,45.238777,0
                26.948581,45.230443,0
                26.955528,45.22486,0
                26.97099,45.212254,0
                26.975087,45.208882,0
                26.985346,45.201422,0
                26.991361,45.197104,0
                26.996129,45.193853,0
                27.002195,45.18968,0
                27.007908,45.185681,0
                27.015389,45.180388,0
                27.02173,45.175813,0
                27.026907,45.17237,0
                27.043204,45.161706,0
                27.049306,45.157691,0
                27.0559,45.153409,0
                27.065903,45.146987,0
                27.075183,45.141077,0
                27.081069,45.137355,0
                27.089845,45.131948,0
                27.099442,45.126195,0
                27.107383,45.121487,0
                27.114365,45.117756,0
                27.12236,45.113462,0
                27.133351,45.107259,0
                27.143412,45.101638,0
                27.149795,45.098118,0
                27.158235,45.092831,0
                27.164574,45.088916,0
                27.175865,45.079975,0
                27.18616,45.070634,0
                27.191004,45.065543,0
                27.195629,45.060711,0
                27.202277,45.053233,0
                27.208031,45.04626,0
                27.211937,45.039549,0
                27.214188,45.03305,0
                27.216237,45.025737,0
                27.218871,45.015046,0
                27.220361,45.008274,0
                27.21911,44.997525,0
                27.217171,44.989748,0
                27.216221,44.98682,0
                27.213705,44.978745,0
                27.211832,44.972981,0
                27.209928,44.967354,0
                27.207351,44.959254,0
                27.205028,44.95188,0
                27.199587,44.934913,0
                27.197064,44.928049,0
                27.192745,44.916071,0
                27.188759,44.905657,0
                27.186348,44.899315,0
                27.179846,44.884154,0
                27.173505,44.872056,0
                27.167713,44.864269,0
                27.164584,44.860094,0
                27.158963,44.853297,0
                27.153762,44.847077,0
                27.146917,44.839899,0
                27.140876,44.833489,0
                27.134932,44.827637,0
                27.12876,44.821534,0
                27.124248,44.816987,0
                27.10977,44.804746,0
                27.101596,44.799003,0
                27.096641,44.795438,0
                27.084051,44.787994,0
                27.066072,44.780272,0
                27.056254,44.776359,0
                27.034553,44.767667,0
                27.021039,44.762301,0
                27.001398,44.755513,0
                26.995187,44.753376,0
                26.985855,44.750435,0
                26.977035,44.747626,0
                26.96831,44.744891,0
                26.957956,44.741579,0
                26.936703,44.734578,0
                26.927066,44.731683,0
                26.914593,44.72792,0
                26.900313,44.724731,0
                26.884898,44.722547,0
                26.872754,44.722686,0
                26.864392,44.722818,0
                26.857115,44.723123,0
                26.848569,44.72343,0
                26.835703,44.724869,0
                26.827582,44.725824,0
                26.818449,44.727222,0
                26.813935,44.727946,0
                26.803044,44.730572,0
                26.794591,44.735157,0
                26.786203,44.739724,0
                26.778908,44.743867,0
                26.769377,44.749319,0
                26.751566,44.760434,0
                26.733625,44.77193,0
                26.725278,44.777366,0
                26.716608,44.783119,0
                26.706219,44.79005,0
                26.688462,44.802009,0
                26.679159,44.808302,0
                26.668778,44.815152,0
                26.659839,44.820992,0
                26.649687,44.82767,0
                26.644033,44.831823,0
                26.642019,44.833151,0
                26.626741,44.844151,0
                26.612005,44.856713,0
                26.606247,44.863002,0
                26.601644,44.867984,0
                26.598072,44.871906,0
                26.595316,44.875425,0
                26.33499,44.782249,0
                26.347244,44.77169,0
                26.351327,44.768476,0
                26.355129,44.765437,0
                26.357676,44.763481,0
                26.360158,44.761483,0
                26.364509,44.758056,0
                26.368035,44.755248,0
                26.372358,44.751849,0
                26.376338,44.748695,0
                26.380615,44.745278,0
                26.386784,44.740379,0
                26.397477,44.731912,0
                26.401232,44.728919,0
                26.405248,44.72576,0
                26.416072,44.717046,0
                26.427009,44.708266,0
                26.432563,44.703774,0
                26.437978,44.699374,0
                26.448102,44.691054,0
                26.453684,44.686486,0
                26.459788,44.681539,0
                26.479059,44.663428,0
                26.484513,44.658259,0
                26.487675,44.655206,0
                26.490565,44.652475,0
                26.498573,44.644815,0
                26.504777,44.638832,0
                26.507061,44.636475,0
                26.511127,44.632217,0
                26.515864,44.627312,0
                26.52077,44.622177,0
                26.525143,44.617699,0
                26.535998,44.606616,0
                26.539771,44.602741,0
                26.542268,44.600212,0
                26.544242,44.598315,0
                26.557081,44.5857,0
                26.561108,44.581765,0
                26.564869,44.578151,0
                26.568793,44.57442,0
                26.572541,44.570786,0
                26.58489,44.559054,0
                26.597467,44.547221,0
                26.602054,44.542955,0
                26.605742,44.539439,0
                26.610301,44.535155,0
                26.614678,44.531077,0
                26.619623,44.526494,0
                26.62477,44.521784,0
                26.62907,44.517812,0
                26.635999,44.511441,0
                26.6403,44.507515,0
                26.644347,44.503775,0
                26.648409,44.50009,0
                26.655442,44.493655,0
                26.66305,44.486725,0
                26.670091,44.480218,0
                26.671413,44.47903,0
                26.674671,44.47598,0
                26.677122,44.47372,0
                26.681585,44.469648,0
                26.686142,44.465446,0
                26.689844,44.461969,0
                26.697451,44.454919,0
                26.705912,44.447008,0
                26.711573,44.441767,0
                26.714953,44.438684,0
                26.719409,44.43455,0
                26.738112,44.417276,0
                26.741416,44.414204,0
                26.745941,44.410091,0
                26.750408,44.405943,0
                26.757528,44.399498,0
                26.764664,44.39297,0
                26.771838,44.386427,0
                26.784328,44.375208,0
                26.792625,44.367821,0
                26.796117,44.364816,0
                26.799483,44.361881,0
                26.804975,44.357218,0
                26.815008,44.348473,0
                26.818533,44.345462,0
                26.82419,44.340919,0
                26.828188,44.337753,0
                26.834792,44.332362,0
                26.840956,44.327353,0
                26.851377,44.318981,0
                26.857175,44.314211,0
                26.861425,44.310771,0
                26.867568,44.305746,0
                26.875136,44.299584,0
                26.881037,44.294731,0
                26.887161,44.289716,0
                26.903002,44.276781,0
                26.90646,44.273774,0
                26.9102,44.27048,0
                26.916331,44.265143,0
                26.923916,44.258519,0
                26.927592,44.25524,0
                26.931819,44.251639,0
                26.935869,44.248054,0
                26.939587,44.244673,0
                26.944096,44.240702,0
                26.948455,44.236718,0
                26.951597,44.233931,0
                26.957752,44.228387,0
                26.968618,44.218836,0
                26.976249,44.212243,0
                26.981643,44.207669,0
                26.987962,44.202252,0
                26.993526,44.197377,0
                27.000721,44.19096,0
                27.003832,44.188229,0
                27.0094,44.183411,0
                27.014182,44.17924,0
                27.019811,44.174379,0
                27.027328,44.167843,0
                27.033199,44.162815,0
                27.039508,44.157369,0
                27.044477,44.15306,0
                27.049967,44.148443,0
                27.053567,44.145323,0
                27.061767,44.147035,0
              </coordinates>
            </LinearRing>
          </outerBoundaryIs>
        </Polygon>
      </Placemark>
      <Placemark>
        <name>CR 1-1-4/2012</name>
        <description>qb = 0,5 kPa</description>
        <styleUrl>#poly-00FF00-1000-76</styleUrl>
        <Polygon>
          <outerBoundaryIs>
            <LinearRing>
              <tessellate>1</tessellate>
              <coordinates>
                23.23329,47.00031,0
                23.221565,46.998536,0
                23.216869,46.997892,0
                23.209355,46.99693,0
                23.203043,46.996361,0
                23.189248,46.9951,0
                23.17872,46.994258,0
                23.165162,46.993346,0
                23.151302,46.992377,0
                23.133274,46.99112,0
                23.117041,46.990575,0
                23.100638,46.991259,0
                23.0856,46.991842,0
                23.073728,46.992292,0
                23.067783,46.99249,0
                23.059738,46.993449,0
                23.043848,46.995248,0
                23.036408,46.996363,0
                23.016928,46.999206,0
                23.0092,47.001211,0
                22.997394,47.004315,0
                22.986136,47.007152,0
                22.977134,47.010254,0
                22.966701,47.013889,0
                22.956705,47.017553,0
                22.946754,47.02113,0
                22.940438,47.023533,0
                22.934074,47.026262,0
                22.929044,47.028428,0
                22.923146,47.031456,0
                22.913562,47.036291,0
                22.909878,47.038134,0
                22.902161,47.042021,0
                22.89303,47.046717,0
                22.885384,47.051107,0
                22.875948,47.056438,0
                22.871731,47.0589,0
                22.859599,47.066203,0
                22.848161,47.07299,0
                22.835874,47.080195,0
                22.822562,47.089215,0
                22.813293,47.095566,0
                22.807207,47.099422,0
                22.794828,47.107096,0
                22.78438,47.11382,0
                22.775681,47.119358,0
                22.773447,47.120923,0
                22.761801,47.129088,0
                22.749289,47.138052,0
                22.739172,47.14521,0
                22.72582,47.154288,0
                22.720171,47.157867,0
                22.708039,47.165579,0
                22.699721,47.170999,0
                22.688116,47.178436,0
                22.673224,47.189273,0
                22.665474,47.196214,0
                22.660398,47.200861,0
                22.656262,47.20512,0
                22.648251,47.213702,0
                22.639154,47.223882,0
                22.631804,47.232195,0
                22.622632,47.241808,0
                22.612975,47.251684,0
                22.602282,47.26246,0
                22.588081,47.274723,0
                22.578115,47.283665,0
                22.56948,47.29146,0
                22.565736,47.295201,0
                22.557612,47.303297,0
                22.551832,47.30916,0
                22.542331,47.318812,0
                22.535163,47.325263,0
                22.529143,47.330624,0
                22.523826,47.335416,0
                22.508592,47.346575,0
                22.494664,47.354906,0
                22.485277,47.360434,0
                22.477727,47.364998,0
                22.468562,47.370529,0
                22.452125,47.378253,0
                22.444086,47.381768,0
                22.428218,47.388817,0
                22.411746,47.394103,0
                22.398417,47.398579,0
                22.385695,47.402951,0
                22.372066,47.407651,0
                22.363393,47.410537,0
                22.35156,47.414561,0
                22.344158,47.41702,0
                22.340073,47.418318,0
                22.329004,47.421706,0
                22.316339,47.425598,0
                22.300783,47.430564,0
                22.288625,47.434586,0
                22.27757,47.438265,0
                22.269918,47.440286,0
                22.257441,47.443536,0
                22.243355,47.448138,0
                22.235709,47.449943,0
                22.226035,47.452296,0
                22.210757,47.455258,0
                22.190516,47.459135,0
                22.171871,47.461034,0
                22.162482,47.461417,0
                22.142937,47.462234,0
                22.129628,47.462231,0
                22.122894,47.462255,0
                22.112019,47.46211,0
                22.099776,47.462032,0
                22.087185,47.46189,0
                22.073051,47.46169,0
                22.062436,47.461537,0
                22.053716,47.461358,0
                22.045544,47.461083,0
                22.037187,47.460854,0
                22.026946,47.460748,0
                22.017176,47.460652,0
                22.020672,47.455118,0
                22.020925,47.4545,0
                22.032841,47.450985,0
                22.028752,47.444361,0
                22.026057,47.442367,0
                22.026079,47.442008,0
                22.027484,47.440222,0
                22.028023,47.439165,0
                22.027937,47.438341,0
                22.027956,47.437981,0
                22.028344,47.437579,0
                22.028848,47.437266,0
                22.029561,47.436824,0
                22.029938,47.436563,0
                22.030203,47.43603,0
                22.030697,47.435776,0
                22.035256,47.427351,0
                22.031992,47.426231,0
                22.033864,47.424109,0
                22.029776,47.42267,0
                22.033709,47.418416,0
                22.035056,47.416117,0
                22.03559,47.413371,0
                22.034538,47.4115,0
                22.025301,47.3962,0
                22.024859,47.395069,0
                22.024301,47.393235,0
                22.022765,47.390368,0
                22.021409,47.389074,0
                22.020209,47.38823,0
                22.019108,47.387292,0
                22.016311,47.383155,0
                22.015382,47.382202,0
                22.014954,47.381191,0
                22.014546,47.379976,0
                22.013849,47.378982,0
                22.013019,47.378289,0
                22.01234,47.376792,0
                22.011922,47.376102,0
                22.011905,47.375843,0
                22.010891,47.376146,0
                22.009912,47.376451,0
                22.008454,47.376716,0
                22.0085,47.377032,0
                22.004463,47.377086,0
                22.002805,47.376953,0
                22.0007,47.376886,0
                21.999075,47.37715,0
                21.997594,47.377526,0
                21.996825,47.377928,0
                21.996345,47.378583,0
                21.996232,47.379855,0
                21.994948,47.380944,0
                21.993061,47.38094,0
                21.990446,47.381413,0
                21.98914,47.380814,0
                21.988042,47.380974,0
                21.986647,47.381404,0
                21.985251,47.380026,0
                21.981221,47.378885,0
                21.980168,47.378769,0
                21.978517,47.378166,0
                21.975427,47.378228,0
                21.975031,47.380105,0
                21.965447,47.380625,0
                21.96162,47.381159,0
                21.961414,47.379974,0
                21.960707,47.379246,0
                21.959972,47.378962,0
                21.959414,47.378593,0
                21.959002,47.378027,0
                21.957903,47.377243,0
                21.957024,47.37687,0
                21.955199,47.375677,0
                21.953236,47.374799,0
                21.952322,47.374546,0
                21.951304,47.374485,0
                21.950252,47.375235,0
                21.948827,47.375077,0
                21.947984,47.37491,0
                21.946566,47.375257,0
                21.945129,47.375182,0
                21.943937,47.374891,0
                21.94263,47.374344,0
                21.938593,47.372894,0
                21.938186,47.371299,0
                21.939471,47.36965,0
                21.939784,47.367627,0
                21.937617,47.366158,0
                21.936904,47.364921,0
                21.936359,47.363409,0
                21.935701,47.361629,0
                21.934738,47.360212,0
                21.930008,47.356396,0
                21.925182,47.353497,0
                21.923647,47.349883,0
                21.923207,47.345508,0
                21.923246,47.344118,0
                21.922589,47.343648,0
                21.92187,47.342594,0
                21.921654,47.341461,0
                21.920808,47.340646,0
                21.919784,47.339325,0
                21.919138,47.338324,0
                21.918377,47.337358,0
                21.917906,47.336861,0
                21.916571,47.336153,0
                21.915367,47.335016,0
                21.914355,47.333738,0
                21.913706,47.332597,0
                21.913335,47.332321,0
                21.911948,47.331147,0
                21.910733,47.330047,0
                21.907964,47.328707,0
                21.907886,47.327393,0
                21.907384,47.326227,0
                21.906394,47.325193,0
                21.905048,47.322761,0
                21.904058,47.32185,0
                21.902362,47.320698,0
                21.899557,47.318005,0
                21.896218,47.316225,0
                21.895231,47.31465,0
                21.89322,47.306071,0
                21.891756,47.303014,0
                21.88815,47.294658,0
                21.885778,47.293387,0
                21.884798,47.291169,0
                21.885974,47.289726,0
                21.885803,47.289313,0
                21.884435,47.289186,0
                21.882364,47.288821,0
                21.878775,47.287338,0
                21.878047,47.285505,0
                21.878581,47.284201,0
                21.879908,47.282681,0
                21.881451,47.281545,0
                21.885341,47.279111,0
                21.888094,47.27787,0
                21.886301,47.275188,0
                21.887788,47.272049,0
                21.886872,47.270812,0
                21.881361,47.266487,0
                21.879963,47.264761,0
                21.878682,47.264962,0
                21.876654,47.264922,0
                21.874703,47.263961,0
                21.87182,47.263397,0
                21.869919,47.261701,0
                21.867282,47.259343,0
                21.865087,47.256738,0
                21.864319,47.252775,0
                21.86285,47.25093,0
                21.860021,47.248857,0
                21.858323,47.24654,0
                21.857955,47.246527,0
                21.857783,47.245773,0
                21.858114,47.245317,0
                21.858269,47.244967,0
                21.858139,47.244202,0
                21.857746,47.243649,0
                21.856986,47.243168,0
                21.851638,47.23905,0
                21.849393,47.230358,0
                21.848582,47.230069,0
                21.846844,47.22369,0
                21.848521,47.221926,0
                21.850008,47.221754,0
                21.851685,47.221121,0
                21.85344,47.221043,0
                21.85425,47.220279,0
                21.858016,47.22008,0
                21.858274,47.219576,0
                21.8593,47.210354,0
                21.859232,47.210111,0
                21.859093,47.207131,0
                21.859676,47.206522,0
                21.859952,47.203454,0
                21.85907,47.194866,0
                21.858006,47.186955,0
                21.856377,47.18713,0
                21.855651,47.186589,0
                21.854427,47.186178,0
                21.853941,47.185963,0
                21.852935,47.185505,0
                21.847538,47.184396,0
                21.838781,47.17714,0
                21.835856,47.177355,0
                21.831119,47.178831,0
                21.829428,47.174928,0
                21.825928,47.173976,0
                21.824978,47.173231,0
                21.822232,47.173672,0
                21.819793,47.172375,0
                21.817477,47.17274,0
                21.812626,47.165632,0
                21.81192,47.165786,0
                21.805992,47.151164,0
                21.800412,47.137177,0
                21.802812,47.136298,0
                21.801186,47.133723,0
                21.800457,47.130692,0
                21.798527,47.127869,0
                21.796669,47.128081,0
                21.795202,47.127428,0
                21.793486,47.126338,0
                21.792519,47.125473,0
                21.791419,47.124006,0
                21.791195,47.122788,0
                21.791469,47.121151,0
                21.792123,47.119749,0
                21.791343,47.118537,0
                21.789262,47.116612,0
                21.791972,47.115588,0
                21.789271,47.112951,0
                21.792762,47.111286,0
                21.79132,47.109355,0
                21.791785,47.108209,0
                21.79273,47.107849,0
                21.792677,47.106853,0
                21.792203,47.106266,0
                21.791226,47.105908,0
                21.789959,47.106054,0
                21.78507,47.106922,0
                21.783387,47.107305,0
                21.778516,47.10783,0
                21.773877,47.108565,0
                21.772734,47.108891,0
                21.770923,47.108857,0
                21.769825,47.108341,0
                21.765783,47.108063,0
                21.762519,47.107482,0
                21.759444,47.106635,0
                21.754476,47.105617,0
                21.751749,47.105636,0
                21.751328,47.105144,0
                21.726128,47.098493,0
                21.725019,47.096506,0
                21.724314,47.0956,0
                21.724032,47.09431,0
                21.723813,47.093818,0
                21.722369,47.093472,0
                21.721136,47.092816,0
                21.720819,47.091722,0
                21.719923,47.091351,0
                21.719437,47.090891,0
                21.718054,47.089711,0
                21.717878,47.088108,0
                21.713309,47.083286,0
                21.712795,47.082352,0
                21.712674,47.080401,0
                21.713204,47.079889,0
                21.714002,47.079444,0
                21.716413,47.074811,0
                21.708318,47.071461,0
                21.706838,47.072009,0
                21.705358,47.071466,0
                21.706316,47.06991,0
                21.701373,47.068281,0
                21.704812,47.063324,0
                21.695674,47.060337,0
                21.697439,47.057999,0
                21.693997,47.056812,0
                21.688664,47.055489,0
                21.689698,47.053544,0
                21.684919,47.052287,0
                21.684703,47.052113,0
                21.683557,47.051191,0
                21.683366,47.050665,0
                21.683691,47.050214,0
                21.682663,47.045639,0
                21.681386,47.045283,0
                21.680853,47.044857,0
                21.6803,47.044702,0
                21.679075,47.044849,0
                21.677522,47.045421,0
                21.67698,47.044775,0
                21.676306,47.044643,0
                21.675083,47.044736,0
                21.674364,47.044982,0
                21.673677,47.044632,0
                21.672055,47.044629,0
                21.67068,47.04431,0
                21.670267,47.044349,0
                21.669561,47.043946,0
                21.667874,47.044157,0
                21.666697,47.043711,0
                21.664401,47.043228,0
                21.662396,47.041679,0
                21.661724,47.041429,0
                21.66063,47.04156,0
                21.660024,47.041454,0
                21.657802,47.040837,0
                21.656735,47.040711,0
                21.654847,47.040704,0
                21.650624,47.040877,0
                21.648949,47.040526,0
                21.648496,47.040162,0
                21.648591,47.039816,0
                21.648702,47.039385,0
                21.649001,47.036535,0
                21.649545,47.036471,0
                21.65009,47.033832,0
                21.652015,47.031442,0
                21.653033,47.030942,0
                21.659773,47.021851,0
                21.660829,47.021366,0
                21.660907,47.02054,0
                21.661611,47.020226,0
                21.677889,47.018371,0
                21.678158,47.01775,0
                21.677886,47.015414,0
                21.678169,47.013636,0
                21.678345,47.012163,0
                21.680574,47.007239,0
                21.681152,47.006193,0
                21.682822,47.003946,0
                21.688081,47.003003,0
                21.688969,47.001815,0
                21.687391,46.999299,0
                21.685462,46.999365,0
                21.684283,46.999164,0
                21.683243,46.998517,0
                21.681647,46.998197,0
                21.680267,46.997779,0
                21.679396,46.998011,0
                21.676857,46.993683,0
                21.675918,46.992534,0
                21.676809,46.990754,0
                21.677296,46.989738,0
                21.687149,46.991078,0
                21.698801,46.991993,0
                21.711918,46.993069,0
                21.721517,46.993979,0
                21.741221,46.995848,0
                21.763104,46.99805,0
                21.782451,47.000053,0
                21.796548,47.001468,0
                21.825116,47.00277,0
                21.835119,47.002923,0
                21.842555,47.003063,0
                21.857537,47.002842,0
                21.875279,47.001572,0
                21.893682,46.999584,0
                21.915173,46.997726,0
                21.939738,46.995758,0
                21.95071,46.994886,0
                21.968984,46.993386,0
                21.990369,46.991586,0
                22.001887,46.990585,0
                22.020804,46.989616,0
                22.048572,46.988084,0
                22.06893,46.98677,0
                22.086446,46.985657,0
                22.107016,46.984309,0
                22.122773,46.98373,0
                22.132716,46.98336,0
                22.146997,46.982691,0
                22.163397,46.981809,0
                22.174193,46.981329,0
                22.182306,46.981079,0
                22.193962,46.980382,0
                22.203364,46.979873,0
                22.218762,46.978939,0
                22.231882,46.977985,0
                22.250947,46.976138,0
                22.263219,46.973742,0
                22.283394,46.967576,0
                22.304332,46.961441,0
                22.318956,46.957121,0
                22.326572,46.954946,0
                22.340836,46.950033,0
                22.350851,46.945854,0
                22.359672,46.941005,0
                22.366105,46.936024,0
                22.375608,46.92884,0
                22.385789,46.921614,0
                22.39278,46.915215,0
                22.398909,46.90839,0
                22.40034,46.905872,0
                22.403015,46.901176,0
                22.4045,46.896777,0
                22.405525,46.893427,0
                22.406272,46.891148,0
                22.407717,46.884618,0
                22.409498,46.876712,0
                22.409762,46.875495,0
                22.410475,46.871876,0
                22.412099,46.864305,0
                22.412378,46.862339,0
                22.412983,46.858208,0
                22.41389,46.851663,0
                22.4147,46.84654,0
                22.415308,46.842385,0
                22.415814,46.835443,0
                22.416089,46.831368,0
                22.416119,46.821476,0
                22.416061,46.818092,0
                22.415674,46.810183,0
                22.415268,46.803572,0
                22.412433,46.79135,0
                22.407892,46.780957,0
                22.402172,46.771578,0
                22.393936,46.759346,0
                22.392829,46.757611,0
                22.384154,46.7456,0
                22.374723,46.735564,0
                22.358335,46.720608,0
                22.344791,46.710566,0
                22.331607,46.701018,0
                22.315991,46.68993,0
                22.297902,46.677721,0
                22.273701,46.664888,0
                22.252428,46.655905,0
                22.233005,46.648964,0
                22.224469,46.646549,0
                22.212834,46.643277,0
                22.211105,46.642844,0
                22.205205,46.641465,0
                22.197419,46.639743,0
                22.188094,46.637622,0
                22.179451,46.63561,0
                22.168507,46.632936,0
                22.157543,46.630249,0
                22.147125,46.628003,0
                22.129949,46.624254,0
                22.107695,46.619194,0
                22.092466,46.616001,0
                22.07197,46.61174,0
                22.055171,46.608394,0
                22.03767,46.604843,0
                22.021977,46.60174,0
                22.006921,46.59743,0
                21.999576,46.595227,0
                21.981825,46.589352,0
                21.958333,46.58127,0
                21.936295,46.573472,0
                21.922704,46.567707,0
                21.900769,46.558267,0
                21.892128,46.554243,0
                21.872026,46.544608,0
                21.855961,46.536546,0
                21.841654,46.529164,0
                21.822984,46.519097,0
                21.80674,46.510707,0
                21.788474,46.501241,0
                21.77377,46.492918,0
                21.762813,46.485954,0
                21.746627,46.475379,0
                21.732174,46.465912,0
                21.714535,46.453398,0
                21.698607,46.442188,0
                21.680451,46.430741,0
                21.661921,46.420699,0
                21.642755,46.412294,0
                21.625007,46.404668,0
                21.605173,46.396304,0
                21.582597,46.386691,0
                21.564724,46.378585,0
                21.550509,46.371962,0
                21.531608,46.363051,0
                21.517883,46.356641,0
                21.495244,46.346525,0
                21.470307,46.336649,0
                21.443801,46.328366,0
                21.421072,46.323831,0
                21.389852,46.318396,0
                21.365837,46.316692,0
                21.334853,46.315837,0
                21.306797,46.317026,0
                21.292231,46.31806,0
                21.277497,46.319115,0
                21.258131,46.321195,0
                21.24119,46.323364,0
                21.22594,46.325411,0
                21.208264,46.327985,0
                21.190219,46.33061,0
                21.177799,46.332372,0
                21.178697,46.330456,0
                21.175975,46.329479,0
                21.177559,46.323384,0
                21.176154,46.320805,0
                21.173264,46.318348,0
                21.180645,46.303993,0
                21.175714,46.302788,0
                21.174609,46.300287,0
                21.170005,46.297948,0
                21.169241,46.298062,0
                21.167374,46.297814,0
                21.164101,46.298206,0
                21.153756,46.298581,0
                21.152641,46.298221,0
                21.151698,46.29762,0
                21.147527,46.299004,0
                21.14536,46.304579,0
                21.122528,46.300861,0
                21.115558,46.301633,0
                21.111027,46.286511,0
                21.110032,46.281679,0
                21.109089,46.277968,0
                21.103022,46.262298,0
                21.101872,46.262596,0
                21.10129,46.263597,0
                21.100618,46.263937,0
                21.099425,46.263554,0
                21.098416,46.262903,0
                21.09719,46.262369,0
                21.094464,46.262343,0
                21.093841,46.261944,0
                21.093363,46.260522,0
                21.09255,46.259974,0
                21.091639,46.25939,0
                21.090903,46.258223,0
                21.089419,46.258152,0
                21.087706,46.259074,0
                21.087059,46.259096,0
                21.086911,46.258573,0
                21.087206,46.257918,0
                21.087148,46.257953,0
                21.087641,46.257015,0
                21.087499,46.256469,0
                21.086543,46.254948,0
                21.085193,46.254529,0
                21.083955,46.255135,0
                21.083309,46.256263,0
                21.082897,46.256541,0
                21.081543,46.255791,0
                21.079757,46.252013,0
                21.071168,46.253778,0
                21.066002,46.24272,0
                21.059808,46.244779,0
                21.04076,46.247789,0
                21.036775,46.24781,0
                21.028851,46.260777,0
                21.024979,46.266419,0
                21.015897,46.263149,0
                21.001279,46.260691,0
                20.990419,46.259375,0
                20.97111,46.260803,0
                20.961482,46.262073,0
                20.952356,46.264773,0
                20.950956,46.267907,0
                20.949753,46.271714,0
                20.946607,46.279042,0
                20.925168,46.276282,0
                20.922104,46.261812,0
                20.890538,46.27139,0
                20.873547,46.287294,0
                20.819966,46.278422,0
                20.832444,46.274123,0
                20.841316,46.270953,0
                20.853151,46.26691,0
                20.872857,46.260047,0
                20.888936,46.254332,0
                20.908072,46.247499,0
                20.925074,46.241208,0
                20.943089,46.234358,0
                20.951051,46.231345,0
                20.966449,46.226146,0
                20.977425,46.222459,0
                20.99418,46.216851,0
                21.009784,46.211702,0
                21.025835,46.206447,0
                21.046107,46.199062,0
                21.057678,46.19491,0
                21.078427,46.18879,0
                21.097531,46.183458,0
                21.113418,46.179319,0
                21.126708,46.176133,0
                21.143807,46.172174,0
                21.159628,46.168471,0
                21.180205,46.163658,0
                21.19725,46.159752,0
                21.215412,46.156301,0
                21.22707,46.154167,0
                21.239766,46.151532,0
                21.258434,46.147799,0
                21.281465,46.144369,0
                21.298627,46.144159,0
                21.318466,46.146246,0
                21.334364,46.148093,0
                21.346232,46.149482,0
                21.357156,46.150971,0
                21.36449,46.151973,0
                21.38261,46.155882,0
                21.39747,46.159582,0
                21.403007,46.160947,0
                21.422444,46.166912,0
                21.433266,46.170195,0
                21.444239,46.17377,0
                21.459396,46.178687,0
                21.485711,46.18867,0
                21.495474,46.192404,0
                21.519234,46.202857,0
                21.535116,46.210425,0
                21.552395,46.218697,0
                21.56586,46.22547,0
                21.581276,46.233002,0
                21.597728,46.241113,0
                21.616244,46.250188,0
                21.636409,46.259813,0
                21.655461,46.269161,0
                21.660993,46.271903,0
                21.673366,46.278669,0
                21.679723,46.282149,0
                21.69059,46.288785,0
                21.705193,46.297758,0
                21.718335,46.308388,0
                21.734743,46.321635,0
                21.739707,46.325607,0
                21.752668,46.33591,0
                21.763345,46.344136,0
                21.779117,46.356148,0
                21.782444,46.358664,0
                21.801088,46.371914,0
                21.822137,46.386861,0
                21.834776,46.395142,0
                21.838575,46.397701,0
                21.853304,46.406055,0
                21.872803,46.416623,0
                21.890354,46.426456,0
                21.891892,46.427412,0
                21.91729,46.440293,0
                21.934666,46.448574,0
                21.940939,46.451475,0
                21.958006,46.456885,0
                21.976449,46.461612,0
                22.001804,46.467432,0
                22.019194,46.470872,0
                22.024582,46.471975,0
                22.034363,46.473882,0
                22.040217,46.474993,0
                22.042246,46.475391,0
                22.056086,46.478101,0
                22.069441,46.480652,0
                22.082527,46.483189,0
                22.107239,46.487513,0
                22.126893,46.490684,0
                22.143611,46.493332,0
                22.156066,46.495285,0
                22.159937,46.495857,0
                22.166801,46.496908,0
                22.180804,46.498994,0
                22.191859,46.500718,0
                22.198439,46.501807,0
                22.200377,46.502099,0
                22.208028,46.503337,0
                22.221797,46.505575,0
                22.237143,46.508071,0
                22.245309,46.50936,0
                22.248694,46.509869,0
                22.255667,46.510777,0
                22.268409,46.512534,0
                22.274723,46.513403,0
                22.278478,46.513861,0
                22.283644,46.514325,0
                22.286251,46.51457,0
                22.287165,46.514653,0
                22.289347,46.514847,0
                22.293059,46.515161,0
                22.296527,46.515475,0
                22.29943,46.515582,0
                22.310378,46.516136,0
                22.316975,46.516435,0
                22.32425,46.516818,0
                22.333641,46.517268,0
                22.340411,46.517401,0
                22.347658,46.517501,0
                22.353959,46.517606,0
                22.364852,46.517768,0
                22.371286,46.517903,0
                22.382693,46.518096,0
                22.389486,46.518207,0
                22.404352,46.518388,0
                22.41251,46.518452,0
                22.423689,46.518616,0
                22.437873,46.518857,0
                22.456,46.51915,0
                22.475669,46.519155,0
                22.497738,46.519162,0
                22.518739,46.519137,0
                22.533967,46.519008,0
                22.542352,46.518982,0
                22.552434,46.518883,0
                22.56706,46.518335,0
                22.576756,46.517958,0
                22.585705,46.517602,0
                22.592638,46.517345,0
                22.604312,46.516856,0
                22.609949,46.516555,0
                22.615203,46.516273,0
                22.618454,46.516076,0
                22.622703,46.515877,0
                22.62639,46.515687,0
                22.6319,46.515401,0
                22.634331,46.515296,0
                22.637712,46.515128,0
                22.641888,46.514896,0
                22.644252,46.514765,0
                22.647104,46.514624,0
                22.652011,46.514382,0
                22.65589,46.514146,0
                22.666773,46.513438,0
                22.673806,46.512963,0
                22.681361,46.512466,0
                22.682959,46.512393,0
                22.688749,46.512012,0
                22.694102,46.511632,0
                22.701935,46.511137,0
                22.713498,46.510401,0
                22.725042,46.509624,0
                22.736097,46.50885,0
                22.745595,46.508188,0
                22.756802,46.507354,0
                22.767551,46.506415,0
                22.780516,46.505259,0
                22.794636,46.504,0
                22.80336,46.503225,0
                22.814643,46.502089,0
                22.827444,46.500768,0
                22.835497,46.499943,0
                22.843364,46.499084,0
                22.852205,46.498079,0
                22.862435,46.496898,0
                22.872466,46.495746,0
                22.881584,46.494696,0
                22.89508,46.493145,0
                22.904807,46.49206,0
                22.917062,46.490733,0
                22.927182,46.489647,0
                22.938516,46.488552,0
                22.953922,46.487108,0
                22.969851,46.485599,0
                22.983625,46.484266,0
                22.999539,46.482684,0
                23.009638,46.481569,0
                23.020908,46.480316,0
                23.025993,46.479728,0
                23.033358,46.478636,0
                23.046257,46.476667,0
                23.051852,46.475812,0
                23.061801,46.473755,0
                23.073102,46.471375,0
                23.078026,46.470333,0
                23.088534,46.467196,0
                23.100117,46.463751,0
                23.105312,46.462225,0
                23.112329,46.459844,0
                23.122138,46.456517,0
                23.127421,46.454746,0
                23.138288,46.451408,0
                23.147687,46.448507,0
                23.155254,46.446188,0
                23.160726,46.444473,0
                23.172956,46.441945,0
                23.17712,46.441074,0
                23.189583,46.439227,0
                23.202664,46.437274,0
                23.213406,46.435717,0
                23.227179,46.43374,0
                23.239567,46.432317,0
                23.254468,46.430634,0
                23.263195,46.429899,0
                23.273185,46.429036,0
                23.283665,46.428124,0
                23.290416,46.427566,0
                23.298871,46.42692,0
                23.311741,46.426016,0
                23.315869,46.42575,0
                23.323971,46.425507,0
                23.329753,46.425327,0
                23.339757,46.424991,0
                23.354981,46.424974,0
                23.360045,46.424965,0
                23.372124,46.425518,0
                23.377419,46.425747,0
                23.392532,46.428413,0
                23.403727,46.430405,0
                23.41701,46.433892,0
                23.429966,46.43734,0
                23.443182,46.441114,0
                23.459719,46.445748,0
                23.481751,46.453783,0
                23.49444,46.459348,0
                23.508095,46.465318,0
                23.518381,46.469965,0
                23.532575,46.476431,0
                23.544865,46.481933,0
                23.558033,46.487729,0
                23.5714,46.493747,0
                23.591425,46.502755,0
                23.607664,46.509715,0
                23.620069,46.518692,0
                23.627274,46.524153,0
                23.639875,46.536634,0
                23.651099,46.547864,0
                23.654711,46.551457,0
                23.66088,46.558196,0
                23.668269,46.56628,0
                23.678513,46.576926,0
                23.686643,46.58669,0
                23.693386,46.596817,0
                23.700025,46.608412,0
                23.706366,46.619851,0
                23.712094,46.630393,0
                23.715479,46.637093,0
                23.71883,46.643729,0
                23.723722,46.654862,0
                23.726028,46.660272,0
                23.730645,46.673456,0
                23.73455,46.684762,0
                23.73681,46.692022,0
                23.741324,46.705838,0
                23.743034,46.711227,0
                23.744725,46.716527,0
                23.745939,46.727622,0
                23.746456,46.733068,0
                23.746884,46.740865,0
                23.747363,46.748338,0
                23.74723,46.762594,0
                23.747192,46.775133,0
                23.747049,46.78538,0
                23.746745,46.796107,0
                23.746151,46.807488,0
                23.745555,46.814443,0
                23.743251,46.828849,0
                23.739344,46.841148,0
                23.737866,46.845591,0
                23.732106,46.856533,0
                23.723983,46.867761,0
                23.721792,46.87086,0
                23.713194,46.880873,0
                23.708966,46.885935,0
                23.695279,46.899462,0
                23.683758,46.9105,0
                23.665161,46.92601,0
                23.65387,46.934375,0
                23.643393,46.941755,0
                23.627862,46.952396,0
                23.612216,46.960937,0
                23.596382,46.969373,0
                23.581095,46.977056,0
                23.562712,46.986237,0
                23.543064,46.996004,0
                23.538809,46.998156,0
                23.518862,47.005484,0
                23.497214,47.010128,0
                23.478012,47.012405,0
                23.455673,47.014651,0
                23.429964,47.016188,0
                23.419124,47.01676,0
                23.398748,47.017449,0
                23.39007,47.017674,0
                23.378682,47.017631,0
                23.369536,47.017663,0
                23.34786,47.016049,0
                23.339586,47.015266,0
                23.326046,47.013903,0
                23.304749,47.011077,0
                23.293746,47.009589,0
                23.279479,47.007607,0
                23.264538,47.005349,0
                23.243691,47.002021,0
                23.23329,47.00031,0
              </coordinates>
            </LinearRing>
          </outerBoundaryIs>
        </Polygon>
      </Placemark>
      <Placemark>
        <name>CR 1-1-4/2012</name>
        <description>qb = 0,6 kPa</description>
        <styleUrl>#poly-FFFF00-1000-76</styleUrl>
        <Polygon>
          <outerBoundaryIs>
            <LinearRing>
              <tessellate>1</tessellate>
              <coordinates>
                22.779938,44.173095,0
                22.792203,44.176741,0
                22.80338,44.180398,0
                22.815788,44.186868,0
                22.827398,44.193662,0
                22.834608,44.19804,0
                22.847895,44.21168,0
                22.856166,44.220776,0
                22.865066,44.230535,0
                22.869648,44.236487,0
                22.871818,44.239303,0
                22.880395,44.25068,0
                22.885218,44.258252,0
                22.891639,44.268223,0
                22.894668,44.273685,0
                22.899257,44.28222,0
                22.902339,44.289236,0
                22.90779,44.301553,0
                22.913172,44.315364,0
                22.917718,44.328029,0
                22.921572,44.339506,0
                22.923249,44.351118,0
                22.924681,44.36202,0
                22.925366,44.365252,0
                22.928653,44.380417,0
                22.931196,44.392313,0
                22.932926,44.401255,0
                22.934924,44.411145,0
                22.937075,44.422729,0
                22.938271,44.429853,0
                22.93923,44.43828,0
                22.939953,44.444739,0
                22.940959,44.455378,0
                22.94102,44.457755,0
                22.941331,44.463812,0
                22.940512,44.470869,0
                22.93946,44.479414,0
                22.938268,44.490627,0
                22.937005,44.502339,0
                22.935332,44.518402,0
                22.934363,44.528609,0
                22.932994,44.541368,0
                22.931845,44.553014,0
                22.930109,44.567549,0
                22.929207,44.570205,0
                22.926093,44.580005,0
                22.922682,44.589161,0
                22.919368,44.596288,0
                22.918083,44.59883,0
                22.914335,44.60564,0
                22.908495,44.614816,0
                22.902357,44.623668,0
                22.898652,44.628127,0
                22.890917,44.637532,0
                22.88231,44.648044,0
                22.875402,44.654885,0
                22.870152,44.660255,0
                22.864395,44.666019,0
                22.862488,44.667803,0
                22.856683,44.673059,0
                22.846217,44.682653,0
                22.836587,44.691528,0
                22.826565,44.700543,0
                22.817124,44.708868,0
                22.809617,44.715342,0
                22.80177,44.722405,0
                22.79479,44.728592,0
                22.786364,44.736201,0
                22.777169,44.744445,0
                22.767739,44.753328,0
                22.758213,44.762414,0
                22.753006,44.76781,0
                22.743424,44.777664,0
                22.736154,44.785259,0
                22.726944,44.794985,0
                22.719078,44.802352,0
                22.70959,44.811196,0
                22.702392,44.816658,0
                22.689686,44.826191,0
                22.677427,44.835646,0
                22.670644,44.840791,0
                22.666589,44.844574,0
                22.655316,44.854964,0
                22.646042,44.864499,0
                22.64052,44.870033,0
                22.6372,44.873632,0
                22.633942,44.87728,0
                22.624284,44.88821,0
                22.620574,44.892296,0
                22.612431,44.901096,0
                22.604573,44.909609,0
                22.600573,44.913539,0
                22.59134,44.922641,0
                22.583826,44.931581,0
                22.577405,44.939309,0
                22.572223,44.946365,0
                22.562543,44.959605,0
                22.554481,44.970996,0
                22.547177,44.98143,0
                22.542447,44.988016,0
                22.536136,44.998202,0
                22.531691,45.005322,0
                22.525624,45.015032,0
                22.5224,45.020315,0
                22.520738,45.023158,0
                22.515756,45.03217,0
                22.512676,45.037604,0
                22.511459,45.039737,0
                22.506609,45.047944,0
                22.502537,45.054724,0
                22.499506,45.05982,0
                22.493115,45.070539,0
                22.487068,45.080538,0
                22.482172,45.088735,0
                22.476875,45.097994,0
                22.469894,45.110423,0
                22.463196,45.122514,0
                22.457324,45.133636,0
                22.452317,45.143194,0
                22.443023,45.160938,0
                22.435194,45.175725,0
                22.431927,45.181809,0
                22.428226,45.18878,0
                22.422252,45.199837,0
                22.417737,45.206675,0
                22.409646,45.218915,0
                22.404831,45.22477,0
                22.396308,45.235092,0
                22.388613,45.243863,0
                22.379265,45.25424,0
                22.372035,45.262216,0
                22.363909,45.269866,0
                22.352928,45.280299,0
                22.342086,45.290793,0
                22.326051,45.304095,0
                22.313472,45.31468,0
                22.30004,45.326128,0
                22.287326,45.337092,0
                22.277238,45.345638,0
                22.271923,45.3497,0
                22.262506,45.356935,0
                22.255915,45.36195,0
                22.252259,45.364821,0
                22.242298,45.372348,0
                22.23381,45.378376,0
                22.224887,45.384772,0
                22.210077,45.39524,0
                22.195998,45.405996,0
                22.183402,45.41549,0
                22.169499,45.425444,0
                22.153987,45.436462,0
                22.141724,45.44489,0
                22.125609,45.455887,0
                22.11611,45.462393,0
                22.105093,45.469932,0
                22.101825,45.471861,0
                22.093047,45.477024,0
                22.079868,45.484794,0
                22.067342,45.492161,0
                22.055263,45.498996,0
                22.034934,45.510552,0
                22.021367,45.517257,0
                22.007425,45.524149,0
                21.993563,45.53035,0
                21.980031,45.536446,0
                21.976467,45.538197,0
                21.962011,45.545348,0
                21.946385,45.553011,0
                21.931995,45.560064,0
                21.91293,45.568805,0
                21.892391,45.578478,0
                21.876595,45.58595,0
                21.862494,45.592142,0
                21.850691,45.597265,0
                21.837523,45.603019,0
                21.829088,45.607041,0
                21.815404,45.613418,0
                21.798789,45.62123,0
                21.783115,45.628457,0
                21.760395,45.638567,0
                21.742138,45.646592,0
                21.726348,45.653376,0
                21.710465,45.66023,0
                21.690914,45.668524,0
                21.674047,45.676031,0
                21.664609,45.680324,0
                21.654792,45.684969,0
                21.644936,45.689726,0
                21.633869,45.695403,0
                21.614089,45.705625,0
                21.600387,45.712478,0
                21.581673,45.721542,0
                21.559329,45.731706,0
                21.539423,45.740379,0
                21.523145,45.747745,0
                21.508348,45.75454,0
                21.493234,45.761423,0
                21.480223,45.767126,0
                21.458553,45.776485,0
                21.437002,45.785598,0
                21.417723,45.793059,0
                21.392519,45.802598,0
                21.365974,45.812452,0
                21.342584,45.820499,0
                21.310106,45.83053,0
                21.285245,45.835502,0
                21.261894,45.837644,0
                21.231818,45.838036,0
                21.208477,45.837926,0
                21.196464,45.837782,0
                21.175722,45.837294,0
                21.171952,45.837041,0
                21.145889,45.835092,0
                21.110985,45.830068,0
                21.092447,45.827142,0
                21.064854,45.822347,0
                21.035988,45.817117,0
                21.017247,45.813774,0
                21.011671,45.812581,0
                20.984647,45.807006,0
                20.959247,45.801586,0
                20.938798,45.797359,0
                20.899882,45.791637,0
                20.893268,45.790995,0
                20.867926,45.788207,0
                20.848849,45.785769,0
                20.83031,45.783538,0
                20.806381,45.780613,0
                20.822076,45.77576,0
                20.816361,45.749207,0
                20.808281,45.748485,0
                20.802881,45.738186,0
                20.800998,45.701964,0
                20.798751,45.702016,0
                20.802316,45.699872,0
                20.796399,45.687145,0
                20.803349,45.681987,0
                20.800711,45.671965,0
                20.805423,45.65999,0
                20.8065,45.657662,0
                20.788255,45.644807,0
                20.787776,45.642145,0
                20.778905,45.621626,0
                20.766072,45.612196,0
                20.767812,45.602948,0
                20.769433,45.593537,0
                20.771377,45.582675,0
                20.793795,45.587155,0
                20.797543,45.582873,0
                20.799377,45.583002,0
                20.813576,45.568194,0
                20.811403,45.565799,0
                20.823994,45.551522,0
                20.820643,45.549951,0
                20.82257,45.547335,0
                20.827317,45.542297,0
                20.832977,45.535781,0
                20.827167,45.533765,0
                20.826906,45.533158,0
                20.809234,45.515655,0
                20.807801,45.51502,0
                20.768733,45.499846,0
                20.772557,45.494953,0
                20.776303,45.490111,0
                20.770274,45.487831,0
                20.770789,45.479528,0
                20.780178,45.479256,0
                20.785905,45.479426,0
                20.792889,45.479376,0
                20.832748,45.479778,0
                20.839039,45.476919,0
                20.846701,45.472693,0
                20.848223,45.472602,0
                20.867848,45.463877,0
                20.869711,45.462568,0
                20.871533,45.460433,0
                20.872172,45.458844,0
                20.873275,45.456456,0
                20.874587,45.45554,0
                20.878504,45.453842,0
                20.879358,45.451947,0
                20.879079,45.450887,0
                20.878829,45.449191,0
                20.879882,45.44733,0
                20.881056,45.44663,0
                20.880142,45.446176,0
                20.877673,45.445711,0
                20.874408,45.446173,0
                20.873481,45.445593,0
                20.873402,45.444532,0
                20.874148,45.443717,0
                20.875538,45.440946,0
                20.875321,45.439602,0
                20.874922,45.438862,0
                20.873851,45.438461,0
                20.869789,45.437965,0
                20.868,45.437503,0
                20.866417,45.43689,0
                20.865889,45.436186,0
                20.866108,45.435293,0
                20.867309,45.434723,0
                20.86951,45.433868,0
                20.86975,45.43325,0
                20.869428,45.43283,0
                20.866648,45.432244,0
                20.878572,45.42411,0
                20.892682,45.419222,0
                20.893561,45.418742,0
                20.894965,45.418583,0
                20.896004,45.418654,0
                20.900849,45.41672,0
                20.908393,45.417205,0
                20.912071,45.41716,0
                20.913254,45.417329,0
                20.91987,45.417667,0
                20.920657,45.415665,0
                20.92219,45.411943,0
                20.923977,45.407164,0
                20.924809,45.40655,0
                20.925749,45.406453,0
                20.927562,45.40691,0
                20.930006,45.405386,0
                20.930018,45.403533,0
                20.931136,45.402662,0
                20.935214,45.392909,0
                20.929836,45.392676,0
                20.930776,45.386733,0
                20.934985,45.386321,0
                20.941192,45.386371,0
                20.943226,45.386554,0
                20.944783,45.386016,0
                20.945343,45.385503,0
                20.948164,45.385737,0
                20.948296,45.383734,0
                20.949071,45.383375,0
                20.950786,45.37322,0
                20.95988,45.367172,0
                20.961158,45.367258,0
                20.962764,45.366321,0
                20.970209,45.363862,0
                20.981907,45.357543,0
                20.987289,45.35011,0
                20.987642,45.349254,0
                20.988368,45.348574,0
                20.99397,45.344553,0
                20.998079,45.342097,0
                21.000435,45.341756,0
                21.009667,45.34185,0
                21.015634,45.326557,0
                21.020284,45.335162,0
                21.023884,45.343188,0
                21.027707,45.351025,0
                21.030399,45.356457,0
                21.033831,45.363505,0
                21.038197,45.372382,0
                21.040993,45.377326,0
                21.046481,45.387051,0
                21.049406,45.392195,0
                21.052643,45.397985,0
                21.056215,45.40423,0
                21.062208,45.412608,0
                21.068035,45.420797,0
                21.073571,45.427282,0
                21.082812,45.438154,0
                21.091411,45.448265,0
                21.097977,45.45605,0
                21.102468,45.460078,0
                21.109642,45.46659,0
                21.11739,45.473619,0
                21.125553,45.481023,0
                21.138521,45.490477,0
                21.145778,45.49571,0
                21.150889,45.49939,0
                21.156229,45.502814,0
                21.163373,45.507416,0
                21.170793,45.512166,0
                21.175333,45.514835,0
                21.183357,45.519596,0
                21.19265,45.525033,0
                21.20002,45.529387,0
                21.207725,45.533144,0
                21.219165,45.538825,0
                21.226613,45.542466,0
                21.234194,45.545939,0
                21.246075,45.551376,0
                21.261413,45.556128,0
                21.275091,45.560351,0
                21.287918,45.56242,0
                21.308119,45.565714,0
                21.328987,45.568892,0
                21.345298,45.571374,0
                21.355636,45.572369,0
                21.371538,45.573915,0
                21.378457,45.574044,0
                21.400274,45.57452,0
                21.421973,45.573755,0
                21.438366,45.573202,0
                21.455336,45.571748,0
                21.468232,45.570648,0
                21.474673,45.569752,0
                21.490088,45.567544,0
                21.50312,45.565701,0
                21.507902,45.564854,0
                21.523533,45.562043,0
                21.540343,45.558996,0
                21.547904,45.557602,0
                21.554032,45.556339,0
                21.570328,45.552932,0
                21.582174,45.550436,0
                21.590899,45.548484,0
                21.60711,45.544723,0
                21.624109,45.540834,0
                21.633241,45.538001,0
                21.651548,45.532298,0
                21.665204,45.528023,0
                21.681135,45.522792,0
                21.698754,45.516919,0
                21.713064,45.511593,0
                21.724293,45.507392,0
                21.737071,45.502589,0
                21.74481,45.499623,0
                21.752953,45.496033,0
                21.770218,45.488456,0
                21.782064,45.483374,0
                21.799296,45.475978,0
                21.813661,45.469665,0
                21.82663,45.463952,0
                21.840131,45.458013,0
                21.844234,45.45597,0
                21.855735,45.450093,0
                21.86572,45.445075,0
                21.872877,45.441089,0
                21.878937,45.437746,0
                21.891328,45.430879,0
                21.901642,45.425187,0
                21.912758,45.419018,0
                21.921187,45.414362,0
                21.932895,45.407251,0
                21.942961,45.401202,0
                21.946263,45.399069,0
                21.955934,45.392598,0
                21.965463,45.386178,0
                21.975648,45.379668,0
                21.987618,45.372029,0
                21.998385,45.364998,0
                22.009165,45.35794,0
                22.018606,45.351775,0
                22.023851,45.347684,0
                22.032297,45.341172,0
                22.041484,45.33399,0
                22.048629,45.327638,0
                22.055187,45.321755,0
                22.061983,45.315739,0
                22.068566,45.3098,0
                22.074202,45.304722,0
                22.079662,45.299847,0
                22.083835,45.296042,0
                22.088365,45.292033,0
                22.094296,45.286803,0
                22.09848,45.283064,0
                22.103283,45.278705,0
                22.107231,45.275049,0
                22.112268,45.270411,0
                22.117683,45.265031,0
                22.121134,45.261665,0
                22.125823,45.257063,0
                22.130398,45.252733,0
                22.135564,45.247831,0
                22.140365,45.243214,0
                22.14517,45.238638,0
                22.149775,45.23427,0
                22.1521,45.231745,0
                22.156398,45.227167,0
                22.160697,45.221616,0
                22.164352,45.216998,0
                22.165905,45.214882,0
                22.168904,45.21064,0
                22.172592,45.205555,0
                22.176089,45.200658,0
                22.178074,45.197612,0
                22.18102,45.193158,0
                22.184328,45.188113,0
                22.187391,45.183472,0
                22.191075,45.177755,0
                22.194098,45.173097,0
                22.197208,45.168264,0
                22.200584,45.162932,0
                22.203491,45.158224,0
                22.20728,45.152174,0
                22.210402,45.147197,0
                22.21296,45.143102,0
                22.215745,45.138333,0
                22.21848,45.133728,0
                22.221337,45.128893,0
                22.223522,45.12527,0
                22.224622,45.123204,0
                22.227447,45.117768,0
                22.231392,45.110229,0
                22.233738,45.105823,0
                22.236768,45.099815,0
                22.240127,45.093244,0
                22.243586,45.086452,0
                22.247921,45.077894,0
                22.251516,45.070755,0
                22.255301,45.063415,0
                22.259453,45.055226,0
                22.262731,45.048698,0
                22.265632,45.042856,0
                22.269238,45.035583,0
                22.272525,45.02874,0
                22.276307,45.020625,0
                22.278989,45.014734,0
                22.281753,45.008781,0
                22.285185,45.000556,0
                22.287737,44.994409,0
                22.289958,44.98912,0
                22.292266,44.983076,0
                22.294193,44.977659,0
                22.296343,44.971424,0
                22.298291,44.965815,0
                22.299992,44.960916,0
                22.302019,44.953539,0
                22.304056,44.946407,0
                22.30549,44.941373,0
                22.306997,44.935576,0
                22.308547,44.929602,0
                22.310079,44.923815,0
                22.311335,44.919038,0
                22.312758,44.914121,0
                22.31436,44.908505,0
                22.315754,44.903859,0
                22.31767,44.897068,0
                22.319293,44.891313,0
                22.320677,44.886379,0
                22.32217,44.880995,0
                22.323456,44.876492,0
                22.3242,44.871269,0
                22.32505,44.865813,0
                22.325955,44.859965,0
                22.326735,44.854569,0
                22.32738,44.84795,0
                22.328052,44.840525,0
                22.328737,44.832681,0
                22.329321,44.82626,0
                22.329898,44.819816,0
                22.330382,44.814884,0
                22.330738,44.811026,0
                22.33114,44.807962,0
                22.331885,44.801738,0
                22.332556,44.796538,0
                22.333167,44.791629,0
                22.33411,44.78517,0
                22.334774,44.780979,0
                22.335469,44.776271,0
                22.336451,44.772224,0
                22.337515,44.767745,0
                22.338585,44.763178,0
                22.339898,44.757268,0
                22.340866,44.753083,0
                22.341444,44.750276,0
                22.341668,44.745952,0
                22.341884,44.741861,0
                22.342103,44.7359,0
                22.342165,44.732814,0
                22.342337,44.728402,0
                22.342359,44.726278,0
                22.342511,44.723806,0
                22.34268,44.720829,0
                22.34301,44.717029,0
                22.343208,44.714187,0
                22.343436,44.711822,0
                22.343828,44.705786,0
                22.344162,44.700795,0
                22.34453,44.696592,0
                22.344691,44.69411,0
                22.344954,44.690335,0
                22.345446,44.683481,0
                22.345911,44.67771,0
                22.346121,44.674421,0
                22.35476,44.672848,0
                22.357113,44.672668,0
                22.360141,44.672738,0
                22.364372,44.672616,0
                22.366548,44.672378,0
                22.371495,44.672818,0
                22.374769,44.673476,0
                22.380586,44.67583,0
                22.383865,44.676827,0
                22.390208,44.679458,0
                22.401874,44.686945,0
                22.405204,44.689678,0
                22.410372,44.695674,0
                22.412915,44.697849,0
                22.417556,44.703045,0
                22.422216,44.706354,0
                22.424719,44.707615,0
                22.428766,44.708954,0
                22.432256,44.709842,0
                22.439753,44.711314,0
                22.448689,44.712269,0
                22.454956,44.71323,0
                22.457037,44.713203,0
                22.461379,44.714414,0
                22.464347,44.714968,0
                22.466003,44.714677,0
                22.470622,44.712596,0
                22.472351,44.711931,0
                22.473693,44.711607,0
                22.476452,44.710401,0
                22.480101,44.708441,0
                22.482609,44.706788,0
                22.486691,44.703233,0
                22.49017,44.700542,0
                22.499346,44.694175,0
                22.500044,44.693004,0
                22.501064,44.691347,0
                22.503754,44.68885,0
                22.505761,44.687514,0
                22.508044,44.685679,0
                22.51289,44.681381,0
                22.513961,44.680501,0
                22.515972,44.679193,0
                22.517792,44.677458,0
                22.521431,44.67516,0
                22.528178,44.670525,0
                22.531063,44.668754,0
                22.534974,44.666217,0
                22.53724,44.665132,0
                22.542704,44.661271,0
                22.55298,44.653685,0
                22.565125,44.643778,0
                22.580805,44.632359,0
                22.583775,44.631325,0
                22.593121,44.627242,0
                22.601149,44.624053,0
                22.609305,44.619384,0
                22.610324,44.618602,0
                22.613605,44.617265,0
                22.617016,44.616268,0
                22.620683,44.615135,0
                22.624015,44.614291,0
                22.626689,44.613805,0
                22.630915,44.613311,0
                22.63319,44.613412,0
                22.637045,44.613826,0
                22.6431,44.615018,0
                22.653413,44.617155,0
                22.658002,44.617931,0
                22.66081,44.618112,0
                22.663459,44.618114,0
                22.666463,44.618171,0
                22.673494,44.61591,0
                22.674691,44.615463,0
                22.679311,44.61225,0
                22.68116,44.610861,0
                22.684599,44.607102,0
                22.689148,44.605402,0
                22.693554,44.605067,0
                22.699267,44.603834,0
                22.702785,44.603383,0
                22.708557,44.601935,0
                22.710538,44.601102,0
                22.712852,44.600064,0
                22.716975,44.596013,0
                22.723489,44.588053,0
                22.728078,44.58425,0
                22.733384,44.580739,0
                22.734395,44.579836,0
                22.735977,44.579009,0
                22.742148,44.574795,0
                22.747752,44.570311,0
                22.751623,44.56654,0
                22.754475,44.562376,0
                22.756301,44.559916,0
                22.759124,44.554737,0
                22.760851,44.5525,0
                22.761949,44.549953,0
                22.763387,44.545858,0
                22.763299,44.543482,0
                22.762913,44.541729,0
                22.761565,44.538872,0
                22.758534,44.536479,0
                22.751498,44.53309,0
                22.747812,44.532132,0
                22.738482,44.528617,0
                22.734932,44.527559,0
                22.732284,44.526983,0
                22.72348,44.52384,0
                22.719878,44.522792,0
                22.712328,44.519751,0
                22.710349,44.519252,0
                22.709277,44.518636,0
                22.704937,44.517763,0
                22.700511,44.516742,0
                22.695423,44.516293,0
                22.693294,44.516393,0
                22.688545,44.517527,0
                22.686473,44.518663,0
                22.683783,44.519456,0
                22.681025,44.52114,0
                22.669943,44.526728,0
                22.662287,44.531449,0
                22.653776,44.536817,0
                22.649966,44.539049,0
                22.64645,44.541363,0
                22.643007,44.543087,0
                22.64125,44.544091,0
                22.635368,44.546328,0
                22.628634,44.548847,0
                22.623843,44.549739,0
                22.618934,44.551016,0
                22.613825,44.551743,0
                22.607623,44.552271,0
                22.602253,44.55213,0
                22.599276,44.551465,0
                22.59555,44.55097,0
                22.591988,44.55085,0
                22.588727,44.549847,0
                22.584992,44.549144,0
                22.582285,44.548271,0
                22.576834,44.545534,0
                22.573649,44.543445,0
                22.571159,44.541453,0
                22.569254,44.540309,0
                22.5676,44.538046,0
                22.565972,44.536266,0
                22.563754,44.532935,0
                22.56253,44.530562,0
                22.561575,44.527942,0
                22.560878,44.526969,0
                22.560265,44.520348,0
                22.559848,44.510299,0
                22.558848,44.505128,0
                22.558636,44.502609,0
                22.558253,44.501034,0
                22.555715,44.497349,0
                22.553762,44.495265,0
                22.5518,44.493477,0
                22.54943,44.491785,0
                22.547112,44.489869,0
                22.543927,44.487199,0
                22.54196,44.485538,0
                22.540138,44.483782,0
                22.535224,44.480458,0
                22.531696,44.478636,0
                22.52519,44.47634,0
                22.519902,44.475234,0
                22.515896,44.474727,0
                22.510604,44.474606,0
                22.506362,44.475084,0
                22.500871,44.476937,0
                22.499166,44.477986,0
                22.495167,44.478748,0
                22.488098,44.479699,0
                22.485076,44.480166,0
                22.477665,44.480911,0
                22.473816,44.481191,0
                22.469236,44.481142,0
                22.466752,44.480658,0
                22.463186,44.479618,0
                22.460652,44.478114,0
                22.457407,44.474694,0
                22.455524,44.470643,0
                22.45473,44.467596,0
                22.454697,44.46617,0
                22.455378,44.464654,0
                22.456221,44.463129,0
                22.459438,44.458193,0
                22.460385,44.455293,0
                22.465742,44.443583,0
                22.467229,44.441841,0
                22.474605,44.435462,0
                22.489241,44.427682,0
                22.490794,44.426544,0
                22.499325,44.422341,0
                22.50009,44.42089,0
                22.500624,44.414752,0
                22.500188,44.407094,0
                22.500728,44.403419,0
                22.500342,44.399474,0
                22.500588,44.396867,0
                22.500671,44.391323,0
                22.500812,44.389177,0
                22.500479,44.387555,0
                22.500854,44.38375,0
                22.501508,44.381257,0
                22.502768,44.379095,0
                22.504835,44.377525,0
                22.506501,44.375822,0
                22.509904,44.37186,0
                22.511195,44.369599,0
                22.512164,44.367549,0
                22.513964,44.364417,0
                22.518016,44.353318,0
                22.521972,44.343696,0
                22.523894,44.341211,0
                22.525263,44.33915,0
                22.527707,44.337054,0
                22.530611,44.334197,0
                22.534783,44.330471,0
                22.537329,44.328671,0
                22.543138,44.325068,0
                22.545778,44.3231,0
                22.549123,44.319948,0
                22.553821,44.314814,0
                22.5576,44.308618,0
                22.559697,44.307144,0
                22.566386,44.303133,0
                22.57201,44.301396,0
                22.57632,44.30055,0
                22.588814,44.298767,0
                22.601179,44.296316,0
                22.606949,44.295303,0
                22.619213,44.292785,0
                22.626691,44.291897,0
                22.644885,44.291484,0
                22.65034,44.291064,0
                22.660307,44.288888,0
                22.662506,44.288162,0
                22.670221,44.284735,0
                22.672457,44.283388,0
                22.676421,44.280347,0
                22.680051,44.2763,0
                22.68213,44.272617,0
                22.685426,44.264591,0
                22.686307,44.259658,0
                22.685886,44.256787,0
                22.686038,44.255454,0
                22.686061,44.249916,0
                22.683358,44.247875,0
                22.68224,44.245878,0
                22.681274,44.244769,0
                22.680272,44.242891,0
                22.678753,44.241718,0
                22.677413,44.23899,0
                22.675415,44.236989,0
                22.674876,44.234928,0
                22.673591,44.23318,0
                22.672253,44.22971,0
                22.671549,44.227035,0
                22.671232,44.223858,0
                22.671262,44.222672,0
                22.672877,44.219604,0
                22.676302,44.215145,0
                22.679687,44.211789,0
                22.683212,44.209004,0
                22.68709,44.206618,0
                22.693324,44.204155,0
                22.703818,44.202425,0
                22.708153,44.202614,0
                22.714483,44.202589,0
                22.723533,44.202177,0
                22.74219,44.197703,0
                22.749463,44.195346,0
                22.756514,44.191855,0
                22.758628,44.190161,0
                22.762188,44.186711,0
                22.779938,44.173095,0
              </coordinates>
            </LinearRing>
          </outerBoundaryIs>
        </Polygon>
      </Placemark>
      <Placemark>
        <name>CR 1-1-4/2012</name>
        <description>qb = 0,7 kPa</description>
        <styleUrl>#poly-FFAA00-1000-89</styleUrl>
        <Polygon>
          <outerBoundaryIs>
            <LinearRing>
              <tessellate>1</tessellate>
              <coordinates>
                28.209941,46.507201,0
                28.212872,46.509877,0
                28.214389,46.511586,0
                28.215093,46.512159,0
                28.215774,46.512057,0
                28.217898,46.51114,0
                28.219959,46.510129,0
                28.221567,46.510036,0
                28.222382,46.510634,0
                28.222571,46.511378,0
                28.221146,46.514501,0
                28.218813,46.518507,0
                28.214619,46.52094,0
                28.213889,46.521777,0
                28.214444,46.522457,0
                28.215617,46.52288,0
                28.217561,46.522973,0
                28.219291,46.522369,0
                28.220885,46.52101,0
                28.22206,46.520327,0
                28.223457,46.520328,0
                28.2252,46.520755,0
                28.226916,46.521815,0
                28.228658,46.52371,0
                28.229275,46.525277,0
                28.229913,46.530192,0
                28.229361,46.530506,0
                28.228648,46.530498,0
                28.227899,46.530131,0
                28.226904,46.529395,0
                28.226092,46.529186,0
                28.225244,46.529483,0
                28.224753,46.530345,0
                28.224881,46.531524,0
                28.225688,46.533137,0
                28.226509,46.534275,0
                28.227039,46.535146,0
                28.226372,46.535972,0
                28.225206,46.536381,0
                28.22426,46.536356,0
                28.223505,46.536009,0
                28.223179,46.535082,0
                28.223475,46.533771,0
                28.222803,46.533602,0
                28.221509,46.533853,0
                28.21942,46.534938,0
                28.217785,46.535933,0
                28.21651,46.536152,0
                28.215332,46.536234,0
                28.214824,46.536619,0
                28.2152,46.537525,0
                28.216256,46.538932,0
                28.218354,46.540885,0
                28.222504,46.543479,0
                28.222746,46.544326,0
                28.222181,46.544917,0
                28.221341,46.545044,0
                28.220714,46.545568,0
                28.220919,46.546595,0
                28.221591,46.547885,0
                28.226725,46.553502,0
                28.228159,46.55343,0
                28.229428,46.553098,0
                28.230795,46.551975,0
                28.233128,46.551131,0
                28.23471,46.550878,0
                28.235328,46.551174,0
                28.235571,46.551626,0
                28.235074,46.552608,0
                28.235069,46.552608,0
                28.2335,46.555046,0
                28.232781,46.557534,0
                28.232868,46.562702,0
                28.232514,46.563259,0
                28.231647,46.563305,0
                28.227659,46.562593,0
                28.226423,46.562594,0
                28.225476,46.563022,0
                28.225075,46.563799,0
                28.225308,46.564833,0
                28.22732,46.567262,0
                28.227559,46.567876,0
                28.227413,46.568373,0
                28.225967,46.56971,0
                28.225115,46.571072,0
                28.224517,46.573167,0
                28.223473,46.575714,0
                28.222869,46.578005,0
                28.222505,46.57895,0
                28.222678,46.57959,0
                28.22356,46.580095,0
                28.224853,46.580441,0
                28.226953,46.580516,0
                28.233484,46.580047,0
                28.238263,46.579952,0
                28.24035,46.580672,0
                28.241273,46.581214,0
                28.24105,46.581735,0
                28.239821,46.582331,0
                28.237675,46.582927,0
                28.234689,46.583756,0
                28.231445,46.584545,0
                28.231338,46.585129,0
                28.23169,46.585548,0
                28.233676,46.586401,0
                28.236264,46.587116,0
                28.238263,46.588438,0
                28.239933,46.590254,0
                28.240647,46.591634,0
                28.241047,46.592961,0
                28.240177,46.594044,0
                28.238174,46.595327,0
                28.237913,46.595734,0
                28.238351,46.597195,0
                28.240218,46.599907,0
                28.242081,46.601612,0
                28.244704,46.602666,0
                28.24925,46.603467,0
                28.250249,46.603884,0
                28.24994,46.604534,0
                28.248647,46.605073,0
                28.245401,46.605938,0
                28.244329,46.606416,0
                28.244119,46.607073,0
                28.244545,46.607953,0
                28.245517,46.608732,0
                28.246564,46.609533,0
                28.248391,46.610358,0
                28.251575,46.611607,0
                28.252198,46.612368,0
                28.25184,46.613361,0
                28.249207,46.615455,0
                28.249111,46.616051,0
                28.249534,46.616887,0
                28.251026,46.618733,0
                28.251355,46.619787,0
                28.251362,46.621043,0
                28.250358,46.623436,0
                28.248575,46.626531,0
                28.247829,46.627286,0
                28.247115,46.627879,0
                28.24561,46.628135,0
                28.244069,46.628059,0
                28.241862,46.62748,0
                28.240926,46.627677,0
                28.239977,46.628389,0
                28.239182,46.629816,0
                28.239412,46.630959,0
                28.2403,46.632148,0
                28.241585,46.632905,0
                28.242941,46.633464,0
                28.243759,46.634421,0
                28.244458,46.636065,0
                28.244213,46.638649,0
                28.243477,46.6402,0
                28.241487,46.641636,0
                28.23862,46.642943,0
                28.237972,46.643656,0
                28.238255,46.644473,0
                28.239324,46.645371,0
                28.240191,46.645527,0
                28.244245,46.644713,0
                28.24512,46.644767,0
                28.245722,46.64552,0
                28.245111,46.646133,0
                28.23903,46.649825,0
                28.237445,46.651337,0
                28.237204,46.652067,0
                28.237708,46.654483,0
                28.237854,46.656252,0
                28.236552,46.659502,0
                28.236399,46.66392,0
                28.235229,46.666903,0
                28.235269,46.667344,0
                28.236212,46.66732,0
                28.237378,46.666561,0
                28.238504,46.666478,0
                28.23951,46.666807,0
                28.239935,46.667606,0
                28.239801,46.669004,0
                28.239259,46.670486,0
                28.235538,46.674284,0
                28.235229,46.675062,0
                28.236173,46.676689,0
                28.236524,46.678008,0
                28.236044,46.679588,0
                28.234602,46.680831,0
                28.232572,46.681783,0
                28.23129,46.681823,0
                28.230316,46.681705,0
                28.229723,46.681017,0
                28.229993,46.679959,0
                28.230975,46.678755,0
                28.231607,46.677079,0
                28.231552,46.675369,0
                28.231127,46.674305,0
                28.230183,46.673665,0
                28.22889,46.673471,0
                28.227291,46.674014,0
                28.223472,46.676504,0
                28.223709,46.677226,0
                28.224649,46.678615,0
                28.224756,46.679985,0
                28.224136,46.681707,0
                28.222465,46.684182,0
                28.221904,46.6868,0
                28.221478,46.689761,0
                28.220468,46.69046,0
                28.219561,46.690454,0
                28.217713,46.689878,0
                28.215998,46.688574,0
                28.215244,46.687284,0
                28.214588,46.683567,0
                28.213963,46.683234,0
                28.212559,46.683523,0
                28.210623,46.684282,0
                28.208476,46.685929,0
                28.207855,46.686984,0
                28.207993,46.6876,0
                28.209055,46.687739,0
                28.210656,46.687392,0
                28.212357,46.687323,0
                28.212731,46.687751,0
                28.214467,46.69162,0
                28.215056,46.694027,0
                28.214439,46.696101,0
                28.214432,46.696097,0
                28.212783,46.697435,0
                28.210588,46.697969,0
                28.207698,46.698293,0
                28.205133,46.698663,0
                28.203277,46.699224,0
                28.202743,46.699946,0
                28.202898,46.700929,0
                28.203864,46.701727,0
                28.205304,46.702217,0
                28.208252,46.702881,0
                28.20972,46.70366,0
                28.210347,46.704361,0
                28.210538,46.706035,0
                28.210298,46.709183,0
                28.210291,46.709183,0
                28.209668,46.711676,0
                28.208859,46.713041,0
                28.205886,46.715004,0
                28.20264,46.71534,0
                28.201881,46.715829,0
                28.201441,46.716615,0
                28.201685,46.717979,0
                28.202925,46.720573,0
                28.202793,46.721125,0
                28.202006,46.721339,0
                28.200646,46.721286,0
                28.197436,46.720816,0
                28.195459,46.720434,0
                28.194613,46.72068,0
                28.194773,46.721521,0
                28.194728,46.722284,0
                28.193483,46.723175,0
                28.192075,46.723465,0
                28.190126,46.723426,0
                28.187771,46.723278,0
                28.187166,46.723633,0
                28.186885,46.724319,0
                28.187158,46.725681,0
                28.188183,46.727345,0
                28.189787,46.728477,0
                28.191476,46.729164,0
                28.195261,46.729504,0
                28.195759,46.730016,0
                28.195747,46.731602,0
                28.195382,46.733445,0
                28.194569,46.734478,0
                28.193573,46.735279,0
                28.191915,46.735497,0
                28.190116,46.735314,0
                28.188262,46.734742,0
                28.185376,46.733623,0
                28.184158,46.733955,0
                28.182136,46.735443,0
                28.180356,46.737429,0
                28.178879,46.742604,0
                28.179179,46.743325,0
                28.179958,46.743527,0
                28.18116,46.74353,0
                28.182732,46.743115,0
                28.183677,46.743113,0
                28.184246,46.743578,0
                28.184427,46.744532,0
                28.183854,46.745869,0
                28.183068,46.746962,0
                28.181777,46.747548,0
                28.178229,46.747537,0
                28.177245,46.748033,0
                28.177127,46.748969,0
                28.17756,46.75073,0
                28.176897,46.75092,0
                28.173994,46.750487,0
                28.173419,46.750774,0
                28.173599,46.751792,0
                28.175834,46.755585,0
                28.176935,46.756287,0
                28.178378,46.756279,0
                28.180611,46.755439,0
                28.182193,46.755408,0
                28.183116,46.755775,0
                28.185255,46.759403,0
                28.184697,46.759928,0
                28.183999,46.759877,0
                28.181112,46.758648,0
                28.179418,46.758311,0
                28.1783,46.758812,0
                28.177859,46.759608,0
                28.17804,46.761008,0
                28.178821,46.763339,0
                28.179247,46.767574,0
                28.178882,46.769719,0
                28.177948,46.770581,0
                28.176975,46.770745,0
                28.176107,46.770628,0
                28.174482,46.769771,0
                28.17255,46.768776,0
                28.171222,46.768457,0
                28.170036,46.768807,0
                28.168742,46.769423,0
                28.168001,46.770316,0
                28.167998,46.771224,0
                28.168725,46.772261,0
                28.171042,46.773217,0
                28.173018,46.774323,0
                28.173456,46.775,0
                28.172812,46.775685,0
                28.171818,46.775898,0
                28.17039,46.775854,0
                28.168658,46.775355,0
                28.166133,46.774149,0
                28.165009,46.774015,0
                28.163927,46.774571,0
                28.161314,46.776863,0
                28.161092,46.777344,0
                28.161578,46.777733,0
                28.16361,46.777945,0
                28.167934,46.777999,0
                28.176361,46.77733,0
                28.17659,46.77775,0
                28.176591,46.778653,0
                28.175729,46.77973,0
                28.17381,46.781257,0
                28.1709,46.78269,0
                28.166235,46.783988,0
                28.165625,46.784755,0
                28.165684,46.785798,0
                28.166605,46.78913,0
                28.166474,46.790314,0
                28.165104,46.791201,0
                28.162845,46.791668,0
                28.16197,46.791496,0
                28.161281,46.79074,0
                28.161472,46.789369,0
                28.16242,46.787288,0
                28.162708,46.786016,0
                28.162661,46.785116,0
                28.162135,46.784527,0
                28.161019,46.78453,0
                28.160223,46.784912,0
                28.156652,46.790221,0
                28.154674,46.792154,0
                28.150295,46.793808,0
                28.149188,46.794544,0
                28.149096,46.795032,0
                28.14954,46.795645,0
                28.151798,46.797304,0
                28.15288,46.798343,0
                28.152614,46.799215,0
                28.151748,46.799785,0
                28.15063,46.799944,0
                28.14711,46.799549,0
                28.146301,46.799907,0
                28.145096,46.801328,0
                28.143846,46.802336,0
                28.142174,46.802614,0
                28.140285,46.802017,0
                28.137218,46.801817,0
                28.134797,46.802315,0
                28.132496,46.803543,0
                28.129875,46.806043,0
                28.128548,46.807711,0
                28.128428,46.808999,0
                28.128966,46.810503,0
                28.130153,46.812104,0
                28.130142,46.813279,0
                28.129403,46.813628,0
                28.126919,46.813407,0
                28.12447,46.813737,0
                28.123644,46.814523,0
                28.123832,46.815269,0
                28.125814,46.818917,0
                28.125754,46.822246,0
                28.125373,46.82306,0
                28.12445,46.823105,0
                28.123497,46.82282,0
                28.122399,46.821886,0
                28.120625,46.819728,0
                28.119583,46.818912,0
                28.118358,46.818782,0
                28.117321,46.819237,0
                28.114849,46.821832,0
                28.114357,46.822739,0
                28.114374,46.823306,0
                28.115354,46.825451,0
                28.11591,46.827386,0
                28.115952,46.830713,0
                28.115462,46.834728,0
                28.115008,46.83703,0
                28.113691,46.838574,0
                28.110469,46.840384,0
                28.107973,46.841543,0
                28.107571,46.842087,0
                28.107646,46.842875,0
                28.108429,46.843922,0
                28.109069,46.844309,0
                28.109689,46.84421,0
                28.110243,46.843958,0
                28.111429,46.841976,0
                28.112125,46.841268,0
                28.113072,46.841265,0
                28.113685,46.841669,0
                28.114162,46.843018,0
                28.114532,46.845363,0
                28.115169,46.846969,0
                28.116069,46.848147,0
                28.118108,46.84943,0
                28.119208,46.849818,0
                28.119891,46.849526,0
                28.120802,46.848838,0
                28.121883,46.847759,0
                28.123053,46.847251,0
                28.123873,46.847458,0
                28.124248,46.848005,0
                28.124354,46.849381,0
                28.12485,46.850217,0
                28.12619,46.851523,0
                28.126431,46.852108,0
                28.126097,46.852805,0
                28.125272,46.853097,0
                28.12368,46.853041,0
                28.120753,46.85282,0
                28.118928,46.852987,0
                28.11782,46.853356,0
                28.117375,46.85384,0
                28.117241,46.85458,0
                28.117747,46.855233,0
                28.118934,46.855564,0
                28.121069,46.855705,0
                28.122529,46.85596,0
                28.122875,46.856468,0
                28.122513,46.857006,0
                28.121332,46.857883,0
                28.115603,46.860185,0
                28.112617,46.861714,0
                28.107795,46.865428,0
                28.107529,46.866056,0
                28.10775,46.866619,0
                28.109401,46.867474,0
                28.111626,46.868376,0
                28.111938,46.868994,0
                28.111397,46.869639,0
                28.110012,46.869813,0
                28.106659,46.869629,0
                28.102743,46.869487,0
                28.099609,46.869635,0
                28.098662,46.869883,0
                28.098492,46.870517,0
                28.0988,46.871326,0
                28.099717,46.872265,0
                28.101002,46.873117,0
                28.102699,46.873545,0
                28.104472,46.873691,0
                28.108114,46.873273,0
                28.109295,46.873481,0
                28.109295,46.873486,0
                28.111124,46.87454,0
                28.112826,46.875886,0
                28.113948,46.876944,0
                28.1158,46.877559,0
                28.117958,46.87755,0
                28.118453,46.877938,0
                28.118639,46.878522,0
                28.117681,46.879317,0
                28.115517,46.880383,0
                28.113252,46.881668,0
                28.112547,46.882647,0
                28.112278,46.883507,0
                28.112583,46.884729,0
                28.113474,46.886261,0
                28.114169,46.888322,0
                28.114253,46.890373,0
                28.113533,46.892964,0
                28.111475,46.895237,0
                28.110511,46.895473,0
                28.109689,46.895263,0
                28.109362,46.894643,0
                28.109927,46.891273,0
                28.109464,46.889801,0
                28.108605,46.889368,0
                28.107297,46.889934,0
                28.106456,46.891363,0
                28.105556,46.893619,0
                28.103925,46.89529,0
                28.102848,46.895661,0
                28.102221,46.89547,0
                28.100994,46.89471,0
                28.098131,46.892558,0
                28.096845,46.892121,0
                28.096233,46.892442,0
                28.094347,46.895412,0
                28.092912,46.89609,0
                28.091307,46.896289,0
                28.08898,46.896073,0
                28.086209,46.895504,0
                28.085697,46.895903,0
                28.085788,46.89703,0
                28.088289,46.899613,0
                28.088676,46.900467,0
                28.087988,46.90097,0
                28.086452,46.900968,0
                28.084279,46.901371,0
                28.083467,46.902177,0
                28.083138,46.903153,0
                28.083687,46.904122,0
                28.087284,46.907278,0
                28.088045,46.90728,0
                28.089866,46.906235,0
                28.092008,46.905247,0
                28.094115,46.904859,0
                28.09563,46.904992,0
                28.095923,46.905557,0
                28.094488,46.908336,0
                28.094467,46.908407,0
                28.094408,46.909391,0
                28.095048,46.91006,0
                28.096076,46.910464,0
                28.099083,46.910218,0
                28.101602,46.909663,0
                28.102979,46.90956,0
                28.103929,46.909899,0
                28.105578,46.911898,0
                28.106914,46.914327,0
                28.108939,46.916109,0
                28.112088,46.920586,0
                28.112778,46.921796,0
                28.112803,46.92232,0
                28.112482,46.922736,0
                28.111697,46.923072,0
                28.10727,46.924362,0
                28.099158,46.927132,0
                28.09727,46.928297,0
                28.096871,46.928924,0
                28.097532,46.929357,0
                28.100162,46.929833,0
                28.102014,46.929758,0
                28.102003,46.929751,0
                28.103379,46.929126,0
                28.104797,46.929171,0
                28.105912,46.929525,0
                28.105722,46.930518,0
                28.10503,46.93143,0
                28.105019,46.931418,0
                28.103416,46.932355,0
                28.101596,46.932858,0
                28.099588,46.933177,0
                28.096754,46.933414,0
                28.089725,46.933636,0
                28.085983,46.934272,0
                28.084069,46.934669,0
                28.082982,46.935699,0
                28.082221,46.936802,0
                28.082352,46.93763,0
                28.083162,46.938219,0
                28.084812,46.938154,0
                28.086435,46.937482,0
                28.087438,46.936146,0
                28.088473,46.935455,0
                28.089193,46.935669,0
                28.090171,46.936682,0
                28.090397,46.937711,0
                28.089768,46.939315,0
                28.088478,46.9411,0
                28.089036,46.941832,0
                28.090056,46.941909,0
                28.090878,46.941101,0
                28.091692,46.94001,0
                28.092541,46.939705,0
                28.094234,46.93984,0
                28.095643,46.940354,0
                28.09648,46.941072,0
                28.097187,46.942193,0
                28.097405,46.943378,0
                28.09766,46.944715,0
                28.098647,46.94807,0
                28.098538,46.949137,0
                28.09788,46.949766,0
                28.096139,46.949931,0
                28.09483,46.949827,0
                28.093799,46.949367,0
                28.093033,46.948423,0
                28.09213,46.947472,0
                28.091243,46.947205,0
                28.090498,46.947487,0
                28.090096,46.948116,0
                28.089857,46.949252,0
                28.090339,46.950738,0
                28.091663,46.95236,0
                28.093645,46.954434,0
                28.094074,46.955429,0
                28.093956,46.956239,0
                28.093241,46.956801,0
                28.092222,46.956704,0
                28.090356,46.956221,0
                28.088625,46.956139,0
                28.087043,46.956313,0
                28.085254,46.956703,0
                28.083159,46.957542,0
                28.081575,46.958648,0
                28.08028,46.95991,0
                28.079156,46.961673,0
                28.078691,46.962991,0
                28.078876,46.963668,0
                28.08215,46.965119,0
                28.084195,46.965385,0
                28.085372,46.965767,0
                28.085987,46.966439,0
                28.086147,46.967378,0
                28.084563,46.970972,0
                28.084617,46.971758,0
                28.085306,46.972506,0
                28.086383,46.973251,0
                28.088303,46.974057,0
                28.09212,46.974805,0
                28.094646,46.975632,0
                28.095736,46.976204,0
                28.096419,46.977252,0
                28.096513,46.978356,0
                28.096252,46.978922,0
                28.09474,46.9797,0
                28.091198,46.98075,0
                28.088767,46.981945,0
                28.085507,46.98449,0
                28.083937,46.984871,0
                28.079836,46.985219,0
                28.078495,46.985425,0
                28.078085,46.985879,0
                28.078593,46.986693,0
                28.081342,46.989822,0
                28.081146,46.990453,0
                28.08047,46.990899,0
                28.078634,46.991321,0
                28.076111,46.991731,0
                28.073997,46.992357,0
                28.070555,46.99383,0
                28.065887,46.996109,0
                28.064065,46.99682,0
                28.06251,46.997451,0
                28.060014,46.998351,0
                28.054737,46.999913,0
                28.054272,47.000199,0
                28.054166,47.000727,0
                28.055012,47.001776,0
                28.055584,47.002687,0
                28.055581,47.003668,0
                28.054864,47.004787,0
                28.053855,47.005612,0
                28.052567,47.005989,0
                28.051635,47.005813,0
                28.051254,47.005113,0
                28.051623,47.003924,0
                28.052607,47.002855,0
                28.052821,47.002071,0
                28.052433,47.001484,0
                28.051524,47.001176,0
                28.049838,47.001675,0
                28.047663,47.002571,0
                28.045429,47.003662,0
                28.040913,47.007177,0
                28.040512,47.007704,0
                28.040568,47.008227,0
                28.041252,47.008536,0
                28.042318,47.008696,0
                28.043049,47.00891,0
                28.042988,47.009331,0
                28.042209,47.009919,0
                28.039949,47.01133,0
                28.038701,47.011754,0
                28.037449,47.011754,0
                28.036411,47.011407,0
                28.035775,47.01073,0
                28.035104,47.010227,0
                28.034249,47.010229,0
                28.033102,47.010808,0
                28.032486,47.011627,0
                28.032471,47.012523,0
                28.033097,47.013608,0
                28.034471,47.014924,0
                28.039441,47.018634,0
                28.040765,47.019029,0
                28.042547,47.019071,0
                28.044423,47.018691,0
                28.046894,47.017577,0
                28.049305,47.015926,0
                28.051393,47.014183,0
                28.052767,47.01381,0
                28.053679,47.014146,0
                28.053994,47.014648,0
                28.053854,47.015726,0
                28.052414,47.019856,0
                28.049532,47.023717,0
                28.04836,47.024703,0
                28.047433,47.024834,0
                28.046526,47.024582,0
                28.045562,47.023988,0
                28.044386,47.022554,0
                28.043608,47.021256,0
                28.042553,47.020834,0
                28.041672,47.02082,0
                28.040987,47.02129,0
                28.040436,47.022705,0
                28.040226,47.025391,0
                28.039471,47.026948,0
                28.038519,47.028284,0
                28.03591,47.030166,0
                28.034917,47.030577,0
                28.031571,47.03011,0
                28.030208,47.030354,0
                28.028616,47.030477,0
                28.02785,47.030395,0
                28.026794,47.030011,0
                28.02544,47.029015,0
                28.024144,47.027568,0
                28.022969,47.025749,0
                28.022804,47.023986,0
                28.022627,47.023527,0
                28.021589,47.023197,0
                28.020168,47.023056,0
                28.01791,47.023169,0
                28.013322,47.024205,0
                28.010508,47.025421,0
                28.007344,47.026593,0
                28.003927,47.027369,0
                28.000169,47.028315,0
                27.998469,47.028536,0
                27.996075,47.028515,0
                27.995002,47.02872,0
                27.994618,47.029523,0
                27.995055,47.031153,0
                27.995905,47.033627,0
                27.995648,47.034873,0
                27.99464,47.035798,0
                27.991166,47.037084,0
                27.98955,47.037277,0
                27.988433,47.036788,0
                27.987374,47.035742,0
                27.98685,47.034318,0
                27.985904,47.033853,0
                27.983987,47.034003,0
                27.981081,47.03491,0
                27.978201,47.036748,0
                27.976701,47.03838,0
                27.974562,47.042267,0
                27.973185,47.04352,0
                27.971858,47.043888,0
                27.968829,47.043838,0
                27.964201,47.043234,0
                27.96263,47.042601,0
                27.961093,47.042052,0
                27.959978,47.041167,0
                27.959256,47.041162,0
                27.95867,47.041545,0
                27.958161,47.042836,0
                27.958277,47.044568,0
                27.959083,47.045766,0
                27.960317,47.046481,0
                27.963726,47.046948,0
                27.964148,47.047939,0
                27.963726,47.04858,0
                27.962469,47.048911,0
                27.959987,47.048357,0
                27.955109,47.046928,0
                27.952626,47.046568,0
                27.950956,47.046693,0
                27.948078,47.047442,0
                27.945835,47.049464,0
                27.944601,47.049601,0
                27.944456,47.050437,0
                27.944998,47.05161,0
                27.946809,47.052501,0
                27.950835,47.053473,0
                27.953994,47.05373,0
                27.955783,47.053618,0
                27.956907,47.053076,0
                27.957799,47.053242,0
                27.958812,47.053978,0
                27.959492,47.055331,0
                27.95901,47.056214,0
                27.957876,47.056937,0
                27.953217,47.058388,0
                27.947974,47.059419,0
                27.945827,47.059838,0
                27.944128,47.060463,0
                27.942916,47.062352,0
                27.941785,47.06381,0
                27.940001,47.065038,0
                27.938449,47.064915,0
                27.93793,47.064234,0
                27.93779,47.06317,0
                27.936629,47.062029,0
                27.935178,47.061354,0
                27.933114,47.06128,0
                27.930473,47.062006,0
                27.926089,47.065225,0
                27.923554,47.066745,0
                27.921356,47.067287,0
                27.919322,47.06742,0
                27.916393,47.066527,0
                27.915649,47.066681,0
                27.914765,47.06847,0
                27.913944,47.069377,0
                27.910472,47.072012,0
                27.908769,47.073289,0
                27.906182,47.075811,0
                27.905271,47.076135,0
                27.904322,47.076009,0
                27.900711,47.073161,0
                27.899157,47.072983,0
                27.898018,47.073321,0
                27.897378,47.074028,0
                27.897135,47.075362,0
                27.897092,47.079685,0
                27.896593,47.081798,0
                27.895235,47.084196,0
                27.892368,47.087801,0
                27.889603,47.09009,0
                27.887251,47.090702,0
                27.886012,47.090584,0
                27.884031,47.08986,0
                27.883269,47.089982,0
                27.881287,47.090813,0
                27.879972,47.091557,0
                27.879716,47.092226,0
                27.879961,47.092904,0
                27.881204,47.094262,0
                27.884089,47.097673,0
                27.884193,47.098511,0
                27.883503,47.09902,0
                27.87897,47.100211,0
                27.875648,47.101968,0
                27.873333,47.102745,0
                27.871614,47.102859,0
                27.868501,47.102015,0
                27.867563,47.102437,0
                27.867491,47.103257,0
                27.868433,47.104017,0
                27.870284,47.104397,0
                27.873009,47.104286,0
                27.874371,47.105079,0
                27.875424,47.106458,0
                27.875097,47.107264,0
                27.873616,47.10771,0
                27.871347,47.107628,0
                27.868917,47.107476,0
                27.866073,47.107268,0
                27.864503,47.107141,0
                27.863242,47.106708,0
                27.862208,47.104441,0
                27.861483,47.103726,0
                27.860099,47.103644,0
                27.858614,47.103967,0
                27.85717,47.104937,0
                27.856161,47.106156,0
                27.855028,47.1083,0
                27.855072,47.109673,0
                27.856654,47.112151,0
                27.8566,47.112645,0
                27.855533,47.113156,0
                27.854092,47.113275,0
                27.849494,47.113261,0
                27.837962,47.115316,0
                27.834325,47.115878,0
                27.831985,47.11673,0
                27.830465,47.117653,0
                27.828546,47.119511,0
                27.82676,47.121722,0
                27.826547,47.122614,0
                27.827171,47.123367,0
                27.830105,47.124147,0
                27.833287,47.124694,0
                27.835354,47.125497,0
                27.837184,47.126669,0
                27.838521,47.128034,0
                27.839274,47.128888,0
                27.840657,47.128982,0
                27.84195,47.128454,0
                27.843275,47.127452,0
                27.844167,47.125773,0
                27.844259,47.125448,0
                27.844621,47.123742,0
                27.845568,47.122823,0
                27.846992,47.122568,0
                27.848532,47.122918,0
                27.851443,47.125143,0
                27.852059,47.126032,0
                27.852035,47.127906,0
                27.850709,47.129376,0
                27.849571,47.130971,0
                27.848337,47.13206,0
                27.844305,47.134503,0
                27.843452,47.135008,0
                27.841762,47.135809,0
                27.841006,47.135674,0
                27.838353,47.134448,0
                27.8365,47.133482,0
                27.834757,47.133183,0
                27.83258,47.133256,0
                27.831042,47.133702,0
                27.829957,47.134467,0
                27.829714,47.135251,0
                27.829859,47.138505,0
                27.829042,47.139091,0
                27.828133,47.139009,0
                27.827239,47.138556,0
                27.825914,47.136422,0
                27.824998,47.135532,0
                27.823553,47.135142,0
                27.82205,47.135184,0
                27.820895,47.135561,0
                27.816638,47.137533,0
                27.814897,47.138154,0
                27.81351,47.138156,0
                27.810391,47.137706,0
                27.808124,47.137415,0
                27.798497,47.138219,0
                27.792225,47.139602,0
                27.788813,47.140023,0
                27.784887,47.14051,0
                27.78374,47.140647,0
                27.782533,47.141313,0
                27.781717,47.142485,0
                27.781383,47.143476,0
                27.781797,47.144116,0
                27.782982,47.144451,0
                27.784799,47.144377,0
                27.787332,47.143842,0
                27.79074,47.142727,0
                27.794437,47.142212,0
                27.79807,47.141927,0
                27.799425,47.142061,0
                27.800106,47.142518,0
                27.800484,47.143367,0
                27.800285,47.143947,0
                27.798006,47.14622,0
                27.796376,47.147687,0
                27.794785,47.14852,0
                27.79349,47.148715,0
                27.791934,47.148509,0
                27.788387,47.147073,0
                27.786849,47.146684,0
                27.785628,47.146884,0
                27.784738,47.147567,0
                27.784305,47.14864,0
                27.784361,47.149672,0
                27.784851,47.150535,0
                27.787135,47.15233,0
                27.788549,47.153166,0
                27.789919,47.153395,0
                27.793486,47.153088,0
                27.796964,47.15271,0
                27.798138,47.152543,0
                27.799327,47.152191,0
                27.800396,47.151726,0
                27.801923,47.1519,0
                27.802472,47.152146,0
                27.80214,47.152912,0
                27.801358,47.154125,0
                27.801231,47.154773,0
                27.802064,47.156001,0
                27.803064,47.156927,0
                27.80452,47.157782,0
                27.80568,47.15834,0
                27.806572,47.159066,0
                27.807329,47.160038,0
                27.81127,47.163186,0
                27.811366,47.164023,0
                27.810987,47.165368,0
                27.810304,47.16623,0
                27.809362,47.166743,0
                27.808196,47.166161,0
                27.807355,47.165914,0
                27.806258,47.165672,0
                27.805208,47.165877,0
                27.80391,47.166374,0
                27.80188,47.167688,0
                27.799586,47.168912,0
                27.797388,47.170233,0
                27.796547,47.171038,0
                27.796164,47.172437,0
                27.796541,47.174387,0
                27.79769,47.176223,0
                27.798228,47.178363,0
                27.798584,47.180271,0
                27.799282,47.181858,0
                27.800887,47.183774,0
                27.802739,47.186268,0
                27.803797,47.188437,0
                27.80382,47.189625,0
                27.803189,47.190474,0
                27.802241,47.190962,0
                27.801133,47.191174,0
                27.80023,47.190922,0
                27.799356,47.190282,0
                27.798392,47.189411,0
                27.796777,47.188691,0
                27.795406,47.18822,0
                27.793796,47.188007,0
                27.792228,47.188059,0
                27.789896,47.18882,0
                27.788656,47.189426,0
                27.787006,47.190359,0
                27.786566,47.191195,0
                27.786617,47.194912,0
                27.786436,47.197039,0
                27.786848,47.198959,0
                27.787148,47.200908,0
                27.787933,47.2027,0
                27.789042,47.204365,0
                27.790711,47.206242,0
                27.790857,47.207198,0
                27.790583,47.20793,0
                27.789641,47.20827,0
                27.788332,47.208404,0
                27.787159,47.208085,0
                27.785283,47.207137,0
                27.780299,47.204062,0
                27.778758,47.203511,0
                27.777898,47.20372,0
                27.777269,47.20431,0
                27.777067,47.205016,0
                27.777451,47.205971,0
                27.778661,47.208,0
                27.779938,47.209487,0
                27.782808,47.211811,0
                27.78455,47.213109,0
                27.786072,47.21452,0
                27.786639,47.217554,0
                27.785895,47.219188,0
                27.785292,47.219706,0
                27.782381,47.220491,0
                27.779594,47.221127,0
                27.775649,47.220731,0
                27.771188,47.221075,0
                27.769948,47.22157,0
                27.76964,47.221992,0
                27.769681,47.222579,0
                27.770177,47.223092,0
                27.77128,47.223602,0
                27.772609,47.224377,0
                27.773605,47.22545,0
                27.774278,47.226617,0
                27.775342,47.228147,0
                27.775651,47.229267,0
                27.775333,47.230203,0
                27.774407,47.231133,0
                27.773267,47.231532,0
                27.769076,47.232088,0
                27.76781,47.231986,0
                27.766477,47.231522,0
                27.764253,47.230943,0
                27.762482,47.230351,0
                27.760524,47.229964,0
                27.75866,47.230003,0
                27.756584,47.230209,0
                27.755217,47.230626,0
                27.754465,47.231225,0
                27.754158,47.232022,0
                27.754268,47.232814,0
                27.754779,47.23405,0
                27.756029,47.235443,0
                27.758438,47.237624,0
                27.759058,47.23837,0
                27.759258,47.239263,0
                27.759177,47.239727,0
                27.758071,47.239981,0
                27.756405,47.240093,0
                27.755617,47.240024,0
                27.754794,47.239226,0
                27.75399,47.23868,0
                27.752468,47.238319,0
                27.750827,47.238362,0
                27.748432,47.239461,0
                27.747899,47.239841,0
                27.747059,47.240795,0
                27.746092,47.24172,0
                27.745463,47.242596,0
                27.74521,47.243459,0
                27.745084,47.244622,0
                27.745464,47.245782,0
                27.745993,47.246812,0
                27.747514,47.247514,0
                27.748429,47.248334,0
                27.749064,47.248479,0
                27.749876,47.24859,0
                27.750818,47.2483,0
                27.752166,47.247729,0
                27.753621,47.247378,0
                27.755042,47.247172,0
                27.756069,47.247332,0
                27.756669,47.247934,0
                27.756895,47.248843,0
                27.756832,47.250034,0
                27.756478,47.251233,0
                27.755915,47.252517,0
                27.754925,47.253423,0
                27.753747,47.254046,0
                27.752237,47.254469,0
                27.750831,47.254564,0
                27.749461,47.254424,0
                27.748442,47.254105,0
                27.747392,47.253601,0
                27.746307,47.252527,0
                27.746138,47.251767,0
                27.745586,47.251312,0
                27.744883,47.251132,0
                27.74421,47.251298,0
                27.743307,47.251933,0
                27.742548,47.252896,0
                27.742087,47.253884,0
                27.741893,47.254941,0
                27.741894,47.255828,0
                27.74225,47.256667,0
                27.743269,47.257427,0
                27.7446,47.257734,0
                27.748292,47.257601,0
                27.75111,47.256852,0
                27.752885,47.256638,0
                27.754285,47.256396,0
                27.756092,47.256268,0
                27.757266,47.256515,0
                27.757889,47.25693,0
                27.75827,47.257489,0
                27.757452,47.258917,0
                27.756319,47.259557,0
                27.754567,47.26011,0
                27.750018,47.261298,0
                27.747757,47.262041,0
                27.746401,47.263108,0
                27.744858,47.264133,0
                27.744099,47.265299,0
                27.744235,47.266061,0
                27.744854,47.267729,0
                27.746019,47.26994,0
                27.74722,47.271986,0
                27.747895,47.274018,0
                27.747765,47.27601,0
                27.747134,47.277091,0
                27.745559,47.277522,0
                27.743952,47.277269,0
                27.741757,47.276551,0
                27.739543,47.275688,0
                27.738129,47.275632,0
                27.737299,47.276428,0
                27.737344,47.277567,0
                27.738024,47.2786,0
                27.738411,47.280161,0
                27.738035,47.283757,0
                27.736726,47.286663,0
                27.734713,47.289993,0
                27.732121,47.292847,0
                27.729743,47.294639,0
                27.728141,47.295411,0
                27.726918,47.295579,0
                27.725079,47.295268,0
                27.720687,47.293961,0
                27.718961,47.293831,0
                27.717749,47.293956,0
                27.716081,47.295382,0
                27.713817,47.297973,0
                27.71144,47.299158,0
                27.709127,47.299902,0
                27.707142,47.300079,0
                27.705029,47.29999,0
                27.703467,47.299434,0
                27.702733,47.298333,0
                27.7026,47.297144,0
                27.704568,47.292578,0
                27.705601,47.290342,0
                27.705423,47.289794,0
                27.704413,47.289412,0
                27.702482,47.289616,0
                27.699533,47.290541,0
                27.697358,47.290965,0
                27.694812,47.291482,0
                27.691647,47.292046,0
                27.690346,47.291925,0
                27.689076,47.291153,0
                27.68848,47.28993,0
                27.687968,47.287765,0
                27.687978,47.285748,0
                27.686805,47.285059,0
                27.685618,47.284681,0
                27.684296,47.285095,0
                27.68324,47.286448,0
                27.682721,47.288716,0
                27.682694,47.291156,0
                27.683141,47.293536,0
                27.684314,47.296541,0
                27.68402,47.297611,0
                27.682773,47.298032,0
                27.681171,47.298434,0
                27.680139,47.298986,0
                27.679433,47.29994,0
                27.67994,47.301706,0
                27.680516,47.303687,0
                27.680396,47.306565,0
                27.679812,47.308789,0
                27.678876,47.3097,0
                27.677717,47.309938,0
                27.676082,47.309935,0
                27.675089,47.309614,0
                27.674531,47.308928,0
                27.674655,47.307851,0
                27.675489,47.30679,0
                27.676268,47.305514,0
                27.676647,47.304489,0
                27.676295,47.303191,0
                27.675098,47.301439,0
                27.673731,47.300395,0
                27.672237,47.300046,0
                27.670886,47.300128,0
                27.669565,47.300833,0
                27.668158,47.302508,0
                27.666953,47.304384,0
                27.666219,47.30546,0
                27.665162,47.306884,0
                27.664266,47.307923,0
                27.662806,47.307934,0
                27.661391,47.307634,0
                27.660406,47.306927,0
                27.659275,47.305643,0
                27.658172,47.305079,0
                27.65667,47.30539,0
                27.654723,47.307542,0
                27.653775,47.307996,0
                27.652373,47.308113,0
                27.649691,47.307979,0
                27.647755,47.307646,0
                27.64645,47.307045,0
                27.646337,47.306113,0
                27.646702,47.304972,0
                27.648601,47.30285,0
                27.64874,47.301721,0
                27.648336,47.300539,0
                27.64794,47.299689,0
                27.646877,47.299438,0
                27.645641,47.299712,0
                27.642203,47.301277,0
                27.636525,47.302223,0
                27.634486,47.302715,0
                27.633223,47.303247,0
                27.632973,47.303995,0
                27.633119,47.30467,0
                27.635386,47.307003,0
                27.637849,47.309588,0
                27.638362,47.310585,0
                27.638605,47.311403,0
                27.638074,47.312106,0
                27.637321,47.312661,0
                27.636235,47.313084,0
                27.634977,47.312978,0
                27.633381,47.312196,0
                27.631263,47.310616,0
                27.62977,47.309917,0
                27.629119,47.310043,0
                27.627678,47.310623,0
                27.627132,47.311361,0
                27.627497,47.314887,0
                27.627103,47.317976,0
                27.626467,47.320492,0
                27.625211,47.32261,0
                27.62295,47.324962,0
                27.622233,47.325923,0
                27.62152,47.326217,0
                27.621043,47.326101,0
                27.620127,47.325411,0
                27.619371,47.322833,0
                27.618369,47.321347,0
                27.616682,47.319681,0
                27.61377,47.318627,0
                27.609908,47.317467,0
                27.607674,47.317089,0
                27.606073,47.317251,0
                27.605398,47.317561,0
                27.605039,47.318096,0
                27.605677,47.318968,0
                27.607815,47.320778,0
                27.610419,47.323074,0
                27.610917,47.324542,0
                27.610742,47.325754,0
                27.609872,47.32696,0
                27.608826,47.327734,0
                27.607039,47.328485,0
                27.605174,47.328778,0
                27.60381,47.328542,0
                27.602398,47.327404,0
                27.601631,47.326277,0
                27.599206,47.322082,0
                27.599587,47.321236,0
                27.600977,47.319909,0
                27.601318,47.318722,0
                27.601222,47.318053,0
                27.600644,47.317549,0
                27.599488,47.317268,0
                27.598429,47.317275,0
                27.596831,47.317734,0
                27.59392,47.319554,0
                27.593068,47.320838,0
                27.592786,47.321855,0
                27.593072,47.32258,0
                27.594285,47.323307,0
                27.595207,47.323982,0
                27.595521,47.32438,0
                27.59589,47.325162,0
                27.595552,47.326238,0
                27.594996,47.326996,0
                27.594183,47.327416,0
                27.592399,47.327729,0
                27.588992,47.327623,0
                27.587132,47.327232,0
                27.585439,47.327084,0
                27.583668,47.327085,0
                27.582167,47.327367,0
                27.581288,47.32804,0
                27.580982,47.328675,0
                27.581083,47.329519,0
                27.581697,47.33041,0
                27.582958,47.331109,0
                27.584636,47.331756,0
                27.587249,47.332108,0
                27.591785,47.332142,0
                27.593664,47.331843,0
                27.595071,47.331557,0
                27.59653,47.330693,0
                27.598599,47.329102,0
                27.599365,47.32902,0
                27.600309,47.329039,0
                27.601377,47.32925,0
                27.602968,47.331095,0
                27.604235,47.332136,0
                27.605582,47.333092,0
                27.607343,47.334088,0
                27.61,47.335874,0
                27.611942,47.33675,0
                27.615103,47.339115,0
                27.6153,47.34025,0
                27.614363,47.341168,0
                27.61306,47.341876,0
                27.611761,47.342006,0
                27.611205,47.341484,0
                27.610988,47.340509,0
                27.610492,47.33975,0
                27.609024,47.339436,0
                27.606878,47.339531,0
                27.60517,47.339643,0
                27.604417,47.340242,0
                27.604324,47.341389,0
                27.604818,47.342458,0
                27.606744,47.344432,0
                27.606899,47.34654,0
                27.606437,47.349062,0
                27.605467,47.349792,0
                27.604404,47.349889,0
                27.603203,47.349487,0
                27.602036,47.348716,0
                27.598018,47.346863,0
                27.596295,47.346547,0
                27.595575,47.347047,0
                27.594894,47.348095,0
                27.594762,47.349191,0
                27.5952,47.35021,0
                27.59639,47.351954,0
                27.597622,47.354629,0
                27.59854,47.356926,0
                27.599379,47.359668,0
                27.599648,47.362583,0
                27.600008,47.364251,0
                27.601311,47.367544,0
                27.600949,47.368371,0
                27.599918,47.368705,0
                27.597858,47.368991,0
                27.596761,47.369716,0
                27.596581,47.370756,0
                27.595814,47.371253,0
                27.594712,47.371145,0
                27.593627,47.37065,0
                27.592883,47.369789,0
                27.592885,47.368655,0
                27.593066,47.367449,0
                27.592758,47.366612,0
                27.591574,47.365858,0
                27.590084,47.36518,0
                27.589231,47.365103,0
                27.588217,47.365307,0
                27.586905,47.366053,0
                27.585628,47.367418,0
                27.58408,47.368117,0
                27.581786,47.368445,0
                27.579372,47.368577,0
                27.577284,47.368228,0
                27.575802,47.368068,0
                27.574956,47.368661,0
                27.574041,47.36976,0
                27.573849,47.370497,0
                27.574523,47.371179,0
                27.578402,47.372301,0
                27.580704,47.373139,0
                27.582879,47.374191,0
                27.583959,47.375541,0
                27.583776,47.376827,0
                27.582829,47.37793,0
                27.581927,47.378509,0
                27.580378,47.378708,0
                27.57933,47.378614,0
                27.57813,47.378156,0
                27.577235,47.377094,0
                27.576421,47.375656,0
                27.575486,47.374598,0
                27.574486,47.374068,0
                27.573162,47.373829,0
                27.571918,47.373977,0
                27.570708,47.374307,0
                27.56966,47.374782,0
                27.56883,47.37585,0
                27.568306,47.376987,0
                27.56828,47.378183,0
                27.569087,47.381162,0
                27.568482,47.383057,0
                27.568957,47.383843,0
                27.570448,47.38449,0
                27.572698,47.385128,0
                27.572574,47.38585,0
                27.571581,47.386461,0
                27.569875,47.386756,0
                27.568757,47.387198,0
                27.568502,47.388205,0
                27.568948,47.389653,0
                27.569517,47.390823,0
                27.569444,47.394358,0
                27.570329,47.395333,0
                27.571965,47.396557,0
                27.573849,47.397557,0
                27.576409,47.398347,0
                27.578585,47.398933,0
                27.579871,47.398956,0
                27.581231,47.398774,0
                27.58228,47.399206,0
                27.582946,47.39979,0
                27.583217,47.401121,0
                27.583177,47.402633,0
                27.583902,47.404479,0
                27.584619,47.406571,0
                27.584701,47.407982,0
                27.584178,47.409412,0
                27.583331,47.410116,0
                27.58213,47.410459,0
                27.580911,47.410236,0
                27.578473,47.408804,0
                27.577371,47.408647,0
                27.576063,47.409104,0
                27.574948,47.410287,0
                27.574288,47.411264,0
                27.574136,47.412392,0
                27.574606,47.414635,0
                27.57524,47.419012,0
                27.574674,47.419698,0
                27.572002,47.420729,0
                27.569377,47.423127,0
                27.567864,47.424289,0
                27.566378,47.424781,0
                27.565294,47.424741,0
                27.56403,47.424114,0
                27.563261,47.423463,0
                27.562413,47.423051,0
                27.56142,47.423028,0
                27.56075,47.423253,0
                27.559866,47.423995,0
                27.559007,47.425215,0
                27.55788,47.426238,0
                27.555956,47.427247,0
                27.554051,47.429204,0
                27.553779,47.430473,0
                27.553785,47.431842,0
                27.554493,47.434378,0
                27.554954,47.435006,0
                27.55598,47.435697,0
                27.55741,47.436348,0
                27.559274,47.436844,0
                27.560757,47.437385,0
                27.561654,47.438475,0
                27.561863,47.439286,0
                27.56117,47.440335,0
                27.559772,47.441788,0
                27.557711,47.446081,0
                27.557828,47.446867,0
                27.558327,47.447469,0
                27.559767,47.447827,0
                27.565859,47.447611,0
                27.567553,47.448206,0
                27.568442,47.448709,0
                27.569742,47.449081,0
                27.570149,47.449499,0
                27.570988,47.45097,0
                27.571767,47.452312,0
                27.573444,47.455468,0
                27.574159,47.457359,0
                27.572067,47.464323,0
                27.571133,47.465167,0
                27.569563,47.465826,0
                27.569265,47.465784,0
                27.568211,47.465071,0
                27.567097,47.464096,0
                27.565453,47.463261,0
                27.563469,47.462649,0
                27.561599,47.462667,0
                27.55977,47.463268,0
                27.558437,47.464105,0
                27.557667,47.465584,0
                27.557252,47.467374,0
                27.557007,47.46934,0
                27.556354,47.470255,0
                27.555367,47.47083,0
                27.553157,47.471453,0
                27.550515,47.471994,0
                27.547628,47.473074,0
                27.54581,47.474124,0
                27.542889,47.477362,0
                27.541831,47.479446,0
                27.541171,47.482374,0
                27.540842,47.484146,0
                27.540162,47.486508,0
                27.539213,47.487674,0
                27.537889,47.488285,0
                27.536077,47.488655,0
                27.534918,47.488502,0
                27.533582,47.487887,0
                27.532718,47.487013,0
                27.531953,47.485675,0
                27.531676,47.484579,0
                27.532023,47.483756,0
                27.533019,47.482852,0
                27.535475,47.481712,0
                27.53709,47.480762,0
                27.537199,47.479834,0
                27.536846,47.478897,0
                27.536164,47.478245,0
                27.534856,47.477952,0
                27.533586,47.478073,0
                27.532096,47.4785,0
                27.530205,47.479387,0
                27.528643,47.480381,0
                27.526409,47.481308,0
                27.524133,47.482014,0
                27.522301,47.482173,0
                27.521337,47.48193,0
                27.520692,47.481329,0
                27.520527,47.480294,0
                27.520716,47.479032,0
                27.520131,47.477951,0
                27.519092,47.476424,0
                27.517551,47.4754,0
                27.515702,47.474445,0
                27.514597,47.474363,0
                27.513556,47.474878,0
                27.512713,47.475459,0
                27.512191,47.476503,0
                27.512635,47.480233,0
                27.512613,47.482527,0
                27.513193,47.484184,0
                27.514223,47.485753,0
                27.515446,47.486989,0
                27.515923,47.487958,0
                27.515616,47.489106,0
                27.514734,47.489734,0
                27.51336,47.48994,0
                27.512465,47.489693,0
                27.511781,47.489106,0
                27.511442,47.488297,0
                27.511076,47.487033,0
                27.510496,47.486163,0
                27.507636,47.484777,0
                27.507108,47.483973,0
                27.507292,47.483224,0
                27.50794,47.482468,0
                27.508373,47.481492,0
                27.508504,47.480619,0
                27.508381,47.479602,0
                27.50783,47.478939,0
                27.506289,47.478335,0
                27.504217,47.478257,0
                27.501305,47.478545,0
                27.498645,47.479039,0
                27.496547,47.479294,0
                27.494563,47.47985,0
                27.49298,47.480706,0
                27.492268,47.481543,0
                27.491887,47.482939,0
                27.492094,47.483985,0
                27.492849,47.48473,0
                27.494881,47.485747,0
                27.496025,47.486586,0
                27.495972,47.487522,0
                27.495353,47.488284,0
                27.494188,47.488751,0
                27.492331,47.489003,0
                27.490928,47.488862,0
                27.480669,47.486372,0
                27.478077,47.485393,0
                27.476276,47.485067,0
                27.475222,47.485354,0
                27.474225,47.485945,0
                27.473694,47.4867,0
                27.473402,47.487934,0
                27.472985,47.489212,0
                27.472298,47.490207,0
                27.471074,47.491061,0
                27.469356,47.492067,0
                27.468267,47.493024,0
                27.46756,47.49421,0
                27.467433,47.495232,0
                27.467625,47.49626,0
                27.468108,47.497522,0
                27.468165,47.498746,0
                27.467767,47.499281,0
                27.467284,47.499767,0
                27.46695,47.499943,0
                27.466699,47.500055,0
                27.465731,47.500512,0
                27.463728,47.501252,0
                27.461619,47.501963,0
                27.459747,47.50281,0
                27.457615,47.503994,0
                27.4553,47.505573,0
                27.454165,47.506876,0
                27.453897,47.508116,0
                27.454214,47.50922,0
                27.456737,47.512611,0
                27.456885,47.513637,0
                27.455467,47.515805,0
                27.455451,47.516902,0
                27.455638,47.518174,0
                27.456818,47.519395,0
                27.459461,47.521038,0
                27.464127,47.523723,0
                27.467236,47.525882,0
                27.466892,47.526769,0
                27.465557,47.527427,0
                27.464521,47.527333,0
                27.462876,47.526738,0
                27.460296,47.5251,0
                27.457825,47.523061,0
                27.45688,47.522996,0
                27.454889,47.52214,0
                27.453182,47.521562,0
                27.452005,47.52164,0
                27.451204,47.522091,0
                27.450753,47.523028,0
                27.450853,47.525556,0
                27.450124,47.526546,0
                27.448295,47.527721,0
                27.446079,47.52896,0
                27.444716,47.52988,0
                27.444365,47.530633,0
                27.444584,47.531188,0
                27.44526,47.531668,0
                27.446638,47.531972,0
                27.448091,47.532115,0
                27.45062,47.532339,0
                27.453425,47.532728,0
                27.454882,47.533219,0
                27.455791,47.534045,0
                27.456434,47.535275,0
                27.456595,47.536633,0
                27.455973,47.537448,0
                27.455127,47.537875,0
                27.453981,47.537812,0
                27.453087,47.537407,0
                27.452186,47.537133,0
                27.450964,47.536738,0
                27.448027,47.535952,0
                27.446153,47.535741,0
                27.444797,47.535872,0
                27.443476,47.536532,0
                27.442498,47.537329,0
                27.441721,47.538621,0
                27.440746,47.539763,0
                27.439335,47.540928,0
                27.43809,47.54121,0
                27.435812,47.541391,0
                27.434073,47.541872,0
                27.430808,47.544101,0
                27.430049,47.545183,0
                27.430106,47.546145,0
                27.43073,47.546931,0
                27.431653,47.547271,0
                27.433079,47.547245,0
                27.435078,47.546818,0
                27.437001,47.546638,0
                27.438074,47.546843,0
                27.439007,47.547499,0
                27.439256,47.548359,0
                27.439037,47.549335,0
                27.438165,47.550128,0
                27.436423,47.550754,0
                27.434317,47.550999,0
                27.432148,47.551036,0
                27.43004,47.551235,0
                27.428117,47.552056,0
                27.424762,47.552976,0
                27.423969,47.553462,0
                27.423793,47.554083,0
                27.42414,47.554909,0
                27.424871,47.555751,0
                27.426876,47.557221,0
                27.428755,47.559053,0
                27.432331,47.562967,0
                27.431771,47.563487,0
                27.430388,47.563772,0
                27.426257,47.563059,0
                27.42397,47.562807,0
                27.422268,47.562897,0
                27.420952,47.563178,0
                27.418783,47.564611,0
                27.418401,47.565373,0
                27.417985,47.568592,0
                27.417653,47.569982,0
                27.417714,47.571346,0
                27.418212,47.572544,0
                27.419135,47.573472,0
                27.420075,47.574065,0
                27.421636,47.574969,0
                27.422586,47.575948,0
                27.423509,47.577258,0
                27.42441,47.577708,0
                27.426549,47.578474,0
                27.428182,47.580111,0
                27.428728,47.581013,0
                27.428488,47.582031,0
                27.42758,47.583122,0
                27.426528,47.58371,0
                27.424551,47.584019,0
                27.420282,47.583722,0
                27.417131,47.583296,0
                27.412783,47.582556,0
                27.410372,47.582427,0
                27.406608,47.582658,0
                27.404618,47.582909,0
                27.401771,47.584254,0
                27.398015,47.58693,0
                27.395143,47.587903,0
                27.390913,47.589637,0
                27.388394,47.591156,0
                27.385211,47.592176,0
                27.381434,47.593089,0
                27.376351,47.595211,0
                27.372592,47.597641,0
                27.371114,47.598965,0
                27.370822,47.599725,0
                27.370862,47.600362,0
                27.371575,47.60093,0
                27.373085,47.601254,0
                27.373928,47.601704,0
                27.373628,47.602521,0
                27.372806,47.603145,0
                27.371013,47.603599,0
                27.369575,47.603796,0
                27.368583,47.604723,0
                27.367445,47.606386,0
                27.364695,47.609872,0
                27.364208,47.611238,0
                27.363416,47.612862,0
                27.363389,47.614767,0
                27.363115,47.617011,0
                27.362379,47.618255,0
                27.36072,47.619726,0
                27.359257,47.620586,0
                27.357785,47.621147,0
                27.353091,47.622116,0
                27.344725,47.623804,0
                27.340811,47.624644,0
                27.339038,47.625147,0
                27.333913,47.626959,0
                27.332598,47.627756,0
                27.331516,47.628696,0
                27.323991,47.637159,0
                27.322581,47.63871,0
                27.321364,47.639348,0
                27.318484,47.640343,0
                27.316956,47.641173,0
                27.315606,47.642417,0
                27.314949,47.64342,0
                27.315034,47.645637,0
                27.3155,47.647381,0
                27.315161,47.649105,0
                27.311716,47.65521,0
                27.309922,47.657013,0
                27.308158,47.658604,0
                27.307742,47.659804,0
                27.306711,47.660711,0
                27.305579,47.661247,0
                27.304122,47.66137,0
                27.302578,47.661295,0
                27.300564,47.661059,0
                27.298323,47.661212,0
                27.296624,47.661509,0
                27.295342,47.661967,0
                27.294863,47.662466,0
                27.294949,47.666628,0
                27.294246,47.668405,0
                27.294288,47.669281,0
                27.294735,47.670151,0
                27.295613,47.670997,0
                27.296315,47.67213,0
                27.296543,47.673182,0
                27.296487,47.674325,0
                27.295982,47.676093,0
                27.295933,47.678034,0
                27.296257,47.679782,0
                27.295843,47.680661,0
                27.295132,47.681155,0
                27.29296,47.68185,0
                27.288696,47.682324,0
                27.283651,47.683093,0
                27.281639,47.683769,0
                27.278322,47.685217,0
                27.276798,47.686343,0
                27.274929,47.687922,0
                27.274852,47.688052,0
                27.274836,47.688063,0
                27.274773,47.688096,0
                27.27471,47.688129,0
                27.273602,47.689868,0
                27.273396,47.690735,0
                27.275633,47.692005,0
                27.278065,47.692745,0
                27.27885,47.693319,0
                27.279201,47.695012,0
                27.279862,47.696564,0
                27.2814,47.698382,0
                27.282478,47.699445,0
                27.282664,47.700331,0
                27.281909,47.701654,0
                27.280741,47.702107,0
                27.279755,47.701989,0
                27.27894,47.701518,0
                27.278043,47.701104,0
                27.276972,47.700717,0
                27.275768,47.700209,0
                27.274274,47.699905,0
                27.272832,47.699999,0
                27.27194,47.700319,0
                27.270525,47.70105,0
                27.268619,47.702829,0
                27.267781,47.704039,0
                27.267569,47.704892,0
                27.268529,47.706107,0
                27.268891,47.706956,0
                27.269183,47.707911,0
                27.267744,47.711258,0
                27.266456,47.712569,0
                27.264803,47.713241,0
                27.259827,47.714445,0
                27.258003,47.714882,0
                27.255727,47.715826,0
                27.252787,47.71719,0
                27.250015,47.719796,0
                27.250254,47.720343,0
                27.250535,47.720681,0
                27.253338,47.720419,0
                27.254493,47.720642,0
                27.254477,47.720654,0
                27.25523,47.721326,0
                27.258039,47.727617,0
                27.259556,47.729435,0
                27.261278,47.730654,0
                27.263572,47.731838,0
                27.265441,47.732195,0
                27.266541,47.732073,0
                27.268077,47.731006,0
                27.268124,47.729931,0
                27.267806,47.72879,0
                27.267615,47.727465,0
                27.267856,47.726221,0
                27.268767,47.72579,0
                27.270121,47.725854,0
                27.270932,47.726395,0
                27.272823,47.728009,0
                27.274243,47.728413,0
                27.275884,47.728497,0
                27.277986,47.728413,0
                27.280706,47.727099,0
                27.282015,47.725404,0
                27.283834,47.723792,0
                27.285972,47.723099,0
                27.288871,47.722619,0
                27.290879,47.722668,0
                27.292499,47.723102,0
                27.294259,47.724082,0
                27.295042,47.725146,0
                27.29533,47.726433,0
                27.294846,47.727785,0
                27.293816,47.728506,0
                27.292635,47.729088,0
                27.291424,47.729263,0
                27.290302,47.729212,0
                27.28806,47.72928,0
                27.286526,47.729562,0
                27.284983,47.730115,0
                27.28284,47.732193,0
                27.280926,47.734767,0
                27.280805,47.736114,0
                27.281237,47.737381,0
                27.2819,47.739,0
                27.2861,47.744143,0
                27.287018,47.744867,0
                27.287916,47.745254,0
                27.289382,47.74563,0
                27.290368,47.745682,0
                27.29213,47.745675,0
                27.293816,47.745778,0
                27.295309,47.746043,0
                27.297154,47.74654,0
                27.297886,47.747046,0
                27.29841,47.747791,0
                27.29815,47.749847,0
                27.29661,47.751871,0
                27.295625,47.752383,0
                27.294408,47.752671,0
                27.293354,47.752571,0
                27.292918,47.752506,0
                27.290866,47.751931,0
                27.290017,47.750793,0
                27.288697,47.749187,0
                27.287587,47.748677,0
                27.286169,47.748441,0
                27.284619,47.748431,0
                27.283054,47.748786,0
                27.279735,47.749758,0
                27.279234,47.750434,0
                27.279266,47.75117,0
                27.279718,47.75194,0
                27.28055,47.752506,0
                27.281939,47.75313,0
                27.283116,47.753491,0
                27.284676,47.754007,0
                27.285469,47.754784,0
                27.285673,47.755713,0
                27.285541,47.756563,0
                27.284543,47.757893,0
                27.283019,47.759158,0
                27.282399,47.760129,0
                27.281679,47.761869,0
                27.280469,47.763434,0
                27.279806,47.763935,0
                27.278599,47.763939,0
                27.277789,47.763734,0
                27.276321,47.76313,0
                27.271812,47.761064,0
                27.270302,47.760562,0
                27.268395,47.76007,0
                27.266867,47.759895,0
                27.265912,47.760055,0
                27.265211,47.760432,0
                27.264715,47.761133,0
                27.264275,47.762001,0
                27.264471,47.762935,0
                27.265644,47.764064,0
                27.267078,47.765118,0
                27.267793,47.766319,0
                27.268107,47.767909,0
                27.267122,47.769357,0
                27.266174,47.771041,0
                27.265604,47.775119,0
                27.26571,47.77748,0
                27.266108,47.778268,0
                27.266475,47.779337,0
                27.266112,47.779975,0
                27.265241,47.780451,0
                27.264078,47.780673,0
                27.262757,47.780753,0
                27.261276,47.780254,0
                27.257368,47.778497,0
                27.255609,47.778228,0
                27.254023,47.778214,0
                27.253023,47.778603,0
                27.252628,47.779318,0
                27.252652,47.780116,0
                27.254074,47.782141,0
                27.254058,47.783276,0
                27.253612,47.784332,0
                27.252766,47.784842,0
                27.250549,47.786015,0
                27.248776,47.787831,0
                27.248623,47.788694,0
                27.249442,47.790745,0
                27.249757,47.792017,0
                27.249655,47.792775,0
                27.249169,47.793567,0
                27.248329,47.794412,0
                27.24559,47.795501,0
                27.243167,47.796228,0
                27.240135,47.797186,0
                27.237362,47.797671,0
                27.235168,47.797896,0
                27.23341,47.798181,0
                27.232262,47.79862,0
                27.231648,47.799327,0
                27.231241,47.800055,0
                27.231109,47.802326,0
                27.231439,47.803786,0
                27.230956,47.806122,0
                27.231504,47.806985,0
                27.233837,47.808407,0
                27.235685,47.809209,0
                27.236518,47.810664,0
                27.23756,47.811413,0
                27.238235,47.811826,0
                27.239907,47.812122,0
                27.241266,47.812464,0
                27.2417,47.813059,0
                27.242117,47.814063,0
                27.24201,47.814735,0
                27.241638,47.815399,0
                27.240815,47.816398,0
                27.239786,47.817024,0
                27.238472,47.817327,0
                27.237049,47.817236,0
                27.233588,47.816482,0
                27.231918,47.815809,0
                27.231003,47.81493,0
                27.229995,47.81429,0
                27.228931,47.814175,0
                27.227673,47.81433,0
                27.226294,47.814675,0
                27.225725,47.814734,0
                27.224835,47.814723,0
                27.222614,47.814836,0
                27.220624,47.815159,0
                27.218133,47.81664,0
                27.216402,47.818111,0
                27.215225,47.820172,0
                27.214813,47.821322,0
                27.215624,47.824121,0
                27.216941,47.827062,0
                27.217821,47.828148,0
                27.220808,47.829918,0
                27.222325,47.831664,0
                27.22417,47.831928,0
                27.226047,47.831466,0
                27.227075,47.830872,0
                27.227623,47.830148,0
                27.228848,47.827723,0
                27.230189,47.826102,0
                27.23157,47.825578,0
                27.233026,47.825286,0
                27.235006,47.825409,0
                27.236792,47.825693,0
                27.23825,47.826365,0
                27.239339,47.827045,0
                27.241016,47.828165,0
                27.243166,47.828752,0
                27.245482,47.829792,0
                27.246714,47.830555,0
                27.247417,47.831456,0
                27.247688,47.833443,0
                27.247294,47.83423,0
                27.246537,47.835385,0
                27.245273,47.836073,0
                27.243365,47.836906,0
                27.241535,47.837307,0
                27.236051,47.837733,0
                27.226596,47.838307,0
                27.224912,47.838941,0
                27.224742,47.839604,0
                27.225862,47.840177,0
                27.208436,47.848523,0
                27.199951,47.902214,0
                27.206958,47.905077,0
                27.221271,47.916483,0
                27.240507,47.891681,0
                27.250823,47.882042,0
                27.253162,47.883886,0
                27.251393,47.888363,0
                27.251748,47.890879,0
                27.259939,47.898025,0
                27.254164,47.902415,0
                27.249434,47.909902,0
                27.252884,47.911947,0
                27.245268,47.922159,0
                27.238357,47.920184,0
                27.216104,47.95149,0
                27.19238,47.940986,0
                27.176369,47.943493,0
                27.176501,47.947269,0
                27.166295,47.954931,0
                27.141234,47.966754,0
                27.153111,47.971469,0
                27.159122,47.986287,0
                27.166256,47.994793,0
                27.143765,47.992208,0
                27.139804,47.991731,0
                27.136693,47.991303,0
                27.134377,47.991192,0
                27.132759,47.991388,0
                27.129952,47.991925,0
                27.128265,47.992351,0
                27.127129,47.992779,0
                27.123346,47.994413,0
                27.122029,47.995771,0
                27.120997,47.997188,0
                27.120594,47.998729,0
                27.120319,47.999875,0
                27.120685,48.001074,0
                27.121538,48.002533,0
                27.124158,48.006674,0
                27.126273,48.008603,0
                27.127634,48.009518,0
                27.128433,48.01071,0
                27.128465,48.011971,0
                27.127985,48.012979,0
                27.126872,48.013771,0
                27.12465,48.014394,0
                27.12248,48.014891,0
                27.119543,48.014685,0
                27.117198,48.01428,0
                27.114968,48.013693,0
                27.111045,48.012428,0
                27.108968,48.011641,0
                27.107154,48.010618,0
                27.103795,48.008436,0
                27.102008,48.007621,0
                27.099874,48.007098,0
                27.097248,48.006906,0
                27.094486,48.007127,0
                27.091781,48.008407,0
                27.08979,48.011479,0
                27.091162,48.017771,0
                27.092436,48.020181,0
                27.094151,48.0227,0
                27.096093,48.023853,0
                27.101276,48.025084,0
                27.104257,48.02698,0
                27.106615,48.0294,0
                27.106949,48.030435,0
                27.106256,48.031631,0
                27.105092,48.032896,0
                27.104075,48.033644,0
                27.100744,48.034032,0
                27.08912,48.034436,0
                27.086888,48.034649,0
                27.085567,48.035121,0
                27.084318,48.036068,0
                27.083283,48.037136,0
                27.082451,48.038666,0
                27.082388,48.040325,0
                27.082828,48.043172,0
                27.083161,48.046828,0
                27.082806,48.048558,0
                27.081294,48.050717,0
                27.079415,48.052932,0
                27.077354,48.054222,0
                27.075312,48.055411,0
                27.071553,48.057197,0
                27.065498,48.060377,0
                27.056725,48.064455,0
                27.051088,48.0668,0
                27.046772,48.069078,0
                27.045167,48.070653,0
                27.043967,48.072796,0
                27.043145,48.075368,0
                27.042981,48.077337,0
                27.042659,48.080666,0
                27.042072,48.081839,0
                27.04065,48.082962,0
                27.038242,48.084128,0
                27.035145,48.085365,0
                27.029876,48.087129,0
                27.027834,48.088103,0
                27.026996,48.088882,0
                27.026429,48.089688,0
                27.026705,48.090736,0
                27.027494,48.091783,0
                27.028568,48.092707,0
                27.031576,48.094247,0
                27.036338,48.097376,0
                27.038977,48.09998,0
                27.040691,48.1026,0
                27.041178,48.105458,0
                27.0405,48.107799,0
                27.039336,48.110232,0
                27.037871,48.111848,0
                27.035124,48.114536,0
                27.03376,48.116168,0
                27.033988,48.118655,0
                27.035295,48.120676,0
                27.039318,48.127574,0
                27.039522,48.128705,0
                27.038908,48.129487,0
                27.037658,48.12991,0
                27.036262,48.12989,0
                27.035062,48.129444,0
                27.033645,48.128637,0
                27.032513,48.127553,0
                27.030021,48.124323,0
                27.028609,48.12372,0
                27.026863,48.123682,0
                27.025158,48.124173,0
                27.023815,48.124967,0
                27.022763,48.126073,0
                27.022345,48.12707,0
                27.022847,48.128096,0
                27.02837,48.133565,0
                27.028861,48.134687,0
                27.028691,48.13557,0
                27.02833,48.136594,0
                27.027506,48.137225,0
                27.026351,48.137844,0
                27.024806,48.138269,0
                27.023432,48.138403,0
                27.021846,48.138334,0
                27.01986,48.137906,0
                27.018215,48.137266,0
                27.01664,48.136361,0
                27.014734,48.134973,0
                27.009996,48.127825,0
                27.006481,48.124207,0
                27.003866,48.122092,0
                27.002177,48.121647,0
                27.00089,48.121506,0
                26.999642,48.121674,0
                26.997415,48.122984,0
                26.995404,48.124224,0
                26.992041,48.126306,0
                26.98834,48.12803,0
                26.984523,48.129211,0
                26.981683,48.129671,0
                26.979456,48.12973,0
                26.976463,48.129598,0
                26.973484,48.129588,0
                26.9707,48.129792,0
                26.96827,48.130278,0
                26.966259,48.131174,0
                26.960078,48.134074,0
                26.957769,48.135618,0
                26.955299,48.137774,0
                26.953419,48.141185,0
                26.951758,48.144181,0
                26.951489,48.145893,0
                26.951442,48.149364,0
                26.951778,48.150134,0
                26.955605,48.152458,0
                26.957524,48.152665,0
                26.959551,48.152151,0
                26.963249,48.149947,0
                26.966786,48.148287,0
                26.977189,48.144597,0
                26.980356,48.144224,0
                26.983192,48.144437,0
                26.98609,48.145091,0
                26.988376,48.146176,0
                26.99025,48.147392,0
                26.991573,48.148766,0
                26.992109,48.150054,0
                26.991764,48.152141,0
                26.990356,48.154087,0
                26.987766,48.156414,0
                26.984989,48.158103,0
                26.981761,48.159736,0
                26.979287,48.160521,0
                26.971408,48.162616,0
                26.966208,48.162063,0
                26.961615,48.16254,0
                26.95724,48.162155,0
                26.955185,48.161706,0
                26.951898,48.161301,0
                26.948339,48.161335,0
                26.944321,48.16152,0
                26.941526,48.162075,0
                26.939183,48.162821,0
                26.936651,48.163879,0
                26.93453,48.165434,0
                26.933267,48.166435,0
                26.932646,48.167483,0
                26.932389,48.168809,0
                26.932828,48.170146,0
                26.933552,48.170984,0
                26.936177,48.173089,0
                26.938084,48.174377,0
                26.940844,48.176014,0
                26.943274,48.177384,0
                26.945317,48.179069,0
                26.946207,48.17987,0
                26.947503,48.181315,0
                26.948931,48.182991,0
                26.949723,48.185036,0
                26.949946,48.1863,0
                26.94966,48.187819,0
                26.948913,48.190026,0
                26.946447,48.193696,0
                26.942893,48.196356,0
                26.940362,48.197528,0
                26.93764,48.198392,0
                26.934873,48.199061,0
                26.928915,48.199795,0
                26.925247,48.199496,0
                26.922479,48.199381,0
                26.920321,48.199614,0
                26.915971,48.199294,0
                26.914599,48.199031,0
                26.913517,48.198481,0
                26.913013,48.197706,0
                26.912854,48.196841,0
                26.913393,48.196136,0
                26.920141,48.186412,0
                26.921082,48.183209,0
                26.920723,48.182228,0
                26.919938,48.18129,0
                26.918594,48.180756,0
                26.916086,48.18029,0
                26.912549,48.18008,0
                26.909706,48.17975,0
                26.907167,48.179541,0
                26.905923,48.179674,0
                26.903436,48.180398,0
                26.901532,48.181567,0
                26.898019,48.184304,0
                26.896822,48.185612,0
                26.894859,48.187061,0
                26.893183,48.188752,0
                26.892427,48.189983,0
                26.892306,48.192123,0
                26.892665,48.192964,0
                26.893508,48.193766,0
                26.894909,48.194232,0
                26.897811,48.194418,0
                26.902047,48.194505,0
                26.903152,48.194829,0
                26.904622,48.195758,0
                26.907188,48.197914,0
                26.908929,48.199599,0
                26.909118,48.200731,0
                26.90852,48.201673,0
                26.907258,48.202091,0
                26.903509,48.202187,0
                26.901379,48.202126,0
                26.898474,48.201545,0
                26.895199,48.201151,0
                26.895001,48.201136,0
                26.890684,48.200833,0
                26.887797,48.200984,0
                26.885761,48.201422,0
                26.884033,48.202274,0
                26.882903,48.203229,0
                26.882405,48.203774,0
                26.881034,48.20534,0
                26.880149,48.205826,0
                26.877379,48.206659,0
                26.876699,48.207208,0
                26.876168,48.208228,0
                26.874197,48.210379,0
                26.869931,48.212672,0
                26.865333,48.214755,0
                26.860276,48.218105,0
                26.859851,48.218829,0
                26.859269,48.220679,0
                26.857536,48.22287,0
                26.857501,48.226084,0
                26.856583,48.229997,0
                26.856054,48.231025,0
                26.85486,48.232125,0
                26.853201,48.233153,0
                26.851406,48.234001,0
                26.850257,48.234267,0
                26.849013,48.234057,0
                26.846925,48.233069,0
                26.844577,48.231425,0
                26.843626,48.230035,0
                26.842141,48.228569,0
                26.840438,48.227805,0
                26.838254,48.227023,0
                26.835451,48.226149,0
                26.83331,48.22591,0
                26.832278,48.226128,0
                26.831281,48.226651,0
                26.830412,48.227528,0
                26.829617,48.228613,0
                26.829039,48.229795,0
                26.828866,48.230869,0
                26.828786,48.234139,0
                26.828532,48.236774,0
                26.82842,48.238104,0
                26.828161,48.239313,0
                26.827677,48.241518,0
                26.826316,48.244306,0
                26.825326,48.244704,0
                26.822335,48.245444,0
                26.821246,48.245341,0
                26.820466,48.245072,0
                26.819221,48.24527,0
                26.815607,48.247093,0
                26.815192,48.24778,0
                26.815144,48.248308,0
                26.815288,48.249024,0
                26.812483,48.250441,0
                26.811689,48.251213,0
                26.811464,48.251503,0
                26.811012,48.252518,0
                26.810316,48.253316,0
                26.808451,48.254185,0
                26.806724,48.254242,0
                26.805307,48.254002,0
                26.803606,48.253575,0
                26.801488,48.252444,0
                26.799079,48.250183,0
                26.797459,48.249562,0
                26.79604,48.249405,0
                26.793159,48.249608,0
                26.789729,48.249761,0
                26.786929,48.249579,0
                26.785204,48.24893,0
                26.784881,48.247959,0
                26.785055,48.246723,0
                26.785525,48.245563,0
                26.785487,48.244539,0
                26.784711,48.243628,0
                26.783713,48.243113,0
                26.782235,48.242973,0
                26.780306,48.243408,0
                26.776784,48.244882,0
                26.774782,48.24596,0
                26.769799,48.247455,0
                26.765465,48.247994,0
                26.763793,48.247946,0
                26.761343,48.24732,0
                26.75868,48.246918,0
                26.75701,48.247151,0
                26.754912,48.247804,0
                26.753643,48.247911,0
                26.750624,48.247346,0
                26.748683,48.247087,0
                26.744812,48.245866,0
                26.739257,48.244937,0
                26.737125,48.24513,0
                26.73544,48.24554,0
                26.734197,48.246135,0
                26.733956,48.246998,0
                26.734102,48.24797,0
                26.734952,48.248772,0
                26.738593,48.250079,0
                26.740392,48.251331,0
                26.743017,48.253888,0
                26.742673,48.254961,0
                26.741695,48.255684,0
                26.739731,48.256346,0
                26.736416,48.257343,0
                26.733859,48.258316,0
                26.731222,48.258724,0
                26.728949,48.258649,0
                26.727537,48.257759,0
                26.726841,48.256846,0
                26.727046,48.25576,0
                26.72988,48.252336,0
                26.731445,48.250061,0
                26.731624,48.248974,0
                26.731084,48.247925,0
                26.729811,48.247191,0
                26.727403,48.246568,0
                26.724712,48.246339,0
                26.721225,48.246815,0
                26.719,48.247649,0
                26.71751,48.248702,0
                26.716353,48.249485,0
                26.715365,48.25047,0
                26.713325,48.251439,0
                26.712565,48.251726,0
                26.710732,48.252273,0
                26.708603,48.25339,0
                26.706905,48.256956,0
                26.705356,48.260736,0
                26.705046,48.262632,0
                26.704384,48.264024,0
                26.702959,48.264985,0
                26.701167,48.265277,0
                26.699464,48.265258,0
                26.697808,48.264598,0
                26.696628,48.263741,0
                26.695305,48.262124,0
                26.693894,48.257618,0
                26.692431,48.255295,0
                26.691045,48.254053,0
                26.688801,48.252903,0
                26.686292,48.252041,0
                26.685227,48.251315,0
                26.683617,48.249498,0
                26.68267,48.24906,0
                26.680389,48.248602,0
                26.67808,48.248447,0
                26.674726,48.248426,0
                26.672409,48.248093,0
                26.667913,48.247061,0
                26.666508,48.247379,0
                26.665064,48.247881,0
                26.663984,48.248797,0
                26.663449,48.252237,0
                26.66398,48.254228,0
                26.665802,48.257049,0
                26.666575,48.258505,0
                26.666872,48.260101,0
                26.666621,48.26138,0
                26.665314,48.263228,0
                26.664272,48.263649,0
                26.661771,48.264271,0
                26.66057,48.264288,0
                26.659478,48.263905,0
                26.65852,48.263324,0
                26.65794,48.262564,0
                26.657768,48.260115,0
                26.657257,48.258605,0
                26.656806,48.257618,0
                26.655198,48.256089,0
                26.654213,48.255262,0
                26.652839,48.254375,0
                26.651397,48.253782,0
                26.64927,48.253105,0
                26.64597,48.25263,0
                26.645157,48.25281,0
                26.644529,48.25324,0
                26.644237,48.253946,0
                26.644332,48.254415,0
                26.644277,48.255071,0
                26.644265,48.256476,0
                26.643895,48.257321,0
                26.643027,48.25828,0
                26.642564,48.258641,0
                26.640409,48.260017,0
                26.639204,48.261037,0
                26.637668,48.261783,0
                26.636151,48.262144,0
                26.634698,48.262159,0
                26.633223,48.261765,0
                26.631709,48.260913,0
                26.630247,48.259815,0
                26.629477,48.258603,0
                26.629457,48.256839,0
                26.629448,48.256072,0
                26.630136,48.254654,0
                26.63084,48.253423,0
                26.63113,48.252163,0
                26.630366,48.250531,0
                26.629494,48.248869,0
                26.628986,48.247312,0
                26.627885,48.246635,0
                26.626556,48.246413,0
                26.625804,48.246573,0
                26.625236,48.246876,0
                26.624623,48.24754,0
                26.623153,48.249053,0
                26.621665,48.250054,0
                26.619329,48.251077,0
                26.617888,48.251447,0
                26.6166,48.251337,0
                26.615855,48.251049,0
                26.615149,48.250281,0
                26.614415,48.249492,0
                26.614474,48.249166,0
                26.614819,48.248746,0
                26.61558,48.24818,0
                26.617211,48.246917,0
                26.618413,48.245141,0
                26.619094,48.24341,0
                26.620297,48.241944,0
                26.620893,48.240622,0
                26.620495,48.239723,0
                26.620083,48.239363,0
                26.619183,48.239142,0
                26.617402,48.239182,0
                26.615225,48.239682,0
                26.613344,48.240408,0
                26.611097,48.240464,0
                26.609171,48.240145,0
                26.607322,48.239664,0
                26.602967,48.239561,0
                26.597672,48.23899,0
                26.59587,48.239285,0
                26.594443,48.240852,0
                26.592868,48.241905,0
                26.591452,48.243506,0
                26.59026,48.245193,0
                26.589435,48.245966,0
                26.588505,48.246607,0
                26.587562,48.246901,0
                26.586179,48.246822,0
                26.585028,48.246292,0
                26.580707,48.243038,0
                26.578813,48.242665,0
                26.57682,48.243223,0
                26.576129,48.24313,0
                26.575303,48.242661,0
                26.572625,48.240068,0
                26.571931,48.239686,0
                26.571272,48.238834,0
                26.570792,48.236976,0
                26.571039,48.235707,0
                26.570964,48.234411,0
                26.570643,48.233892,0
                26.569232,48.231186,0
                26.568832,48.230091,0
                26.569016,48.229316,0
                26.571213,48.227175,0
                26.572268,48.225931,0
                26.572969,48.224221,0
                26.573111,48.222744,0
                26.572994,48.221533,0
                26.572456,48.219695,0
                26.571778,48.219457,0
                26.570526,48.219466,0
                26.568615,48.21991,0
                26.565623,48.221152,0
                26.560573,48.222046,0
                26.558274,48.222475,0
                26.557505,48.222866,0
                26.556289,48.223473,0
                26.554378,48.224799,0
                26.553216,48.225022,0
                26.550484,48.224699,0
                26.549511,48.224357,0
                26.549071,48.224061,0
                26.548368,48.223597,0
                26.547873,48.22256,0
                26.54784,48.222185,0
                26.547979,48.221638,0
                26.548094,48.22106,0
                26.54847,48.220336,0
                26.548785,48.219678,0
                26.549131,48.218868,0
                26.549445,48.218126,0
                26.549409,48.217143,0
                26.548809,48.21626,0
                26.547791,48.215659,0
                26.545761,48.214799,0
                26.542387,48.214342,0
                26.541489,48.214526,0
                26.540007,48.214579,0
                26.538317,48.214176,0
                26.526552,48.208872,0
                26.524903,48.208425,0
                26.524376,48.208372,0
                26.522925,48.208377,0
                26.522494,48.208795,0
                26.52246,48.20935,0
                26.523241,48.211406,0
                26.523468,48.212286,0
                26.523349,48.212976,0
                26.522728,48.213417,0
                26.521759,48.21354,0
                26.520602,48.21334,0
                26.518992,48.212822,0
                26.517802,48.212113,0
                26.515602,48.211458,0
                26.51174,48.211839,0
                26.508539,48.213335,0
                26.504709,48.216441,0
                26.502304,48.216911,0
                26.498347,48.217203,0
                26.494542,48.217851,0
                26.492744,48.218,0
                26.491576,48.217912,0
                26.490082,48.217266,0
                26.489007,48.216814,0
                26.488253,48.216434,0
                26.486893,48.215986,0
                26.485646,48.215608,0
                26.483373,48.215282,0
                26.480442,48.215343,0
                26.478811,48.215653,0
                26.477607,48.215927,0
                26.476518,48.216266,0
                26.475179,48.217129,0
                26.471906,48.219928,0
                26.470675,48.220571,0
                26.467646,48.220868,0
                26.466643,48.220342,0
                26.466243,48.219555,0
                26.464953,48.21613,0
                26.464175,48.215532,0
                26.463059,48.215223,0
                26.461582,48.215141,0
                26.459397,48.214981,0
                26.457698,48.214484,0
                26.456767,48.213818,0
                26.455894,48.21333,0
                26.455779,48.213164,0
                26.455639,48.212773,0
                26.455648,48.212314,0
                26.455811,48.211945,0
                26.456211,48.21141,0
                26.456994,48.210692,0
                26.457505,48.210337,0
                26.458019,48.209967,0
                26.458273,48.209637,0
                26.458463,48.209256,0
                26.458347,48.208161,0
                26.457353,48.20654,0
                26.456392,48.205939,0
                26.454776,48.205513,0
                26.447418,48.204137,0
                26.437465,48.204554,0
                26.435061,48.204182,0
                26.433676,48.203413,0
                26.433186,48.202732,0
                26.432571,48.201053,0
                26.432542,48.200814,0
                26.432909,48.200146,0
                26.437164,48.198121,0
                26.438245,48.197564,0
                26.439031,48.197067,0
                26.439534,48.195754,0
                26.439567,48.19514,0
                26.439496,48.194642,0
                26.439047,48.193943,0
                26.438689,48.193738,0
                26.437453,48.193388,0
                26.435464,48.193095,0
                26.433253,48.192875,0
                26.432616,48.193018,0
                26.432408,48.193299,0
                26.431894,48.19422,0
                26.43177,48.195407,0
                26.430828,48.196734,0
                26.427378,48.198505,0
                26.423333,48.201024,0
                26.422558,48.20127,0
                26.421889,48.201296,0
                26.420744,48.201186,0
                26.419415,48.200792,0
                26.418361,48.199873,0
                26.417183,48.197572,0
                26.415202,48.195745,0
                26.41222,48.19407,0
                26.410824,48.193368,0
                26.408432,48.191884,0
                26.405995,48.190228,0
                26.40451,48.189654,0
                26.401126,48.188692,0
                26.398494,48.188364,0
                26.39604,48.188814,0
                26.393983,48.18912,0
                26.392723,48.189106,0
                26.391887,48.188867,0
                26.388462,48.187382,0
                26.387413,48.186584,0
                26.386378,48.186365,0
                26.385144,48.186513,0
                26.384779,48.186733,0
                26.381957,48.188832,0
                26.379802,48.190252,0
                26.379388,48.191189,0
                26.379774,48.19196,0
                26.380713,48.192691,0
                26.38288,48.193624,0
                26.383823,48.194317,0
                26.384137,48.194826,0
                26.383958,48.195484,0
                26.383567,48.195933,0
                26.382773,48.196532,0
                26.381484,48.196816,0
                26.376394,48.197796,0
                26.374786,48.197767,0
                26.373767,48.197557,0
                26.372391,48.197032,0
                26.371127,48.196058,0
                26.370121,48.194491,0
                26.369792,48.193209,0
                26.370293,48.191896,0
                26.369952,48.19097,0
                26.366209,48.188969,0
                26.362622,48.186757,0
                26.358588,48.184992,0
                26.356985,48.184782,0
                26.356657,48.184874,0
                26.355537,48.185529,0
                26.354513,48.187081,0
                26.353479,48.189615,0
                26.352959,48.190377,0
                26.352024,48.191,0
                26.350648,48.191396,0
                26.349395,48.191329,0
                26.348579,48.191017,0
                26.347978,48.190563,0
                26.347615,48.189829,0
                26.3476,48.188834,0
                26.34971,48.185634,0
                26.349787,48.184655,0
                26.349,48.183893,0
                26.347194,48.182905,0
                26.345777,48.182452,0
                26.344407,48.182322,0
                26.342893,48.182421,0
                26.33461,48.183358,0
                26.333028,48.184211,0
                26.332882,48.182055,0
                26.330928,48.181076,0
                26.329131,48.179861,0
                26.327734,48.176588,0
                26.32774,48.176033,0
                26.333163,48.167173,0
                26.333659,48.16639,0
                26.334184,48.165205,0
                26.334975,48.161446,0
                26.334975,48.160746,0
                26.334542,48.159553,0
                26.334063,48.158622,0
                26.328153,48.152721,0
                26.315935,48.148065,0
                26.309455,48.143578,0
                26.302022,48.136522,0
                26.297759,48.1333,0
                26.295051,48.129271,0
                26.291339,48.123991,0
                26.287587,48.118744,0
                26.284866,48.11348,0
                26.284636,48.112136,0
                26.284353,48.106782,0
                26.283513,48.104426,0
                26.282269,48.100521,0
                26.277752,48.094952,0
                26.276824,48.091684,0
                26.275615,48.086816,0
                26.274943,48.085394,0
                26.274103,48.084105,0
                26.271741,48.080757,0
                26.269155,48.078533,0
                26.267258,48.076866,0
                26.266119,48.076163,0
                26.261473,48.074593,0
                26.259005,48.073508,0
                26.255653,48.072027,0
                26.252163,48.070547,0
                26.24898,48.069221,0
                26.244289,48.067101,0
                26.241585,48.065884,0
                26.236335,48.063441,0
                26.231865,48.061423,0
                26.230692,48.060688,0
                26.226814,48.058704,0
                26.22323,48.056789,0
                26.22158,48.056119,0
                26.217276,48.054121,0
                26.213603,48.052274,0
                26.212498,48.051422,0
                26.211938,48.050578,0
                26.210627,48.04489,0
                26.209633,48.039504,0
                26.208505,48.032451,0
                26.207833,48.028533,0
                26.20498,48.021979,0
                26.202688,48.016319,0
                26.20218,48.01541,0
                26.19893,48.007605,0
                26.194529,48.002411,0
                26.192844,48.00076,0
                26.18697,47.996168,0
                26.185651,47.995462,0
                26.185121,47.994901,0
                26.182961,47.994091,0
                26.170617,47.990583,0
                26.163301,47.988878,0
                26.159508,47.98827,0
                26.152537,47.987318,0
                26.143644,47.985908,0
                26.141731,47.985449,0
                26.138767,47.98462,0
                26.137618,47.984107,0
                26.136932,47.984272,0
                26.13093,47.986993,0
                26.126443,47.987784,0
                26.117733,47.981971,0
                26.115013,47.981547,0
                26.101152,47.978236,0
                26.100337,47.978367,0
                26.106755,47.972471,0
                26.116592,47.963387,0
                26.126179,47.954598,0
                26.137349,47.944811,0
                26.149115,47.93429,0
                26.159359,47.92482,0
                26.160132,47.924076,0
                26.167644,47.916626,0
                26.176689,47.907172,0
                26.186949,47.896199,0
                26.199924,47.882319,0
                26.210298,47.871248,0
                26.220572,47.860327,0
                26.232051,47.848439,0
                26.246141,47.834451,0
                26.256104,47.824732,0
                26.263486,47.81766,0
                26.269421,47.812175,0
                26.274742,47.807496,0
                26.282124,47.800785,0
                26.290531,47.792996,0
                26.299679,47.784503,0
                26.307996,47.776816,0
                26.314484,47.771151,0
                26.322666,47.764203,0
                26.331081,47.757122,0
                26.340764,47.749371,0
                26.349504,47.742452,0
                26.359216,47.734909,0
                26.36619,47.729664,0
                26.374392,47.723473,0
                26.386096,47.714794,0
                26.392079,47.710299,0
                26.401487,47.702605,0
                26.411582,47.69429,0
                26.415094,47.691517,0
                26.42087,47.686133,0
                26.428795,47.678686,0
                26.437314,47.670732,0
                26.445471,47.66304,0
                26.452148,47.656667,0
                26.462473,47.646864,0
                26.473715,47.636164,0
                26.485199,47.623957,0
                26.492589,47.615975,0
                26.500627,47.607358,0
                26.509783,47.597366,0
                26.522291,47.583786,0
                26.53248,47.572834,0
                26.5454,47.559568,0
                26.560936,47.543781,0
                26.571588,47.533001,0
                26.574673,47.52989,0
                26.579158,47.524789,0
                26.582038,47.521496,0
                26.587725,47.514337,0
                26.595132,47.505343,0
                26.599575,47.499792,0
                26.609261,47.48767,0
                26.61673,47.477061,0
                26.621588,47.469974,0
                26.627033,47.461426,0
                26.631102,47.454886,0
                26.635023,47.448052,0
                26.641676,47.436275,0
                26.64607,47.428425,0
                26.647821,47.42526,0
                26.652563,47.414961,0
                26.654332,47.41122,0
                26.658088,47.402482,0
                26.660113,47.397425,0
                26.665088,47.383687,0
                26.668448,47.372495,0
                26.671431,47.361665,0
                26.674828,47.349013,0
                26.678169,47.336648,0
                26.67892,47.333671,0
                26.68005,47.328972,0
                26.682482,47.318613,0
                26.68484,47.309273,0
                26.686181,47.303909,0
                26.688558,47.295703,0
                26.689475,47.292627,0
                26.693158,47.282709,0
                26.696484,47.273192,0
                26.700411,47.261757,0
                26.702865,47.254962,0
                26.705025,47.248648,0
                26.707526,47.241473,0
                26.71079,47.232864,0
                26.713464,47.225461,0
                26.716755,47.215784,0
                26.719503,47.20733,0
                26.722238,47.198081,0
                26.724951,47.188818,0
                26.72732,47.180487,0
                26.729805,47.170471,0
                26.73195,47.160999,0
                26.73372,47.15217,0
                26.735651,47.142662,0
                26.737983,47.131319,0
                26.740255,47.120468,0
                26.742757,47.109948,0
                26.746267,47.096633,0
                26.7498,47.08364,0
                26.752901,47.071873,0
                26.756905,47.057161,0
                26.757619,47.05451,0
                26.76079,47.045171,0
                26.763143,47.038682,0
                26.767547,47.027089,0
                26.771488,47.017806,0
                26.775576,47.008433,0
                26.780922,46.996156,0
                26.785296,46.986241,0
                26.788789,46.978323,0
                26.794019,46.96585,0
                26.797873,46.95638,0
                26.802839,46.944369,0
                26.806142,46.936165,0
                26.810676,46.925204,0
                26.813745,46.917639,0
                26.816744,46.91079,0
                26.821298,46.902454,0
                26.826,46.895572,0
                26.836154,46.882313,0
                26.844194,46.872381,0
                26.853074,46.862582,0
                26.867685,46.848913,0
                26.88247,46.837711,0
                26.897329,46.827061,0
                26.91017,46.818906,0
                26.917957,46.813912,0
                26.919806,46.812703,0
                26.93232,46.806052,0
                26.94012,46.801849,0
                26.950242,46.796731,0
                26.964445,46.789566,0
                26.96965,46.787007,0
                26.981527,46.781876,0
                26.991337,46.777629,0
                27.001258,46.773312,0
                27.008051,46.770427,0
                27.012683,46.768601,0
                27.024872,46.76384,0
                27.028207,46.762618,0
                27.037849,46.75864,0
                27.048545,46.754227,0
                27.059276,46.750368,0
                27.073844,46.745149,0
                27.086744,46.740451,0
                27.090024,46.739292,0
                27.095156,46.737753,0
                27.101694,46.73587,0
                27.104291,46.735086,0
                27.108031,46.734095,0
                27.11511,46.73225,0
                27.122575,46.73033,0
                27.133866,46.727491,0
                27.144225,46.724927,0
                27.155397,46.722338,0
                27.169469,46.718935,0
                27.180178,46.716233,0
                27.184685,46.715112,0
                27.199332,46.710426,0
                27.21304,46.706002,0
                27.225423,46.701984,0
                27.240635,46.697041,0
                27.253313,46.692915,0
                27.264586,46.689422,0
                27.278022,46.685217,0
                27.284331,46.683212,0
                27.291628,46.681123,0
                27.300309,46.678722,0
                27.309818,46.676029,0
                27.322118,46.672639,0
                27.332718,46.669682,0
                27.345048,46.666247,0
                27.356067,46.663252,0
                27.369494,46.659734,0
                27.384802,46.655714,0
                27.398418,46.651955,0
                27.41221,46.647965,0
                27.423767,46.644432,0
                27.429841,46.64257,0
                27.442577,46.638621,0
                27.453899,46.63509,0
                27.466705,46.631038,0
                27.480445,46.626556,0
                27.490874,46.623121,0
                27.50799,46.61764,0
                27.51885,46.614217,0
                27.527666,46.611441,0
                27.539703,46.607781,0
                27.552014,46.60407,0
                27.56425,46.600292,0
                27.579071,46.595725,0
                27.590252,46.592889,0
                27.602485,46.589854,0
                27.61421,46.586832,0
                27.631877,46.582167,0
                27.645277,46.578534,0
                27.657986,46.575117,0
                27.671639,46.571343,0
                27.675048,46.570438,0
                27.689174,46.567058,0
                27.701638,46.564114,0
                27.712501,46.561593,0
                27.725829,46.558594,0
                27.742206,46.555433,0
                27.758298,46.552661,0
                27.774393,46.549945,0
                27.795395,46.54633,0
                27.817851,46.542513,0
                27.839561,46.539158,0
                27.857012,46.53675,0
                27.868409,46.535229,0
                27.881476,46.533698,0
                27.893985,46.532235,0
                27.905255,46.531066,0
                27.919466,46.529654,0
                27.93033,46.528502,0
                27.941683,46.527294,0
                27.953071,46.52606,0
                27.965304,46.524732,0
                27.975442,46.523646,0
                27.985417,46.522599,0
                27.997738,46.521153,0
                28.01017,46.519721,0
                28.019706,46.5186,0
                28.030244,46.517462,0
                28.042281,46.516152,0
                28.051438,46.515155,0
                28.06246,46.514234,0
                28.077906,46.512939,0
                28.083696,46.512497,0
                28.094803,46.511943,0
                28.1073,46.511332,0
                28.120033,46.510837,0
                28.136391,46.51017,0
                28.157758,46.509335,0
                28.178108,46.508405,0
                28.195116,46.507653,0
                28.209941,46.507201,0
              </coordinates>
            </LinearRing>
          </outerBoundaryIs>
        </Polygon>
      </Placemark>
      <Placemark>
        <name>CR 1-1-4/2012</name>
        <description>qb ≥ 0,7 kPa</description>
        <styleUrl>#poly-FF0000-1000-89</styleUrl>
        <Polygon>
          <outerBoundaryIs>
            <LinearRing>
              <tessellate>1</tessellate>
              <coordinates>
                21.016299,45.324484,0
                21.030442,45.326284,0
                21.063668,45.331609,0
                21.061869,45.312371,0
                21.067187,45.312842,0
                21.08046,45.317533,0
                21.081359,45.317313,0
                21.082158,45.316345,0
                21.082529,45.314447,0
                21.096163,45.2961,0
                21.097523,45.296919,0
                21.112314,45.300956,0
                21.114037,45.300571,0
                21.115536,45.300797,0
                21.126525,45.304483,0
                21.128384,45.304724,0
                21.130356,45.30474,0
                21.144878,45.304889,0
                21.150187,45.309638,0
                21.154091,45.31234,0
                21.149655,45.316214,0
                21.153826,45.318858,0
                21.153817,45.319308,0
                21.161895,45.324563,0
                21.165585,45.322355,0
                21.166104,45.319808,0
                21.169141,45.32119,0
                21.173519,45.323668,0
                21.174649,45.324202,0
                21.176042,45.325106,0
                21.179008,45.322744,0
                21.180515,45.323444,0
                21.183354,45.320879,0
                21.179948,45.318918,0
                21.183314,45.316026,0
                21.180698,45.314464,0
                21.180476,45.313368,0
                21.180782,45.310016,0
                21.18293,45.306242,0
                21.184067,45.304933,0
                21.190135,45.294076,0
                21.190146,45.292212,0
                21.190541,45.29072,0
                21.190917,45.287522,0
                21.196975,45.281988,0
                21.206454,45.277285,0
                21.209001,45.275418,0
                21.202414,45.264832,0
                21.213145,45.254743,0
                21.218689,45.250352,0
                21.223038,45.252397,0
                21.22577,45.25187,0
                21.251595,45.243428,0
                21.254368,45.241076,0
                21.255581,45.240591,0
                21.258222,45.238963,0
                21.273884,45.230592,0
                21.276095,45.22989,0
                21.28135,45.23341,0
                21.281137,45.235129,0
                21.291317,45.243463,0
                21.299022,45.24145,0
                21.300124,45.240558,0
                21.305806,45.240026,0
                21.305764,45.239166,0
                21.31961,45.237443,0
                21.319841,45.240334,0
                21.325789,45.239466,0
                21.324974,45.236434,0
                21.331558,45.234929,0
                21.33822,45.234881,0
                21.338146,45.233883,0
                21.338592,45.233068,0
                21.340835,45.232304,0
                21.343547,45.231077,0
                21.346834,45.229408,0
                21.359518,45.221776,0
                21.368853,45.225749,0
                21.394777,45.218273,0
                21.3993,45.22415,0
                21.400328,45.2249,0
                21.402596,45.228392,0
                21.404185,45.228082,0
                21.407429,45.22585,0
                21.409815,45.224917,0
                21.409794,45.223872,0
                21.410179,45.220854,0
                21.410963,45.219859,0
                21.415317,45.219434,0
                21.417181,45.217709,0
                21.418156,45.217645,0
                21.418913,45.21725,0
                21.420486,45.217142,0
                21.423307,45.215046,0
                21.424215,45.214982,0
                21.428415,45.213587,0
                21.42993,45.212421,0
                21.434196,45.207726,0
                21.435377,45.20706,0
                21.435945,45.20601,0
                21.436557,45.20483,0
                21.43708,45.203343,0
                21.438321,45.202461,0
                21.439294,45.201747,0
                21.441004,45.201106,0
                21.443341,45.200721,0
                21.481151,45.192124,0
                21.482754,45.191477,0
                21.485107,45.187678,0
                21.486787,45.183052,0
                21.489208,45.178639,0
                21.490662,45.175389,0
                21.492356,45.172618,0
                21.493222,45.171979,0
                21.495331,45.171238,0
                21.49892,45.171669,0
                21.503453,45.170338,0
                21.507496,45.169458,0
                21.509612,45.169413,0
                21.513951,45.17059,0
                21.522309,45.159625,0
                21.523428,45.15784,0
                21.524994,45.153792,0
                21.527255,45.149117,0
                21.528079,45.146703,0
                21.527812,45.145118,0
                21.527416,45.141853,0
                21.526698,45.137799,0
                21.516402,45.133448,0
                21.510646,45.131327,0
                21.507204,45.130315,0
                21.501328,45.126379,0
                21.498659,45.124705,0
                21.495802,45.12458,0
                21.491241,45.125226,0
                21.489585,45.124988,0
                21.485692,45.124889,0
                21.484365,45.124523,0
                21.483796,45.123753,0
                21.482954,45.123312,0
                21.482218,45.122576,0
                21.481258,45.122396,0
                21.478889,45.122358,0
                21.477874,45.121186,0
                21.477956,45.118736,0
                21.477685,45.117886,0
                21.475021,45.114772,0
                21.475025,45.114736,0
                21.474675,45.113434,0
                21.473734,45.112445,0
                21.473208,45.111573,0
                21.471198,45.110235,0
                21.470436,45.108348,0
                21.470264,45.106508,0
                21.469882,45.104422,0
                21.470738,45.102584,0
                21.472796,45.10052,0
                21.475003,45.099234,0
                21.477651,45.09781,0
                21.480659,45.096002,0
                21.482752,45.092315,0
                21.479615,45.090849,0
                21.477574,45.08942,0
                21.476474,45.087956,0
                21.473663,45.085895,0
                21.472922,45.083368,0
                21.471144,45.082237,0
                21.469233,45.08094,0
                21.468789,45.080583,0
                21.467733,45.080111,0
                21.466932,45.080123,0
                21.466575,45.079632,0
                21.466789,45.078985,0
                21.466876,45.078615,0
                21.466906,45.078053,0
                21.466737,45.077656,0
                21.466223,45.07714,0
                21.465692,45.076698,0
                21.464468,45.076065,0
                21.464409,45.075412,0
                21.462987,45.073697,0
                21.462448,45.073294,0
                21.460968,45.072808,0
                21.459657,45.07163,0
                21.459338,45.070838,0
                21.458774,45.070317,0
                21.458506,45.068366,0
                21.457782,45.06654,0
                21.457268,45.064297,0
                21.456442,45.063969,0
                21.455644,45.063307,0
                21.452237,45.062428,0
                21.4517,45.061571,0
                21.451048,45.060962,0
                21.450142,45.059867,0
                21.447254,45.058081,0
                21.447078,45.056624,0
                21.446373,45.055141,0
                21.446454,45.053942,0
                21.447102,45.053041,0
                21.448457,45.052303,0
                21.449802,45.051827,0
                21.454645,45.043473,0
                21.456024,45.041114,0
                21.449973,45.039767,0
                21.430753,45.036126,0
                21.426087,45.035102,0
                21.42567,45.035277,0
                21.422737,45.033933,0
                21.422413,45.032649,0
                21.421638,45.032967,0
                21.420808,45.033734,0
                21.42028,45.034576,0
                21.419303,45.035515,0
                21.419392,45.036245,0
                21.41854,45.036669,0
                21.408588,45.036202,0
                21.40467,45.037533,0
                21.402935,45.035956,0
                21.401346,45.033947,0
                21.400296,45.033213,0
                21.399848,45.032215,0
                21.400432,45.030926,0
                21.399779,45.030544,0
                21.398914,45.031231,0
                21.398025,45.031574,0
                21.39677,45.03123,0
                21.396268,45.030451,0
                21.396535,45.030031,0
                21.39622,45.029165,0
                21.39505,45.029547,0
                21.39396,45.03024,0
                21.392777,45.02983,0
                21.393546,45.028266,0
                21.392002,45.027584,0
                21.39045,45.027168,0
                21.389238,45.027699,0
                21.389185,45.02879,0
                21.38694,45.028136,0
                21.381491,45.027464,0
                21.381566,45.026945,0
                21.382461,45.026563,0
                21.382214,45.026041,0
                21.380927,45.025845,0
                21.379815,45.026466,0
                21.379845,45.02764,0
                21.378874,45.027671,0
                21.378382,45.028139,0
                21.377626,45.028386,0
                21.376618,45.027694,0
                21.376297,45.027051,0
                21.375624,45.02761,0
                21.374527,45.028114,0
                21.373614,45.027887,0
                21.371735,45.026864,0
                21.371971,45.026097,0
                21.371425,45.025501,0
                21.369448,45.025794,0
                21.366326,45.025148,0
                21.364793,45.024301,0
                21.362727,45.022536,0
                21.361653,45.021035,0
                21.360057,45.021497,0
                21.359469,45.021088,0
                21.375397,45.006066,0
                21.377195,45.008102,0
                21.3835,45.003775,0
                21.381083,45.001858,0
                21.385957,45.000238,0
                21.385,44.999138,0
                21.40479,44.991417,0
                21.404069,44.989372,0
                21.413527,44.985686,0
                21.406282,44.977877,0
                21.410966,44.97456,0
                21.43817,44.960108,0
                21.445101,44.961851,0
                21.467225,44.958754,0
                21.471688,44.956718,0
                21.473644,44.955614,0
                21.49034,44.948715,0
                21.493022,44.948298,0
                21.501942,44.945366,0
                21.50594,44.943993,0
                21.518931,44.93774,0
                21.520569,44.938566,0
                21.521749,44.938894,0
                21.525802,44.938897,0
                21.52762,44.938768,0
                21.534697,44.936386,0
                21.546717,44.930618,0
                21.546392,44.928496,0
                21.551814,44.924652,0
                21.552772,44.923642,0
                21.552764,44.922478,0
                21.552369,44.921757,0
                21.550966,44.921033,0
                21.550657,44.919797,0
                21.550093,44.919387,0
                21.550302,44.918811,0
                21.550047,44.917957,0
                21.550453,44.917373,0
                21.550297,44.916687,0
                21.551912,44.915147,0
                21.553247,44.913626,0
                21.554564,44.911678,0
                21.55648,44.909257,0
                21.557612,44.908344,0
                21.557733,44.907647,0
                21.558497,44.906277,0
                21.558218,44.905234,0
                21.557586,44.904974,0
                21.557084,44.904394,0
                21.557207,44.903695,0
                21.557832,44.902904,0
                21.558165,44.901779,0
                21.55974,44.888833,0
                21.537011,44.883754,0
                21.531629,44.882097,0
                21.520888,44.881842,0
                21.509832,44.880039,0
                21.509075,44.879064,0
                21.506576,44.877175,0
                21.506006,44.876526,0
                21.505049,44.875817,0
                21.504016,44.875229,0
                21.502287,44.87449,0
                21.49923,44.872571,0
                21.495173,44.872688,0
                21.494624,44.872545,0
                21.493773,44.872102,0
                21.490987,44.872176,0
                21.488693,44.872423,0
                21.484475,44.870962,0
                21.483371,44.870032,0
                21.481391,44.869639,0
                21.477972,44.870126,0
                21.476579,44.870596,0
                21.475708,44.870678,0
                21.47378,44.870293,0
                21.46983,44.87087,0
                21.468936,44.870608,0
                21.465205,44.87105,0
                21.463635,44.870931,0
                21.461262,44.869095,0
                21.460274,44.868938,0
                21.459382,44.86932,0
                21.458715,44.871617,0
                21.457338,44.872241,0
                21.455509,44.872309,0
                21.454332,44.872768,0
                21.453487,44.873607,0
                21.451856,44.874616,0
                21.449708,44.874464,0
                21.447688,44.873346,0
                21.446759,44.873006,0
                21.445286,44.87358,0
                21.443695,44.87399,0
                21.442851,44.873508,0
                21.442855,44.871959,0
                21.441875,44.870929,0
                21.439979,44.870393,0
                21.438722,44.869447,0
                21.437207,44.868883,0
                21.435155,44.869197,0
                21.432959,44.869871,0
                21.432084,44.870179,0
                21.42981,44.869712,0
                21.426505,44.87146,0
                21.423013,44.872389,0
                21.421122,44.872043,0
                21.418358,44.870721,0
                21.416176,44.87049,0
                21.414236,44.87078,0
                21.41341,44.870224,0
                21.41247,44.869919,0
                21.412052,44.869571,0
                21.410552,44.869159,0
                21.409265,44.868963,0
                21.407897,44.868978,0
                21.407272,44.869127,0
                21.406258,44.868819,0
                21.406237,44.86813,0
                21.405956,44.8673,0
                21.405441,44.86701,0
                21.40428,44.867169,0
                21.402643,44.867308,0
                21.401829,44.867359,0
                21.399887,44.867826,0
                21.399159,44.867963,0
                21.398298,44.867783,0
                21.397638,44.867191,0
                21.39607,44.86726,0
                21.394518,44.867732,0
                21.392714,44.868323,0
                21.391363,44.869025,0
                21.389886,44.869372,0
                21.387561,44.869275,0
                21.38736,44.868154,0
                21.38672,44.866597,0
                21.385064,44.866166,0
                21.38345,44.865818,0
                21.379363,44.866788,0
                21.378038,44.86738,0
                21.373989,44.867107,0
                21.373164,44.866778,0
                21.371103,44.865804,0
                21.36929,44.867095,0
                21.367645,44.867043,0
                21.366974,44.866506,0
                21.36507,44.863808,0
                21.365379,44.86343,0
                21.364151,44.862746,0
                21.363719,44.860395,0
                21.363233,44.859123,0
                21.361738,44.857158,0
                21.360552,44.856329,0
                21.360157,44.855334,0
                21.360683,44.853203,0
                21.360302,44.851718,0
                21.357685,44.851248,0
                21.356573,44.849898,0
                21.358195,44.848966,0
                21.358714,44.848157,0
                21.358066,44.847318,0
                21.356998,44.846882,0
                21.356865,44.846335,0
                21.357223,44.845964,0
                21.357617,44.843927,0
                21.358485,44.843656,0
                21.360548,44.843306,0
                21.360914,44.842252,0
                21.360639,44.841207,0
                21.36006,44.840301,0
                21.358928,44.840123,0
                21.356858,44.840928,0
                21.354998,44.841532,0
                21.353258,44.84143,0
                21.352234,44.84081,0
                21.352399,44.839921,0
                21.352506,44.838834,0
                21.354665,44.837014,0
                21.355334,44.836035,0
                21.355943,44.835734,0
                21.358,44.836937,0
                21.35904,44.836614,0
                21.359008,44.835594,0
                21.357867,44.834582,0
                21.357546,44.833935,0
                21.355461,44.833069,0
                21.354739,44.832523,0
                21.355196,44.831972,0
                21.357425,44.831603,0
                21.359702,44.831921,0
                21.361797,44.831878,0
                21.362308,44.831107,0
                21.362877,44.82966,0
                21.362248,44.828745,0
                21.361362,44.828217,0
                21.359913,44.828454,0
                21.359111,44.828886,0
                21.357368,44.828138,0
                21.355666,44.827662,0
                21.354982,44.826742,0
                21.355999,44.824053,0
                21.357199,44.822873,0
                21.357631,44.822205,0
                21.357931,44.821635,0
                21.359074,44.820903,0
                21.366278,44.819023,0
                21.372453,44.81649,0
                21.378917,44.813275,0
                21.380423,44.811715,0
                21.381611,44.809926,0
                21.381925,44.808864,0
                21.385746,44.802126,0
                21.385539,44.801227,0
                21.386419,44.798945,0
                21.387519,44.793805,0
                21.388065,44.792886,0
                21.388073,44.79107,0
                21.388258,44.789879,0
                21.388418,44.78857,0
                21.38975,44.785319,0
                21.391133,44.78382,0
                21.391657,44.782556,0
                21.394853,44.779445,0
                21.397186,44.778215,0
                21.401525,44.777308,0
                21.406507,44.776176,0
                21.408394,44.775931,0
                21.414729,44.774511,0
                21.416171,44.774081,0
                21.43417,44.7746,0
                21.438839,44.775023,0
                21.442182,44.774903,0
                21.449373,44.775446,0
                21.452582,44.775878,0
                21.455493,44.775781,0
                21.469513,44.775946,0
                21.477995,44.775313,0
                21.487139,44.774613,0
                21.489912,44.774422,0
                21.496708,44.773737,0
                21.499319,44.773662,0
                21.503045,44.773284,0
                21.505721,44.77346,0
                21.514119,44.773653,0
                21.518467,44.773577,0
                21.521204,44.773533,0
                21.524442,44.773625,0
                21.534435,44.772766,0
                21.539845,44.771833,0
                21.551833,44.76996,0
                21.560401,44.768122,0
                21.568711,44.766024,0
                21.571514,44.764575,0
                21.578739,44.762535,0
                21.582169,44.762269,0
                21.585517,44.761236,0
                21.59036,44.758221,0
                21.593321,44.752825,0
                21.594558,44.751283,0
                21.59595,44.750163,0
                21.596301,44.749371,0
                21.598947,44.747038,0
                21.60031,44.744577,0
                21.602426,44.74216,0
                21.603641,44.740222,0
                21.607104,44.735825,0
                21.608746,44.733174,0
                21.610975,44.729462,0
                21.612315,44.72678,0
                21.613359,44.721558,0
                21.613337,44.720321,0
                21.614463,44.715868,0
                21.61438,44.713382,0
                21.613854,44.710246,0
                21.613263,44.707822,0
                21.611389,44.702507,0
                21.611316,44.700374,0
                21.611253,44.695093,0
                21.611844,44.689314,0
                21.612604,44.686599,0
                21.614753,44.680108,0
                21.618009,44.671697,0
                21.619744,44.667811,0
                21.622845,44.664538,0
                21.625499,44.662813,0
                21.628391,44.660547,0
                21.631235,44.65892,0
                21.635591,44.657211,0
                21.6404,44.656505,0
                21.645937,44.656483,0
                21.648618,44.656849,0
                21.656937,44.659071,0
                21.668136,44.662666,0
                21.675146,44.66435,0
                21.679906,44.664737,0
                21.686572,44.664661,0
                21.690817,44.664303,0
                21.695085,44.663212,0
                21.70033,44.661001,0
                21.703893,44.659048,0
                21.708425,44.6566,0
                21.720056,44.653366,0
                21.724914,44.653118,0
                21.729269,44.653227,0
                21.734318,44.653723,0
                21.741442,44.654696,0
                21.747105,44.656098,0
                21.74833,44.656549,0
                21.75947,44.659305,0
                21.765228,44.660189,0
                21.767677,44.660444,0
                21.775044,44.660407,0
                21.783215,44.659455,0
                21.792529,44.657996,0
                21.795279,44.657188,0
                21.799812,44.655836,0
                21.807778,44.653074,0
                21.8132,44.651563,0
                21.817098,44.65131,0
                21.820658,44.651585,0
                21.825462,44.652237,0
                21.830076,44.653472,0
                21.832814,44.654293,0
                21.836762,44.6545,0
                21.840375,44.654326,0
                21.846244,44.65408,0
                21.855571,44.652964,0
                21.864069,44.651515,0
                21.870438,44.650116,0
                21.881669,44.646566,0
                21.884559,44.645596,0
                21.890272,44.64442,0
                21.895025,44.644607,0
                21.899235,44.645059,0
                21.901532,44.64594,0
                21.905714,44.646741,0
                21.909723,44.647143,0
                21.914344,44.647062,0
                21.918527,44.646498,0
                21.924922,44.644908,0
                21.929345,44.643185,0
                21.932431,44.641391,0
                21.934013,44.640328,0
                21.937564,44.63859,0
                21.942688,44.636438,0
                21.947225,44.635689,0
                21.950888,44.634644,0
                21.954361,44.634374,0
                21.957653,44.634196,0
                21.960875,44.634369,0
                21.967024,44.63381,0
                21.970061,44.634056,0
                21.983472,44.634092,0
                21.985789,44.633986,0
                21.989996,44.633537,0
                21.992947,44.631841,0
                21.997109,44.629074,0
                22.000517,44.622919,0
                22.000972,44.621199,0
                22.000935,44.617708,0
                22.001478,44.616066,0
                22.002434,44.61147,0
                22.004013,44.608993,0
                22.007161,44.605907,0
                22.010751,44.603071,0
                22.015048,44.599941,0
                22.018301,44.597634,0
                22.0204,44.596856,0
                22.021909,44.59586,0
                22.023143,44.595134,0
                22.024834,44.59359,0
                22.026325,44.591757,0
                22.027109,44.589992,0
                22.028285,44.586955,0
                22.028362,44.585941,0
                22.027652,44.584189,0
                22.026199,44.581516,0
                22.026069,44.58025,0
                22.026635,44.576906,0
                22.026379,44.570976,0
                22.026689,44.569648,0
                22.026637,44.562418,0
                22.026915,44.560556,0
                22.029714,44.556983,0
                22.029907,44.555699,0
                22.030277,44.554568,0
                22.030578,44.553732,0
                22.031189,44.55316,0
                22.03125,44.550821,0
                22.031553,44.549309,0
                22.032595,44.547575,0
                22.034284,44.545803,0
                22.035887,44.544856,0
                22.036928,44.542212,0
                22.038515,44.540733,0
                22.042966,44.537813,0
                22.052384,44.535056,0
                22.055378,44.533652,0
                22.057213,44.532845,0
                22.062192,44.529946,0
                22.065527,44.528179,0
                22.067686,44.527044,0
                22.071181,44.524121,0
                22.07583,44.519209,0
                22.076874,44.517036,0
                22.077786,44.511723,0
                22.079082,44.508881,0
                22.083782,44.501963,0
                22.087509,44.49918,0
                22.094721,44.496276,0
                22.10566,44.490324,0
                22.10996,44.486175,0
                22.120603,44.479428,0
                22.125458,44.477497,0
                22.13236,44.476534,0
                22.149496,44.475247,0
                22.16026,44.474966,0
                22.162232,44.474704,0
                22.16531,44.474951,0
                22.170088,44.476117,0
                22.172375,44.477029,0
                22.177139,44.478485,0
                22.180127,44.480047,0
                22.18255,44.482657,0
                22.186223,44.48771,0
                22.188203,44.49158,0
                22.189976,44.495198,0
                22.190785,44.49931,0
                22.194874,44.507513,0
                22.195223,44.508576,0
                22.197624,44.511775,0
                22.198576,44.512493,0
                22.199129,44.51286,0
                22.201759,44.515062,0
                22.204011,44.517296,0
                22.205545,44.519172,0
                22.206474,44.520682,0
                22.20732,44.523017,0
                22.208707,44.524846,0
                22.210187,44.527899,0
                22.21074,44.530351,0
                22.211889,44.532759,0
                22.213203,44.535193,0
                22.21409,44.536889,0
                22.21566,44.538853,0
                22.217436,44.540613,0
                22.220531,44.544044,0
                22.225733,44.55048,0
                22.230326,44.556661,0
                22.233108,44.56123,0
                22.237196,44.566139,0
                22.24225,44.571008,0
                22.243066,44.572404,0
                22.245427,44.575103,0
                22.250249,44.581461,0
                22.254082,44.586025,0
                22.260394,44.591328,0
                22.262678,44.594132,0
                22.265045,44.598194,0
                22.271189,44.607866,0
                22.271437,44.609989,0
                22.273129,44.616098,0
                22.273436,44.617484,0
                22.273574,44.619816,0
                22.276029,44.62724,0
                22.277158,44.628356,0
                22.279054,44.628916,0
                22.282044,44.62911,0
                22.28527,44.6299,0
                22.28655,44.630351,0
                22.288976,44.632112,0
                22.29123,44.634747,0
                22.293753,44.636475,0
                22.298357,44.638528,0
                22.300923,44.640488,0
                22.302162,44.642526,0
                22.303158,44.644233,0
                22.303719,44.647656,0
                22.303635,44.651944,0
                22.30348,44.653714,0
                22.304096,44.655762,0
                22.305489,44.657364,0
                22.307741,44.659406,0
                22.314344,44.663707,0
                22.316438,44.665048,0
                22.323417,44.669037,0
                22.332088,44.674594,0
                22.335414,44.675901,0
                22.33726,44.675992,0
                22.339298,44.67586,0
                22.343781,44.675023,0
                22.346061,44.674466,0
                22.345911,44.67771,0
                22.345446,44.683481,0
                22.344954,44.690335,0
                22.344691,44.69411,0
                22.34453,44.696592,0
                22.344162,44.700795,0
                22.343828,44.705786,0
                22.343436,44.711822,0
                22.343208,44.714187,0
                22.34301,44.717029,0
                22.34268,44.720829,0
                22.342511,44.723806,0
                22.342359,44.726278,0
                22.342337,44.728402,0
                22.342165,44.732814,0
                22.342103,44.7359,0
                22.341884,44.741861,0
                22.341668,44.745952,0
                22.341444,44.750276,0
                22.340866,44.753083,0
                22.339898,44.757268,0
                22.338585,44.763178,0
                22.337515,44.767745,0
                22.336451,44.772224,0
                22.335469,44.776271,0
                22.334774,44.780979,0
                22.33411,44.78517,0
                22.333167,44.791629,0
                22.332556,44.796538,0
                22.331885,44.801738,0
                22.33114,44.807962,0
                22.330738,44.811026,0
                22.330382,44.814884,0
                22.329898,44.819816,0
                22.329321,44.82626,0
                22.328737,44.832681,0
                22.328052,44.840525,0
                22.32738,44.84795,0
                22.326735,44.854569,0
                22.325955,44.859965,0
                22.32505,44.865813,0
                22.3242,44.871269,0
                22.323456,44.876492,0
                22.32217,44.880995,0
                22.320677,44.886379,0
                22.319293,44.891313,0
                22.31767,44.897068,0
                22.315754,44.903859,0
                22.31436,44.908505,0
                22.312758,44.914121,0
                22.311335,44.919038,0
                22.310079,44.923815,0
                22.308547,44.929602,0
                22.306997,44.935576,0
                22.30549,44.941373,0
                22.304056,44.946407,0
                22.302019,44.953539,0
                22.299992,44.960916,0
                22.298291,44.965815,0
                22.296343,44.971424,0
                22.294193,44.977659,0
                22.292266,44.983076,0
                22.289958,44.98912,0
                22.287737,44.994409,0
                22.285185,45.000556,0
                22.281753,45.008781,0
                22.278989,45.014734,0
                22.276307,45.020625,0
                22.272525,45.02874,0
                22.269238,45.035583,0
                22.265632,45.042856,0
                22.262731,45.048698,0
                22.259453,45.055226,0
                22.255301,45.063415,0
                22.251516,45.070755,0
                22.247921,45.077894,0
                22.243586,45.086452,0
                22.240127,45.093244,0
                22.236768,45.099815,0
                22.233738,45.105823,0
                22.231392,45.110229,0
                22.227447,45.117768,0
                22.224622,45.123204,0
                22.223522,45.12527,0
                22.221337,45.128893,0
                22.21848,45.133728,0
                22.215745,45.138333,0
                22.21296,45.143102,0
                22.210402,45.147197,0
                22.20728,45.152174,0
                22.203491,45.158224,0
                22.200584,45.162932,0
                22.197208,45.168264,0
                22.194098,45.173097,0
                22.191075,45.177755,0
                22.187391,45.183472,0
                22.184328,45.188113,0
                22.18102,45.193158,0
                22.178074,45.197612,0
                22.176089,45.200658,0
                22.172592,45.205555,0
                22.168904,45.21064,0
                22.165905,45.214882,0
                22.164352,45.216998,0
                22.160697,45.221616,0
                22.156398,45.227167,0
                22.1521,45.231745,0
                22.149775,45.23427,0
                22.14517,45.238638,0
                22.140365,45.243214,0
                22.135564,45.247831,0
                22.130398,45.252733,0
                22.125823,45.257063,0
                22.121134,45.261665,0
                22.117683,45.265031,0
                22.112268,45.270411,0
                22.107231,45.275049,0
                22.103283,45.278705,0
                22.09848,45.283064,0
                22.094296,45.286803,0
                22.088365,45.292033,0
                22.083835,45.296042,0
                22.079662,45.299847,0
                22.074202,45.304722,0
                22.068566,45.3098,0
                22.061983,45.315739,0
                22.055187,45.321755,0
                22.048629,45.327638,0
                22.041484,45.33399,0
                22.032297,45.341172,0
                22.023851,45.347684,0
                22.018606,45.351775,0
                22.009165,45.35794,0
                21.998385,45.364998,0
                21.987618,45.372029,0
                21.975648,45.379668,0
                21.965463,45.386178,0
                21.955934,45.392598,0
                21.946263,45.399069,0
                21.942961,45.401202,0
                21.932895,45.407251,0
                21.921187,45.414362,0
                21.912758,45.419018,0
                21.901642,45.425187,0
                21.891328,45.430879,0
                21.878937,45.437746,0
                21.872877,45.441089,0
                21.86572,45.445075,0
                21.855735,45.450093,0
                21.844234,45.45597,0
                21.840131,45.458013,0
                21.82663,45.463952,0
                21.813661,45.469665,0
                21.799296,45.475978,0
                21.782064,45.483374,0
                21.770218,45.488456,0
                21.752953,45.496033,0
                21.74481,45.499623,0
                21.737071,45.502589,0
                21.724293,45.507392,0
                21.713064,45.511593,0
                21.698754,45.516919,0
                21.681135,45.522792,0
                21.665204,45.528023,0
                21.651548,45.532298,0
                21.633241,45.538001,0
                21.624109,45.540834,0
                21.60711,45.544723,0
                21.590899,45.548484,0
                21.582174,45.550436,0
                21.570328,45.552932,0
                21.554032,45.556339,0
                21.547904,45.557602,0
                21.540343,45.558996,0
                21.523533,45.562043,0
                21.507902,45.564854,0
                21.50312,45.565701,0
                21.490088,45.567544,0
                21.474673,45.569752,0
                21.468232,45.570648,0
                21.455336,45.571748,0
                21.438366,45.573202,0
                21.421973,45.573755,0
                21.400274,45.57452,0
                21.378457,45.574044,0
                21.371538,45.573915,0
                21.355636,45.572369,0
                21.345298,45.571374,0
                21.328987,45.568892,0
                21.308119,45.565714,0
                21.287918,45.56242,0
                21.275091,45.560351,0
                21.261413,45.556128,0
                21.246075,45.551376,0
                21.234194,45.545939,0
                21.226613,45.542466,0
                21.219165,45.538825,0
                21.207725,45.533144,0
                21.20002,45.529387,0
                21.19265,45.525033,0
                21.183357,45.519596,0
                21.175333,45.514835,0
                21.170793,45.512166,0
                21.163373,45.507416,0
                21.156229,45.502814,0
                21.150889,45.49939,0
                21.145778,45.49571,0
                21.138521,45.490477,0
                21.125553,45.481023,0
                21.11739,45.473619,0
                21.109642,45.46659,0
                21.102468,45.460078,0
                21.097977,45.45605,0
                21.091411,45.448265,0
                21.082812,45.438154,0
                21.073571,45.427282,0
                21.068035,45.420797,0
                21.062208,45.412608,0
                21.056215,45.40423,0
                21.052643,45.397985,0
                21.049406,45.392195,0
                21.046481,45.387051,0
                21.040993,45.377326,0
                21.038197,45.372382,0
                21.033831,45.363505,0
                21.030399,45.356457,0
                21.027707,45.351025,0
                21.023884,45.343188,0
                21.020294,45.335814,0
                21.015628,45.326288,0
                21.016299,45.324484,0
              </coordinates>
            </LinearRing>
          </outerBoundaryIs>
        </Polygon>
      </Placemark>
      <Placemark>
        <name>CR 1-1-4/2012</name>
        <description>qb = 0,6 kPa</description>
        <styleUrl>#poly-FFFF00-1000-76</styleUrl>
        <Polygon>
          <outerBoundaryIs>
            <LinearRing>
              <tessellate>1</tessellate>
              <coordinates>
                21.67616,46.986105,0
                21.675226,46.984985,0
                21.673606,46.983653,0
                21.673001,46.983256,0
                21.672728,46.982766,0
                21.672752,46.981708,0
                21.672297,46.98109,0
                21.670385,46.980087,0
                21.670641,46.97843,0
                21.67054,46.97807,0
                21.670621,46.977336,0
                21.670295,46.976005,0
                21.669535,46.974688,0
                21.668658,46.973032,0
                21.668411,46.972048,0
                21.668213,46.970996,0
                21.667971,46.97014,0
                21.671468,46.96954,0
                21.673349,46.969578,0
                21.676388,46.969267,0
                21.678247,46.96853,0
                21.67956,46.967781,0
                21.681947,46.966915,0
                21.681785,46.96599,0
                21.681493,46.964974,0
                21.67892,46.960645,0
                21.678856,46.960344,0
                21.675688,46.959022,0
                21.674846,46.956377,0
                21.674014,46.955398,0
                21.67374,46.954279,0
                21.673253,46.953755,0
                21.670226,46.953987,0
                21.664989,46.95488,0
                21.663653,46.954826,0
                21.662579,46.955191,0
                21.661222,46.95536,0
                21.660169,46.95585,0
                21.658079,46.955929,0
                21.658216,46.95522,0
                21.657691,46.954307,0
                21.656404,46.952499,0
                21.655536,46.952047,0
                21.655411,46.951475,0
                21.655851,46.949956,0
                21.654193,46.949052,0
                21.653224,46.948585,0
                21.651254,46.947684,0
                21.650257,46.946457,0
                21.650254,46.94556,0
                21.650312,46.943933,0
                21.648966,46.942852,0
                21.647771,46.942089,0
                21.640651,46.938805,0
                21.638344,46.932981,0
                21.606332,46.93245,0
                21.604037,46.932118,0
                21.59874,46.927393,0
                21.597838,46.922351,0
                21.597359,46.917959,0
                21.599405,46.916024,0
                21.599033,46.909187,0
                21.600103,46.909199,0
                21.599878,46.90872,0
                21.600162,46.906461,0
                21.601019,46.905181,0
                21.602653,46.903949,0
                21.607099,46.904316,0
                21.607408,46.902151,0
                21.610346,46.894395,0
                21.611513,46.892711,0
                21.611955,46.892782,0
                21.61383,46.888166,0
                21.614276,46.886456,0
                21.606208,46.885892,0
                21.6036,46.884896,0
                21.601139,46.878868,0
                21.603299,46.868723,0
                21.601382,46.86584,0
                21.599927,46.865401,0
                21.597669,46.864634,0
                21.597774,46.862676,0
                21.596883,46.861238,0
                21.595293,46.860527,0
                21.590209,46.860316,0
                21.58769,46.860477,0
                21.584663,46.859895,0
                21.58117,46.858392,0
                21.5809,46.857432,0
                21.577732,46.857218,0
                21.576342,46.857141,0
                21.573767,46.856459,0
                21.572834,46.856398,0
                21.571396,46.855678,0
                21.570241,46.855498,0
                21.569829,46.855511,0
                21.569644,46.855146,0
                21.569592,46.854486,0
                21.56941,46.854098,0
                21.569086,46.853869,0
                21.567207,46.853991,0
                21.561944,46.853773,0
                21.560502,46.853966,0
                21.557139,46.853681,0
                21.552573,46.850913,0
                21.54804,46.848734,0
                21.545865,46.848544,0
                21.544222,46.847852,0
                21.538963,46.847441,0
                21.537835,46.8474,0
                21.537757,46.844044,0
                21.537202,46.843152,0
                21.536128,46.841754,0
                21.534459,46.839466,0
                21.533852,46.839497,0
                21.532107,46.839032,0
                21.529495,46.83958,0
                21.525735,46.839442,0
                21.522977,46.838912,0
                21.522634,46.838308,0
                21.52157,46.837842,0
                21.520353,46.837315,0
                21.51922,46.835925,0
                21.519263,46.835007,0
                21.520302,46.833214,0
                21.519218,46.829678,0
                21.520521,46.827331,0
                21.518959,46.823657,0
                21.519101,46.820927,0
                21.521225,46.819879,0
                21.521433,46.817252,0
                21.521062,46.816925,0
                21.522345,46.814948,0
                21.522605,46.813826,0
                21.522213,46.813075,0
                21.521007,46.811843,0
                21.521776,46.811123,0
                21.522126,46.810303,0
                21.522111,46.809419,0
                21.522013,46.80888,0
                21.522317,46.808387,0
                21.521336,46.807074,0
                21.52028,46.80647,0
                21.519544,46.805515,0
                21.519282,46.804446,0
                21.519139,46.803477,0
                21.518411,46.801914,0
                21.51877,46.799822,0
                21.516667,46.797664,0
                21.516023,46.79743,0
                21.515571,46.796941,0
                21.513887,46.795442,0
                21.514531,46.794277,0
                21.515229,46.793755,0
                21.514349,46.792423,0
                21.511742,46.78995,0
                21.510541,46.787382,0
                21.510132,46.784674,0
                21.5093,46.783356,0
                21.507871,46.782424,0
                21.497293,46.777155,0
                21.4934,46.775006,0
                21.490178,46.775721,0
                21.484037,46.764776,0
                21.483296,46.76469,0
                21.485169,46.760057,0
                21.484885,46.758445,0
                21.493188,46.757471,0
                21.494072,46.756844,0
                21.494507,46.756756,0
                21.511714,46.745019,0
                21.526678,46.739119,0
                21.528068,46.737245,0
                21.528002,46.735174,0
                21.528168,46.73481,0
                21.528148,46.734124,0
                21.528794,46.733443,0
                21.528588,46.732816,0
                21.529141,46.731833,0
                21.529082,46.730949,0
                21.529638,46.729313,0
                21.529937,46.728255,0
                21.53047,46.727218,0
                21.53032,46.725255,0
                21.530493,46.724033,0
                21.529547,46.721727,0
                21.529436,46.72073,0
                21.526806,46.718782,0
                21.52398,46.716585,0
                21.519773,46.713788,0
                21.51715,46.71299,0
                21.515882,46.712109,0
                21.514507,46.711919,0
                21.513013,46.711753,0
                21.511541,46.711838,0
                21.511229,46.71166,0
                21.511295,46.711329,0
                21.51188,46.710578,0
                21.511917,46.709543,0
                21.511656,46.708241,0
                21.512409,46.707762,0
                21.509598,46.706313,0
                21.507575,46.7048,0
                21.507885,46.703396,0
                21.509146,46.70127,0
                21.508802,46.700909,0
                21.508171,46.70078,0
                21.507287,46.700188,0
                21.507583,46.698072,0
                21.505873,46.69731,0
                21.505022,46.697222,0
                21.503257,46.696878,0
                21.502556,46.696991,0
                21.500548,46.695812,0
                21.498624,46.694109,0
                21.498256,46.693881,0
                21.496851,46.691157,0
                21.496175,46.689307,0
                21.495382,46.687691,0
                21.49426,46.686745,0
                21.493687,46.686833,0
                21.492995,46.686507,0
                21.492173,46.685934,0
                21.491585,46.685804,0
                21.490304,46.685757,0
                21.48972,46.685925,0
                21.489373,46.686129,0
                21.489015,46.686715,0
                21.487812,46.687826,0
                21.486536,46.688781,0
                21.484955,46.690564,0
                21.483629,46.691872,0
                21.48235,46.692029,0
                21.480906,46.691944,0
                21.479866,46.691965,0
                21.479113,46.692257,0
                21.478428,46.692613,0
                21.477861,46.693004,0
                21.477602,46.694091,0
                21.477029,46.69422,0
                21.476079,46.694067,0
                21.475246,46.694096,0
                21.47407,46.694443,0
                21.473592,46.694968,0
                21.473066,46.695527,0
                21.47242,46.695593,0
                21.471471,46.695313,0
                21.470822,46.695045,0
                21.470101,46.694685,0
                21.469797,46.694735,0
                21.469636,46.695001,0
                21.469667,46.695459,0
                21.451124,46.68856,0
                21.434354,46.695581,0
                21.432261,46.694713,0
                21.431634,46.694564,0
                21.429901,46.693777,0
                21.430179,46.693411,0
                21.43004,46.692638,0
                21.429507,46.691648,0
                21.427512,46.689123,0
                21.427997,46.688522,0
                21.428328,46.688062,0
                21.428713,46.687519,0
                21.428689,46.686934,0
                21.428478,46.686259,0
                21.428514,46.6858,0
                21.429002,46.685334,0
                21.429377,46.684836,0
                21.429713,46.684311,0
                21.430246,46.683547,0
                21.431035,46.682937,0
                21.431714,46.681971,0
                21.431394,46.68144,0
                21.430745,46.680954,0
                21.430331,46.680514,0
                21.430273,46.680062,0
                21.430524,46.67943,0
                21.431236,46.677777,0
                21.433873,46.67596,0
                21.434657,46.675405,0
                21.435643,46.674188,0
                21.436267,46.673057,0
                21.43798,46.67031,0
                21.438692,46.669632,0
                21.439255,46.669428,0
                21.44048,46.669139,0
                21.441071,46.668661,0
                21.441669,46.668076,0
                21.441774,46.667232,0
                21.441775,46.666905,0
                21.442171,46.666622,0
                21.443214,46.666284,0
                21.444271,46.666135,0
                21.445455,46.665911,0
                21.446936,46.665886,0
                21.448495,46.66632,0
                21.449976,46.666833,0
                21.453077,46.666545,0
                21.455695,46.666992,0
                21.454755,46.660571,0
                21.451713,46.659456,0
                21.449127,46.657826,0
                21.44165,46.651463,0
                21.43242,46.64809,0
                21.421817,46.646464,0
                21.416423,46.642476,0
                21.415726,46.639096,0
                21.414685,46.636438,0
                21.41413,46.635716,0
                21.413887,46.634529,0
                21.411742,46.625234,0
                21.411143,46.624061,0
                21.410227,46.622597,0
                21.409958,46.621841,0
                21.381387,46.628323,0
                21.380885,46.628616,0
                21.38047,46.629112,0
                21.378727,46.632863,0
                21.365625,46.637799,0
                21.353156,46.630245,0
                21.352676,46.630534,0
                21.35106,46.630725,0
                21.350449,46.630702,0
                21.348616,46.630941,0
                21.347832,46.631278,0
                21.339145,46.630128,0
                21.335921,46.629445,0
                21.334931,46.628935,0
                21.329994,46.631504,0
                21.324761,46.628065,0
                21.314057,46.617538,0
                21.313776,46.615406,0
                21.310012,46.607497,0
                21.308656,46.605837,0
                21.306859,46.60175,0
                21.306846,46.598806,0
                21.303286,46.594853,0
                21.301142,46.590707,0
                21.307104,46.586402,0
                21.308431,46.587422,0
                21.314023,46.584034,0
                21.314831,46.584663,0
                21.316108,46.585579,0
                21.320867,46.582784,0
                21.316023,46.577354,0
                21.314322,46.574889,0
                21.307586,46.56778,0
                21.30488,46.566069,0
                21.303327,46.564327,0
                21.304936,46.56057,0
                21.297426,46.553388,0
                21.293591,46.55222,0
                21.291671,46.547118,0
                21.289624,46.544252,0
                21.28508,46.544565,0
                21.280379,46.544931,0
                21.274167,46.540684,0
                21.276201,46.534997,0
                21.260322,46.501863,0
                21.262603,46.497391,0
                21.270018,46.486687,0
                21.272845,46.483288,0
                21.274268,46.476474,0
                21.284062,46.477238,0
                21.29203,46.476208,0
                21.296267,46.476082,0
                21.306978,46.462921,0
                21.317745,46.450605,0
                21.315981,46.450566,0
                21.313273,46.449597,0
                21.312683,46.447219,0
                21.311852,46.440305,0
                21.303426,46.432082,0
                21.303092,46.431471,0
                21.296343,46.423327,0
                21.293543,46.417421,0
                21.289764,46.415111,0
                21.289398,46.413687,0
                21.296266,46.40658,0
                21.283172,46.403189,0
                21.2754,46.406678,0
                21.258657,46.408594,0
                21.247631,46.410526,0
                21.240119,46.410293,0
                21.225376,46.413557,0
                21.22237,46.411953,0
                21.221726,46.411988,0
                21.221042,46.411667,0
                21.219048,46.411059,0
                21.216359,46.401786,0
                21.206255,46.403176,0
                21.200796,46.384757,0
                21.196662,46.370709,0
                21.197624,46.369618,0
                21.199551,46.347865,0
                21.19035,46.339411,0
                21.190338,46.339158,0
                21.176188,46.335576,0
                21.177746,46.332427,0
                21.182361,46.331754,0
                21.195401,46.329833,0
                21.211398,46.327525,0
                21.230899,46.324706,0
                21.250108,46.322157,0
                21.253704,46.32172,0
                21.267013,46.320259,0
                21.277159,46.31913,0
                21.28964,46.318247,0
                21.305796,46.317058,0
                21.334625,46.315828,0
                21.346236,46.316116,0
                21.365624,46.316656,0
                21.389789,46.318381,0
                21.417406,46.323187,0
                21.443918,46.328402,0
                21.470185,46.336633,0
                21.494696,46.346274,0
                21.512943,46.354396,0
                21.526738,46.360832,0
                21.556575,46.374817,0
                21.577283,46.384244,0
                21.598251,46.393319,0
                21.620477,46.402754,0
                21.643405,46.412568,0
                21.662085,46.420758,0
                21.680836,46.430906,0
                21.698505,46.442103,0
                21.7169,46.455051,0
                21.731893,46.465702,0
                21.734999,46.467709,0
                21.752237,46.479112,0
                21.766273,46.488097,0
                21.773845,46.492901,0
                21.788046,46.500886,0
                21.792098,46.503098,0
                21.807642,46.511217,0
                21.823552,46.519489,0
                21.840243,46.528418,0
                21.850105,46.533567,0
                21.867776,46.542387,0
                21.886331,46.551472,0
                21.897,46.556573,0
                21.914241,46.564065,0
                21.93633,46.573485,0
                21.958541,46.581352,0
                21.976002,46.587356,0
                22.000221,46.595464,0
                22.021572,46.601595,0
                22.042353,46.605809,0
                22.057417,46.608868,0
                22.074933,46.612337,0
                22.09399,46.616299,0
                22.106932,46.619003,0
                22.12211,46.622522,0
                22.140605,46.626642,0
                22.155536,46.629825,0
                22.166384,46.632398,0
                22.179279,46.635509,0
                22.191141,46.638309,0
                22.210663,46.642691,0
                22.233195,46.648996,0
                22.252242,46.655809,0
                22.27379,46.664934,0
                22.297916,46.677732,0
                22.317586,46.691084,0
                22.332122,46.701411,0
                22.33912,46.706366,0
                22.358389,46.720589,0
                22.374815,46.735618,0
                22.384105,46.745593,0
                22.394875,46.760633,0
                22.397707,46.76477,0
                22.400685,46.769293,0
                22.403389,46.773698,0
                22.406213,46.778352,0
                22.407615,46.780528,0
                22.410411,46.786687,0
                22.412468,46.79134,0
                22.415257,46.803429,0
                22.415754,46.811877,0
                22.416099,46.81962,0
                22.416125,46.824498,0
                22.416045,46.832038,0
                22.415407,46.839983,0
                22.415171,46.842926,0
                22.414263,46.849617,0
                22.413137,46.856758,0
                22.412131,46.864072,0
                22.409237,46.877969,0
                22.407051,46.888012,0
                22.406203,46.891318,0
                22.404491,46.896614,0
                22.402992,46.901201,0
                22.39894,46.908359,0
                22.39265,46.915277,0
                22.385748,46.921605,0
                22.369474,46.933387,0
                22.359874,46.940852,0
                22.350742,46.94588,0
                22.342028,46.949668,0
                22.326542,46.954884,0
                22.309623,46.959894,0
                22.290494,46.965431,0
                22.276848,46.969522,0
                22.263061,46.97376,0
                22.251117,46.976072,0
                22.233836,46.977803,0
                22.219244,46.978874,0
                22.204987,46.979807,0
                22.183621,46.980975,0
                22.166055,46.981629,0
                22.148725,46.982552,0
                22.139765,46.983076,0
                22.125508,46.98367,0
                22.113627,46.984094,0
                22.10754,46.984318,0
                22.094068,46.985141,0
                22.077137,46.986298,0
                22.056737,46.987565,0
                22.042864,46.988443,0
                22.029049,46.989237,0
                22.013066,46.990021,0
                22.001965,46.990598,0
                21.994863,46.99122,0
                21.984364,46.992089,0
                21.973747,46.993066,0
                21.964576,46.993738,0
                21.951608,46.994763,0
                21.940238,46.995653,0
                21.924965,46.996925,0
                21.914624,46.997776,0
                21.900732,46.998964,0
                21.891112,46.999845,0
                21.87886,47.001141,0
                21.872546,47.001804,0
                21.857143,47.00293,0
                21.843108,47.003036,0
                21.825318,47.002785,0
                21.796543,47.001458,0
                21.771818,46.998983,0
                21.750614,46.996838,0
                21.729633,46.994739,0
                21.71273,46.993151,0
                21.698402,46.991921,0
                21.686886,46.991008,0
                21.677196,46.989776,0
                21.677632,46.989105,0
                21.677085,46.988023,0
                21.67616,46.986105,0
              </coordinates>
            </LinearRing>
          </outerBoundaryIs>
        </Polygon>
      </Placemark>
      <Placemark>
        <name>CR 1-1-4/2012</name>
        <description>qb = 0,5 kPa</description>
        <styleUrl>#poly-00FF00-1000-76</styleUrl>
        <Polygon>
          <outerBoundaryIs>
            <LinearRing>
              <tessellate>1</tessellate>
              <coordinates>
                27.843853,43.966216,0
                27.916753,44.008442,0
                27.944438,43.984029,0
                27.946379,43.97671,0
                27.946777,43.972164,0
                27.95386,43.940579,0
                27.977337,43.898161,0
                27.994725,43.842073,0
                27.99764,43.841205,0
                28.000311,43.841548,0
                28.016956,43.836583,0
                28.103735,43.80193,0
                28.126635,43.793587,0
                28.236428,43.758246,0
                28.241208,43.758297,0
                28.276967,43.756176,0
                28.342069,43.752534,0
                28.348908,43.752295,0
                28.35795,43.750345,0
                28.442661,43.734119,0
                28.44707,43.733671,0
                28.578712,43.738979,0
                28.579365,43.742325,0
                28.57971,43.744319,0
                28.578055,43.749053,0
                28.575522,43.753225,0
                28.57477,43.757026,0
                28.576377,43.75901,0
                28.57608,43.762027,0
                28.577342,43.764241,0
                28.579166,43.767322,0
                28.580273,43.772301,0
                28.581158,43.775129,0
                28.5816,43.779867,0
                28.581076,43.783841,0
                28.581272,43.789485,0
                28.587486,43.810733,0
                28.589607,43.819992,0
                28.590798,43.830911,0
                28.593426,43.841984,0
                28.597492,43.842315,0
                28.601083,43.844318,0
                28.59998,43.846737,0
                28.602446,43.848672,0
                28.606495,43.850322,0
                28.60818,43.853388,0
                28.606855,43.870021,0
                28.606137,43.877577,0
                28.607289,43.88262,0
                28.61069,43.886013,0
                28.612904,43.892502,0
                28.614116,43.896444,0
                28.61603,43.900093,0
                28.618638,43.902189,0
                28.622504,43.907906,0
                28.624917,43.910301,0
                28.628935,43.912292,0
                28.632052,43.916986,0
                28.636032,43.923941,0
                28.634492,43.929142,0
                28.633992,43.935816,0
                28.638497,43.940533,0
                28.638528,43.940742,0
                28.63806,43.944604,0
                28.637866,43.950464,0
                28.64058,43.955586,0
                28.644858,43.959678,0
                28.648243,43.96264,0
                28.654721,43.968027,0
                28.655824,43.971678,0
                28.655475,43.973186,0
                28.658555,43.979304,0
                28.666517,43.985255,0
                28.667177,43.98657,0
                28.667345,43.990255,0
                28.663569,43.995551,0
                28.66189,44.002247,0
                28.664163,44.008296,0
                28.661111,44.014981,0
                28.659648,44.020993,0
                28.656368,44.025014,0
                28.657762,44.027595,0
                28.654054,44.029996,0
                28.641948,44.059113,0
                28.638684,44.0698,0
                28.638438,44.077386,0
                28.644266,44.084456,0
                28.669272,44.088704,0
                28.658246,44.161317,0
                28.660042,44.16963,0
                28.660276,44.169719,0
                28.660568,44.1697,0
                28.663723,44.170536,0
                28.665499,44.172285,0
                28.66343,44.174759,0
                28.660078,44.176529,0
                28.658612,44.178518,0
                28.656623,44.1796,0
                28.656375,44.18185,0
                28.655507,44.184167,0
                28.655621,44.187646,0
                28.65558,44.190729,0
                28.655042,44.193926,0
                28.655538,44.196585,0
                28.656295,44.198342,0
                28.658201,44.200108,0
                28.657334,44.201569,0
                28.654079,44.201769,0
                28.650977,44.208734,0
                28.652371,44.210578,0
                28.645842,44.21541,0
                28.644579,44.216705,0
                28.645426,44.21803,0
                28.644477,44.218935,0
                28.640565,44.217865,0
                28.631281,44.2258,0
                28.622287,44.25201,0
                28.622271,44.278873,0
                28.622898,44.286982,0
                28.626682,44.299277,0
                28.637856,44.324505,0
                28.637017,44.327362,0
                28.637096,44.328215,0
                28.638723,44.328776,0
                28.640781,44.328525,0
                28.649832,44.32953,0
                28.650638,44.327897,0
                28.659173,44.328864,0
                28.66018,44.331555,0
                28.661285,44.333345,0
                28.661533,44.33663,0
                28.66592,44.341185,0
                28.680143,44.339516,0
                28.681956,44.342726,0
                28.685753,44.342431,0
                28.685598,44.336765,0
                28.6889,44.33668,0
                28.689246,44.340244,0
                28.690163,44.341761,0
                28.691298,44.343373,0
                28.692083,44.344447,0
                28.693133,44.345293,0
                28.694318,44.345747,0
                28.695072,44.34615,0
                28.694172,44.350294,0
                28.694851,44.351791,0
                28.69662,44.355628,0
                28.697278,44.357098,0
                28.698611,44.359466,0
                28.700305,44.362042,0
                28.701289,44.364561,0
                28.701923,44.36476,0
                28.702986,44.365138,0
                28.703659,44.365757,0
                28.704038,44.366753,0
                28.703949,44.367527,0
                28.704022,44.368284,0
                28.705424,44.370099,0
                28.707612,44.373638,0
                28.712904,44.379086,0
                28.714487,44.380989,0
                28.716292,44.382549,0
                28.717706,44.383157,0
                28.719019,44.383428,0
                28.720122,44.383611,0
                28.720503,44.383953,0
                28.729853,44.394665,0
                28.733653,44.398492,0
                28.741457,44.406393,0
                28.756274,44.421166,0
                28.766937,44.429255,0
                28.7688,44.430116,0
                28.781461,44.442516,0
                28.775476,44.455755,0
                28.77015,44.467244,0
                28.764395,44.479326,0
                28.759867,44.489039,0
                28.756152,44.496812,0
                28.752563,44.505628,0
                28.748139,44.515937,0
                28.744876,44.523911,0
                28.739803,44.535891,0
                28.737558,44.541586,0
                28.7331,44.553825,0
                28.72854,44.565991,0
                28.724886,44.575915,0
                28.723429,44.579948,0
                28.718813,44.593625,0
                28.715027,44.604357,0
                28.71303,44.610132,0
                28.710382,44.618271,0
                28.707251,44.628472,0
                28.704272,44.638091,0
                28.701207,44.647883,0
                28.697867,44.658323,0
                28.695085,44.667129,0
                28.69445,44.668965,0
                28.691954,44.675875,0
                28.689158,44.683604,0
                28.687832,44.687393,0
                28.684407,44.69584,0
                28.680317,44.706162,0
                28.676887,44.7146,0
                28.673662,44.722196,0
                28.669945,44.730717,0
                28.666431,44.738716,0
                28.662835,44.746576,0
                28.659072,44.754612,0
                28.653572,44.766212,0
                28.651427,44.770521,0
                28.646156,44.780446,0
                28.639554,44.79268,0
                28.635045,44.80119,0
                28.631125,44.80853,0
                28.626691,44.81625,0
                28.620967,44.826145,0
                28.616691,44.833676,0
                28.613898,44.838262,0
                28.609201,44.84703,0
                28.605086,44.854593,0
                28.60057,44.862813,0
                28.595564,44.872133,0
                28.589611,44.883519,0
                28.584439,44.893357,0
                28.579571,44.90273,0
                28.575452,44.911032,0
                28.570572,44.920841,0
                28.565472,44.931401,0
                28.560867,44.940487,0
                28.559161,44.943761,0
                28.553347,44.954508,0
                28.550628,44.959654,0
                28.541492,44.971674,0
                28.532238,44.981617,0
                28.519179,44.993521,0
                28.510096,45.001341,0
                28.500015,45.007602,0
                28.489107,45.010972,0
                28.477675,45.012552,0
                28.458149,45.01332,0
                28.4425,45.013378,0
                28.426109,45.012031,0
                28.411215,45.008941,0
                28.399504,45.004932,0
                28.388375,44.998878,0
                28.37665,44.990118,0
                28.362017,44.97674,0
                28.350582,44.964754,0
                28.339539,44.949091,0
                28.330032,44.933226,0
                28.320686,44.916625,0
                28.313462,44.903871,0
                28.30657,44.890755,0
                28.299747,44.877991,0
                28.291785,44.864146,0
                28.283829,44.850358,0
                28.274922,44.834793,0
                28.268375,44.823158,0
                28.262418,44.812476,0
                28.258071,44.803095,0
                28.255082,44.796687,0
                28.2505,44.786337,0
                28.245452,44.774725,0
                28.238677,44.758807,0
                28.23086,44.743559,0
                28.224178,44.731317,0
                28.216765,44.717934,0
                28.207792,44.702166,0
                28.200569,44.690211,0
                28.190454,44.674093,0
                28.182395,44.661813,0
                28.180718,44.659084,0
                28.17402,44.647566,0
                28.164527,44.630572,0
                28.156413,44.616209,0
                28.149336,44.603837,0
                28.139685,44.587183,0
                28.133255,44.576016,0
                28.125058,44.561522,0
                28.120841,44.554244,0
                28.112514,44.540227,0
                28.106489,44.529992,0
                28.099232,44.517641,0
                28.092561,44.506478,0
                28.08715,44.497396,0
                28.074041,44.475447,0
                28.063017,44.456814,0
                28.054687,44.442992,0
                28.045008,44.426735,0
                28.036976,44.413164,0
                28.029199,44.40014,0
                28.02198,44.387952,0
                28.015299,44.376689,0
                28.01141,44.369667,0
                28.007408,44.362297,0
                28.001843,44.349294,0
                27.990875,44.32368,0
                27.986542,44.313228,0
                27.980441,44.297804,0
                27.975984,44.288348,0
                27.970767,44.279358,0
                27.964749,44.270308,0
                27.960125,44.262791,0
                27.955903,44.253852,0
                27.951773,44.245223,0
                27.946562,44.234581,0
                27.941982,44.224958,0
                27.938017,44.216314,0
                27.934308,44.208346,0
                27.927664,44.193692,0
                27.92236,44.18194,0
                27.917691,44.171238,0
                27.912399,44.159443,0
                27.906858,44.147352,0
                27.900566,44.134211,0
                27.894658,44.121875,0
                27.89148,44.115104,0
                27.885508,44.104255,0
                27.87838,44.090969,0
                27.874426,44.083317,0
                27.867973,44.071479,0
                27.863122,44.062521,0
                27.854588,44.048156,0
                27.849563,44.039873,0
                27.844924,44.032142,0
                27.839067,44.021893,0
                27.831762,44.008764,0
                27.827559,44.000514,0
                27.822132,43.988672,0
                27.819572,43.983043,0
                27.81393,43.969808,0
                27.811311,43.963204,0
                27.843853,43.966216,0
              </coordinates>
            </LinearRing>
          </outerBoundaryIs>
        </Polygon>
      </Placemark>
      <Placemark>
        <name>CR 1-1-4/2012</name>
        <description>qb = 0,7 kPa</description>
        <styleUrl>#poly-FFAA00-1000-89</styleUrl>
        <Polygon>
          <outerBoundaryIs>
            <LinearRing>
              <tessellate>1</tessellate>
              <coordinates>
                25.276172,43.666291,0
                25.278834,43.664291,0
                25.288201,43.656611,0
                25.300032,43.652024,0
                25.306321,43.650509,0
                25.314498,43.64797,0
                25.321773,43.64451,0
                25.341793,43.631299,0
                25.347752,43.6286,0
                25.365646,43.623435,0
                25.370899,43.622573,0
                25.386798,43.619091,0
                25.392297,43.618646,0
                25.399195,43.618792,0
                25.40164,43.618942,0
                25.418584,43.621672,0
                25.43232,43.624751,0
                25.450607,43.629356,0
                25.455164,43.631227,0
                25.458994,43.633095,0
                25.466612,43.637115,0
                25.490377,43.643804,0
                25.495658,43.644247,0
                25.498349,43.644241,0
                25.503364,43.645981,0
                25.510996,43.646602,0
                25.521343,43.64628,0
                25.526435,43.645269,0
                25.536892,43.643682,0
                25.549721,43.643207,0
                25.563679,43.645016,0
                25.56841,43.647154,0
                25.577061,43.650338,0
                25.586887,43.656177,0
                25.594683,43.65981,0
                25.61034,43.667291,0
                25.617281,43.670259,0
                25.620473,43.671004,0
                25.621433,43.671576,0
                25.629337,43.673585,0
                25.631026,43.681492,0
                25.633106,43.691544,0
                25.635186,43.701307,0
                25.637159,43.710334,0
                25.638807,43.718607,0
                25.640778,43.727682,0
                25.642138,43.733969,0
                25.64387,43.741728,0
                25.645474,43.749079,0
                25.647688,43.758859,0
                25.649682,43.767808,0
                25.651639,43.776268,0
                25.653923,43.786149,0
                25.655801,43.794315,0
                25.657446,43.802079,0
                25.659719,43.812705,0
                25.661556,43.82272,0
                25.663382,43.833183,0
                25.664506,43.839376,0
                25.664864,43.842529,0
                25.666405,43.85325,0
                25.666968,43.857361,0
                25.667473,43.861925,0
                25.667909,43.866376,0
                25.668874,43.8766,0
                25.669414,43.883511,0
                25.669844,43.892267,0
                25.670318,43.900624,0
                25.669813,43.907637,0
                25.669176,43.915729,0
                25.667059,43.928262,0
                25.666157,43.933459,0
                25.664457,43.941605,0
                25.662403,43.951095,0
                25.660082,43.961275,0
                25.65813,43.969525,0
                25.656238,43.977226,0
                25.655259,43.981256,0
                25.653715,43.986063,0
                25.651131,43.994287,0
                25.648397,44.002479,0
                25.647748,44.004179,0
                25.642701,44.016854,0
                25.638799,44.026523,0
                25.633983,44.037573,0
                25.629349,44.048002,0
                25.625516,44.056301,0
                25.621553,44.06493,0
                25.618086,44.072363,0
                25.614655,44.078668,0
                25.609962,44.087724,0
                25.607091,44.092766,0
                25.603072,44.099678,0
                25.598069,44.108414,0
                25.593335,44.113448,0
                25.58569,44.121513,0
                25.582223,44.124268,0
                25.571654,44.133109,0
                25.563654,44.139847,0
                25.560184,44.142802,0
                25.555159,44.146397,0
                25.546346,44.152673,0
                25.536352,44.159898,0
                25.529117,44.163673,0
                25.517441,44.169681,0
                25.505169,44.175163,0
                25.492733,44.180539,0
                25.481402,44.185412,0
                25.465983,44.191807,0
                25.447505,44.198912,0
                25.434494,44.20404,0
                25.415841,44.211456,0
                25.392627,44.216646,0
                25.381145,44.217811,0
                25.370656,44.218874,0
                25.353579,44.220541,0
                25.344379,44.221421,0
                25.325645,44.222448,0
                25.315423,44.223001,0
                25.313849,44.223028,0
                25.295745,44.222961,0
                25.281407,44.222575,0
                25.267614,44.221796,0
                25.259229,44.221341,0
                25.256678,44.221139,0
                25.241029,44.219811,0
                25.220938,44.217999,0
                25.205172,44.216341,0
                25.190414,44.214879,0
                25.174263,44.211849,0
                25.164775,44.210061,0
                25.154888,44.208039,0
                25.137131,44.204485,0
                25.116715,44.200746,0
                25.089418,44.195747,0
                25.070958,44.192417,0
                25.049085,44.188425,0
                25.037771,44.186353,0
                25.023694,44.183865,0
                25.003022,44.180372,0
                24.990332,44.178242,0
                24.980455,44.176831,0
                24.961789,44.174243,0
                24.950267,44.172663,0
                24.948441,44.172464,0
                24.931201,44.170939,0
                24.919177,44.170444,0
                24.899975,44.169774,0
                24.875761,44.169678,0
                24.857908,44.171103,0
                24.837769,44.173882,0
                24.823717,44.178108,0
                24.810138,44.184528,0
                24.792366,44.194159,0
                24.781686,44.199884,0
                24.76249,44.21033,0
                24.748781,44.217898,0
                24.736926,44.224655,0
                24.725052,44.231352,0
                24.712531,44.238269,0
                24.697473,44.246663,0
                24.684839,44.253961,0
                24.669709,44.262718,0
                24.655852,44.272426,0
                24.643472,44.281805,0
                24.635827,44.288275,0
                24.631017,44.292343,0
                24.627357,44.295037,0
                24.619633,44.300701,0
                24.604937,44.308978,0
                24.591329,44.316857,0
                24.578691,44.324196,0
                24.567152,44.331093,0
                24.552102,44.340234,0
                24.544679,44.343933,0
                24.528755,44.351891,0
                24.513794,44.359342,0
                24.500485,44.364996,0
                24.481142,44.373192,0
                24.465567,44.380002,0
                24.450283,44.386155,0
                24.438486,44.390854,0
                24.422724,44.397118,0
                24.41018,44.400847,0
                24.389513,44.406835,0
                24.378926,44.407928,0
                24.368001,44.40909,0
                24.367112,44.409086,0
                24.360774,44.409191,0
                24.346153,44.409494,0
                24.330502,44.409773,0
                24.315709,44.409951,0
                24.292321,44.409168,0
                24.26355,44.408249,0
                24.244304,44.404872,0
                24.216172,44.396992,0
                24.199119,44.390457,0
                24.189726,44.385494,0
                24.188288,44.3844,0
                24.179846,44.377581,0
                24.168084,44.366625,0
                24.159424,44.3588,0
                24.153373,44.352238,0
                24.144702,44.343012,0
                24.135238,44.333285,0
                24.128306,44.325137,0
                24.120541,44.315482,0
                24.114033,44.307096,0
                24.107497,44.295184,0
                24.103961,44.288945,0
                24.097778,44.273626,0
                24.093797,44.264164,0
                24.08943,44.252703,0
                24.086939,44.24058,0
                24.08693,44.230113,0
                24.087771,44.215033,0
                24.088523,44.204052,0
                24.089697,44.189412,0
                24.091941,44.176656,0
                24.093073,44.170117,0
                24.094445,44.165348,0
                24.098083,44.152206,0
                24.103137,44.135682,0
                24.110269,44.118406,0
                24.118648,44.103189,0
                24.123161,44.095901,0
                24.129587,44.085588,0
                24.132621,44.081101,0
                24.142498,44.066299,0
                24.15271,44.052409,0
                24.161715,44.043881,0
                24.171264,44.037906,0
                24.185785,44.029291,0
                24.201235,44.021565,0
                24.214163,44.015615,0
                24.231741,44.007765,0
                24.242027,44.004188,0
                24.257596,43.998851,0
                24.276559,43.99266,0
                24.289217,43.989858,0
                24.306405,43.98713,0
                24.325292,43.985924,0
                24.329198,43.98585,0
                24.342208,43.985733,0
                24.350991,43.985669,0
                24.357534,43.985743,0
                24.365737,43.985783,0
                24.375587,43.985945,0
                24.38575,43.986466,0
                24.39733,43.987052,0
                24.408035,43.987479,0
                24.416996,43.987848,0
                24.425449,43.988087,0
                24.437381,43.988343,0
                24.448579,43.988373,0
                24.463893,43.988538,0
                24.47032,43.988476,0
                24.491716,43.988128,0
                24.518514,43.987656,0
                24.540379,43.98735,0
                24.561067,43.98719,0
                24.581402,43.987206,0
                24.599788,43.985709,0
                24.617261,43.983176,0
                24.635068,43.978391,0
                24.648138,43.97474,0
                24.6553,43.972745,0
                24.662806,43.970347,0
                24.673171,43.967172,0
                24.682637,43.964504,0
                24.7031,43.958946,0
                24.720313,43.953332,0
                24.736898,43.94817,0
                24.754169,43.942996,0
                24.762855,43.940095,0
                24.786885,43.931842,0
                24.803136,43.926133,0
                24.823132,43.917526,0
                24.843448,43.908488,0
                24.859434,43.900146,0
                24.86989,43.894706,0
                24.882966,43.887,0
                24.895062,43.879754,0
                24.908217,43.871826,0
                24.918639,43.865339,0
                24.93258,43.856612,0
                24.945584,43.848946,0
                24.961569,43.839525,0
                24.97924,43.830119,0
                24.996667,43.820827,0
                25.013033,43.81218,0
                25.036997,43.800743,0
                25.053657,43.792711,0
                25.068819,43.785433,0
                25.082755,43.778519,0
                25.094004,43.773029,0
                25.104171,43.768073,0
                25.123862,43.75695,0
                25.146147,43.74648,0
                25.152972,43.743248,0
                25.168994,43.735822,0
                25.175416,43.732637,0
                25.183886,43.728179,0
                25.19337,43.723204,0
                25.203934,43.717815,0
                25.215765,43.711789,0
                25.231158,43.7035,0
                25.241616,43.697849,0
                25.25261,43.690159,0
                25.259429,43.683741,0
                25.264895,43.67869,0
                25.270309,43.671509,0
                25.272064,43.668873,0
                25.276172,43.666291,0
              </coordinates>
            </LinearRing>
          </outerBoundaryIs>
        </Polygon>
      </Placemark>
      <Placemark>
        <name>CR 1-1-4/2012</name>
        <description>qb = 0,5 kPa</description>
        <styleUrl>#poly-00FF00-1000-76</styleUrl>
        <Polygon>
          <outerBoundaryIs>
            <LinearRing>
              <tessellate>1</tessellate>
              <coordinates>
                23.704893,44.536467,0
                23.698773,44.529779,0
                23.696511,44.527276,0
                23.694839,44.525459,0
                23.693647,44.524015,0
                23.691683,44.521861,0
                23.689203,44.519094,0
                23.685733,44.515141,0
                23.682141,44.51106,0
                23.679394,44.508088,0
                23.677344,44.505855,0
                23.67354,44.501729,0
                23.668693,44.496485,0
                23.664271,44.491695,0
                23.660858,44.487886,0
                23.657698,44.48444,0
                23.654001,44.480375,0
                23.650056,44.475947,0
                23.648044,44.473286,0
                23.645311,44.469757,0
                23.644039,44.468102,0
                23.642174,44.465525,0
                23.6369,44.458651,0
                23.63251,44.452925,0
                23.627711,44.446372,0
                23.621363,44.43776,0
                23.620132,44.435778,0
                23.618126,44.432705,0
                23.615318,44.428422,0
                23.61246,44.424084,0
                23.607435,44.416319,0
                23.604365,44.410456,0
                23.600502,44.403345,0
                23.597785,44.398088,0
                23.596119,44.39458,0
                23.592554,44.387339,0
                23.590647,44.383468,0
                23.589591,44.381304,0
                23.588422,44.378776,0
                23.58635,44.374216,0
                23.583745,44.368581,0
                23.581316,44.362144,0
                23.577747,44.352802,0
                23.577042,44.349862,0
                23.576718,44.348531,0
                23.576115,44.346184,0
                23.575641,44.344139,0
                23.575131,44.342186,0
                23.574686,44.340224,0
                23.574322,44.338975,0
                23.573996,44.337278,0
                23.573627,44.336168,0
                23.573341,44.334977,0
                23.573135,44.333986,0
                23.572981,44.333084,0
                23.57291,44.332015,0
                23.572783,44.330072,0
                23.572644,44.328792,0
                23.572423,44.325978,0
                23.571813,44.317313,0
                23.571539,44.312922,0
                23.571545,44.309981,0
                23.57154,44.307455,0
                23.571743,44.292617,0
                23.572295,44.284882,0
                23.572662,44.278875,0
                23.573051,44.273572,0
                23.573159,44.27017,0
                23.573251,44.265638,0
                23.573318,44.260091,0
                23.573423,44.255783,0
                23.574203,44.250255,0
                23.574853,44.245443,0
                23.575823,44.237639,0
                23.581475,44.224232,0
                23.58612,44.21355,0
                23.590799,44.202712,0
                23.593031,44.19859,0
                23.594188,44.196463,0
                23.600458,44.185152,0
                23.607516,44.172845,0
                23.61354,44.163463,0
                23.61912,44.154454,0
                23.619658,44.153657,0
                23.627242,44.140857,0
                23.631498,44.133568,0
                23.635491,44.127994,0
                23.644271,44.115983,0
                23.651614,44.105801,0
                23.658655,44.096051,0
                23.67536,44.081204,0
                23.684411,44.073807,0
                23.693249,44.066626,0
                23.705924,44.056342,0
                23.723224,44.040758,0
                23.733944,44.031133,0
                23.740379,44.02405,0
                23.753099,44.010145,0
                23.76029,44.002346,0
                23.769283,43.994208,0
                23.776814,43.987445,0
                23.790098,43.979064,0
                23.809457,43.96713,0
                23.823169,43.958634,0
                23.840951,43.947617,0
                23.854636,43.939003,0
                23.869318,43.929759,0
                23.882373,43.921633,0
                23.896429,43.912571,0
                23.911695,43.902551,0
                23.927838,43.891986,0
                23.943745,43.881676,0
                23.96073,43.871166,0
                23.975727,43.861953,0
                23.99253,43.85234,0
                24.004049,43.845749,0
                24.015176,43.839685,0
                24.027157,43.833184,0
                24.036797,43.827978,0
                24.047429,43.822195,0
                24.05723,43.817568,0
                24.073369,43.809948,0
                24.090836,43.801726,0
                24.105241,43.795063,0
                24.119466,43.788549,0
                24.131865,43.782696,0
                24.148174,43.775222,0
                24.168225,43.765897,0
                24.181186,43.761005,0
                24.198424,43.754453,0
                24.211091,43.749605,0
                24.229466,43.744279,0
                24.245648,43.739575,0
                24.25943,43.735578,0
                24.273298,43.732834,0
                24.289489,43.729724,0
                24.299794,43.727728,0
                24.311617,43.725419,0
                24.321481,43.723516,0
                24.333417,43.721614,0
                24.347312,43.719402,0
                24.357032,43.717833,0
                24.369388,43.71589,0
                24.380588,43.714066,0
                24.382773,43.717747,0
                24.383451,43.72002,0
                24.388838,43.722746,0
                24.393354,43.724466,0
                24.395064,43.725683,0
                24.395072,43.727235,0
                24.400968,43.732022,0
                24.40387,43.734476,0
                24.406693,43.735981,0
                24.410451,43.737368,0
                24.417721,43.739239,0
                24.4221,43.739939,0
                24.436003,43.742867,0
                24.439827,43.742885,0
                24.443132,43.743962,0
                24.451261,43.744601,0
                24.460486,43.745827,0
                24.466773,43.747412,0
                24.478226,43.752398,0
                24.494022,43.7607,0
                24.499893,43.762562,0
                24.502787,43.762736,0
                24.506182,43.76271,0
                24.514502,43.763089,0
                24.5174,43.763021,0
                24.519083,43.763291,0
                24.525633,43.76254,0
                24.528316,43.7618,0
                24.532854,43.760874,0
                24.540331,43.760256,0
                24.543467,43.759833,0
                24.546414,43.759066,0
                24.550327,43.758295,0
                24.560046,43.75612,0
                24.563234,43.755662,0
                24.566001,43.755878,0
                24.568871,43.755786,0
                24.574814,43.754347,0
                24.577605,43.753787,0
                24.58157,43.753264,0
                24.58434,43.752966,0
                24.588301,43.752328,0
                24.591107,43.751704,0
                24.594398,43.749877,0
                24.599696,43.748073,0
                24.606901,43.746922,0
                24.609367,43.746362,0
                24.614133,43.745692,0
                24.616713,43.7451,0
                24.621103,43.743166,0
                24.62476,43.742421,0
                24.630179,43.739722,0
                24.635436,43.736206,0
                24.640621,43.734463,0
                24.652547,43.726531,0
                24.655292,43.725217,0
                24.658398,43.72332,0
                24.660243,43.721833,0
                24.666259,43.719314,0
                24.669705,43.716424,0
                24.672776,43.713857,0
                24.676506,43.711315,0
                24.678759,43.709274,0
                24.681971,43.706827,0
                24.68604,43.704448,0
                24.688473,43.702699,0
                24.693455,43.699693,0
                24.697707,43.697547,0
                24.702032,43.695387,0
                24.709646,43.6912,0
                24.713277,43.689659,0
                24.720855,43.687049,0
                24.725931,43.68564,0
                24.729272,43.685202,0
                24.732326,43.685093,0
                24.735702,43.684755,0
                24.738653,43.684685,0
                24.738708,43.684685,0
                24.740256,43.684765,0
                24.747467,43.684534,0
                24.748646,43.686517,0
                24.755258,43.68821,0
                24.772998,43.694455,0
                24.785409,43.700816,0
                24.790803,43.703047,0
                24.798962,43.707458,0
                24.80756,43.710301,0
                24.819488,43.712696,0
                24.829073,43.713019,0
                24.837132,43.711682,0
                24.842703,43.710348,0
                24.849041,43.708432,0
                24.854998,43.706886,0
                24.863679,43.70607,0
                24.871284,43.706259,0
                24.883455,43.70744,0
                24.896133,43.71037,0
                24.902494,43.711502,0
                24.908058,43.713178,0
                24.918133,43.717186,0
                24.931496,43.724094,0
                24.93372,43.725704,0
                24.940714,43.727714,0
                24.958054,43.730194,0
                24.964821,43.730281,0
                24.96921,43.728983,0
                24.976048,43.729249,0
                24.986837,43.728326,0
                24.992214,43.727079,0
                24.998542,43.726869,0
                25.000756,43.726403,0
                25.004138,43.724865,0
                25.007823,43.723067,0
                25.011286,43.720351,0
                25.013653,43.717876,0
                25.014628,43.71639,0
                25.018442,43.712837,0
                25.023131,43.709933,0
                25.037331,43.701838,0
                25.045756,43.696424,0
                25.05114,43.693974,0
                25.058736,43.691416,0
                25.065451,43.690188,0
                25.073241,43.689421,0
                25.078366,43.688646,0
                25.088692,43.685794,0
                25.096823,43.684963,0
                25.105729,43.684566,0
                25.11471,43.685776,0
                25.120404,43.68774,0
                25.124218,43.688235,0
                25.130503,43.690211,0
                25.135481,43.692229,0
                25.147459,43.697981,0
                25.154715,43.700802,0
                25.163333,43.702934,0
                25.16934,43.702902,0
                25.177401,43.701814,0
                25.183009,43.700584,0
                25.194434,43.695321,0
                25.201985,43.692929,0
                25.212988,43.690647,0
                25.220796,43.688116,0
                25.237803,43.685714,0
                25.248288,43.684105,0
                25.255498,43.679555,0
                25.262984,43.674704,0
                25.271954,43.668851,0
                25.270309,43.671509,0
                25.264895,43.67869,0
                25.259429,43.683741,0
                25.25261,43.690159,0
                25.241616,43.697849,0
                25.231158,43.7035,0
                25.215765,43.711789,0
                25.203934,43.717815,0
                25.19337,43.723204,0
                25.183886,43.728179,0
                25.175416,43.732637,0
                25.168994,43.735822,0
                25.152972,43.743248,0
                25.146147,43.74648,0
                25.123862,43.75695,0
                25.104171,43.768073,0
                25.094004,43.773029,0
                25.082755,43.778519,0
                25.068819,43.785433,0
                25.053657,43.792711,0
                25.036997,43.800743,0
                25.013033,43.81218,0
                24.996667,43.820827,0
                24.97924,43.830119,0
                24.961569,43.839525,0
                24.945584,43.848946,0
                24.93258,43.856612,0
                24.918639,43.865339,0
                24.908217,43.871826,0
                24.895062,43.879754,0
                24.882966,43.887,0
                24.86989,43.894706,0
                24.859434,43.900146,0
                24.843448,43.908488,0
                24.823132,43.917526,0
                24.803136,43.926133,0
                24.786885,43.931842,0
                24.762855,43.940095,0
                24.754169,43.942996,0
                24.736898,43.94817,0
                24.720313,43.953332,0
                24.7031,43.958946,0
                24.682637,43.964504,0
                24.673171,43.967172,0
                24.662806,43.970347,0
                24.6553,43.972745,0
                24.648138,43.97474,0
                24.635068,43.978391,0
                24.617261,43.983176,0
                24.599788,43.985709,0
                24.581402,43.987206,0
                24.561067,43.98719,0
                24.540379,43.98735,0
                24.518514,43.987656,0
                24.491716,43.988128,0
                24.47032,43.988476,0
                24.463893,43.988538,0
                24.448579,43.988373,0
                24.437381,43.988343,0
                24.425449,43.988087,0
                24.416996,43.987848,0
                24.408035,43.987479,0
                24.39733,43.987052,0
                24.38575,43.986466,0
                24.375587,43.985945,0
                24.365737,43.985783,0
                24.357534,43.985743,0
                24.350991,43.985669,0
                24.342208,43.985733,0
                24.329198,43.98585,0
                24.325292,43.985924,0
                24.306405,43.98713,0
                24.289217,43.989858,0
                24.276559,43.99266,0
                24.257596,43.998851,0
                24.242027,44.004188,0
                24.231741,44.007765,0
                24.214163,44.015615,0
                24.201235,44.021565,0
                24.185785,44.029291,0
                24.171264,44.037906,0
                24.161715,44.043881,0
                24.15271,44.052409,0
                24.142498,44.066299,0
                24.132621,44.081101,0
                24.129587,44.085588,0
                24.123161,44.095901,0
                24.118648,44.103189,0
                24.110269,44.118406,0
                24.103137,44.135682,0
                24.098083,44.152206,0
                24.094445,44.165348,0
                24.093073,44.170117,0
                24.091941,44.176656,0
                24.089697,44.189412,0
                24.088523,44.204052,0
                24.087771,44.215033,0
                24.08693,44.230113,0
                24.086939,44.24058,0
                24.08943,44.252703,0
                24.093797,44.264164,0
                24.097778,44.273626,0
                24.103961,44.288945,0
                24.107497,44.295184,0
                24.114033,44.307096,0
                24.120541,44.315482,0
                24.128306,44.325137,0
                24.135238,44.333285,0
                24.144702,44.343012,0
                24.153373,44.352238,0
                24.159424,44.3588,0
                24.168084,44.366625,0
                24.179846,44.377581,0
                24.188288,44.3844,0
                24.189726,44.385494,0
                24.199119,44.390457,0
                24.216172,44.396992,0
                24.244304,44.404872,0
                24.26355,44.408249,0
                24.292321,44.409168,0
                24.315709,44.409951,0
                24.330502,44.409773,0
                24.346153,44.409494,0
                24.360774,44.409191,0
                24.367112,44.409086,0
                24.368001,44.40909,0
                24.378926,44.407928,0
                24.389513,44.406835,0
                24.41018,44.400847,0
                24.422724,44.397118,0
                24.438486,44.390854,0
                24.450283,44.386155,0
                24.465567,44.380002,0
                24.481142,44.373192,0
                24.500485,44.364996,0
                24.513794,44.359342,0
                24.528755,44.351891,0
                24.544679,44.343933,0
                24.552102,44.340234,0
                24.567152,44.331093,0
                24.578691,44.324196,0
                24.591329,44.316857,0
                24.604937,44.308978,0
                24.619633,44.300701,0
                24.627357,44.295037,0
                24.631017,44.292343,0
                24.635827,44.288275,0
                24.643472,44.281805,0
                24.655852,44.272426,0
                24.669709,44.262718,0
                24.684839,44.253961,0
                24.697473,44.246663,0
                24.712531,44.238269,0
                24.725052,44.231352,0
                24.736926,44.224655,0
                24.748781,44.217898,0
                24.76249,44.21033,0
                24.781686,44.199884,0
                24.792366,44.194159,0
                24.810138,44.184528,0
                24.823717,44.178108,0
                24.837769,44.173882,0
                24.857908,44.171103,0
                24.875761,44.169678,0
                24.899975,44.169774,0
                24.919177,44.170444,0
                24.931201,44.170939,0
                24.948441,44.172464,0
                24.950267,44.172663,0
                24.961789,44.174243,0
                24.980455,44.176831,0
                24.990332,44.178242,0
                25.003022,44.180372,0
                25.023694,44.183865,0
                25.037771,44.186353,0
                25.049085,44.188425,0
                25.070958,44.192417,0
                25.089418,44.195747,0
                25.116715,44.200746,0
                25.137131,44.204485,0
                25.154888,44.208039,0
                25.164775,44.210061,0
                25.174263,44.211849,0
                25.190414,44.214879,0
                25.205172,44.216341,0
                25.220938,44.217999,0
                25.241029,44.219811,0
                25.256678,44.221139,0
                25.259229,44.221341,0
                25.267614,44.221796,0
                25.281407,44.222575,0
                25.295745,44.222961,0
                25.313849,44.223028,0
                25.315423,44.223001,0
                25.325645,44.222448,0
                25.344379,44.221421,0
                25.353579,44.220541,0
                25.370656,44.218874,0
                25.381145,44.217811,0
                25.392627,44.216646,0
                25.415841,44.211456,0
                25.434494,44.20404,0
                25.447505,44.198912,0
                25.465983,44.191807,0
                25.481402,44.185412,0
                25.492733,44.180539,0
                25.505169,44.175163,0
                25.517441,44.169681,0
                25.529117,44.163673,0
                25.536352,44.159898,0
                25.546346,44.152673,0
                25.555159,44.146397,0
                25.560184,44.142802,0
                25.563654,44.139847,0
                25.571654,44.133109,0
                25.582223,44.124268,0
                25.58569,44.121513,0
                25.593335,44.113448,0
                25.598069,44.108414,0
                25.603072,44.099678,0
                25.607091,44.092766,0
                25.609962,44.087724,0
                25.614655,44.078668,0
                25.618086,44.072363,0
                25.621553,44.06493,0
                25.625516,44.056301,0
                25.629349,44.048002,0
                25.633983,44.037573,0
                25.638799,44.026523,0
                25.642701,44.016854,0
                25.647748,44.004179,0
                25.648397,44.002479,0
                25.651131,43.994287,0
                25.653715,43.986063,0
                25.655259,43.981256,0
                25.656238,43.977226,0
                25.65813,43.969525,0
                25.660082,43.961275,0
                25.662403,43.951095,0
                25.664457,43.941605,0
                25.666157,43.933459,0
                25.667059,43.928262,0
                25.669176,43.915729,0
                25.669813,43.907637,0
                25.670318,43.900624,0
                25.669844,43.892267,0
                25.669414,43.883511,0
                25.668874,43.8766,0
                25.667909,43.866376,0
                25.667473,43.861925,0
                25.666968,43.857361,0
                25.666405,43.85325,0
                25.664864,43.842529,0
                25.664506,43.839376,0
                25.663382,43.833183,0
                25.661556,43.82272,0
                25.659719,43.812705,0
                25.657446,43.802079,0
                25.655801,43.794315,0
                25.653923,43.786149,0
                25.651639,43.776268,0
                25.649682,43.767808,0
                25.647688,43.758859,0
                25.645474,43.749079,0
                25.64387,43.741728,0
                25.642138,43.733969,0
                25.640778,43.727682,0
                25.638807,43.718607,0
                25.637159,43.710334,0
                25.635186,43.701307,0
                25.633106,43.691544,0
                25.631026,43.681492,0
                25.629337,43.673585,0
                25.633016,43.674417,0
                25.637493,43.676342,0
                25.643018,43.679041,0
                25.645062,43.679814,0
                25.647163,43.680749,0
                25.657018,43.684401,0
                25.659062,43.684979,0
                25.660694,43.685721,0
                25.672206,43.689364,0
                25.68307,43.690691,0
                25.691571,43.690954,0
                25.699883,43.690792,0
                25.705726,43.69132,0
                25.711016,43.690951,0
                25.723758,43.690604,0
                25.732296,43.692646,0
                25.73707,43.693984,0
                25.742639,43.696149,0
                25.748117,43.698071,0
                25.749888,43.698803,0
                25.760501,43.702373,0
                25.762677,43.703321,0
                25.775851,43.708903,0
                25.784019,43.713658,0
                25.789565,43.718028,0
                25.793533,43.723053,0
                25.796539,43.729191,0
                25.802427,43.737038,0
                25.810187,43.7435,0
                25.815688,43.746716,0
                25.821224,43.749379,0
                25.833219,43.753063,0
                25.851801,43.759049,0
                25.858144,43.762883,0
                25.864368,43.766958,0
                25.875216,43.775011,0
                25.879279,43.779121,0
                25.882956,43.784567,0
                25.887683,43.792987,0
                25.892461,43.799405,0
                25.900065,43.805823,0
                25.906941,43.812259,0
                25.912572,43.819151,0
                25.916291,43.824874,0
                25.91868,43.827231,0
                25.920246,43.829425,0
                25.921362,43.83162,0
                25.923248,43.83356,0
                25.924608,43.835596,0
                25.927241,43.838747,0
                25.933016,43.842003,0
                25.936511,43.845009,0
                25.947805,43.855871,0
                25.954558,43.860713,0
                25.958385,43.862721,0
                25.963826,43.865214,0
                25.969294,43.866902,0
                25.973501,43.8689,0
                25.976803,43.870803,0
                25.98159,43.873875,0
                25.991935,43.880103,0
                25.995999,43.882202,0
                25.99835,43.883012,0
                26.000152,43.884269,0
                26.011006,43.88849,0
                26.01733,43.891258,0
                26.02945,43.896191,0
                26.033576,43.89729,0
                26.036049,43.90187,0
                26.039286,43.907827,0
                26.045241,43.918849,0
                26.050671,43.928624,0
                26.055279,43.936923,0
                26.059634,43.944538,0
                26.06407,43.95234,0
                26.071115,43.963955,0
                26.079037,43.976949,0
                26.084287,43.985511,0
                26.090838,43.996654,0
                26.097819,44.008382,0
                26.105448,44.020942,0
                26.110553,44.029446,0
                26.115621,44.037754,0
                26.121615,44.047719,0
                26.128152,44.05868,0
                26.132256,44.065443,0
                26.137149,44.073333,0
                26.140782,44.079271,0
                26.143165,44.082944,0
                26.147025,44.089129,0
                26.150314,44.094307,0
                26.154356,44.100638,0
                26.158431,44.107055,0
                26.160317,44.109975,0
                26.165628,44.119598,0
                26.170146,44.127755,0
                26.174252,44.135948,0
                26.177621,44.142464,0
                26.181128,44.14966,0
                26.183767,44.155173,0
                26.187152,44.162118,0
                26.190091,44.168557,0
                26.193238,44.175155,0
                26.194553,44.17775,0
                26.197484,44.183375,0
                26.201143,44.190439,0
                26.204578,44.197321,0
                26.207429,44.203227,0
                26.209645,44.207746,0
                26.212037,44.212675,0
                26.21494,44.220296,0
                26.217561,44.22713,0
                26.220262,44.234155,0
                26.222613,44.240269,0
                26.225136,44.248692,0
                26.227416,44.256497,0
                26.229074,44.26431,0
                26.230787,44.272503,0
                26.232299,44.278805,0
                26.233985,44.285778,0
                26.23584,44.293516,0
                26.239038,44.302605,0
                26.241679,44.310113,0
                26.242672,44.313047,0
                26.24441,44.318823,0
                26.24624,44.324857,0
                26.247161,44.328123,0
                26.249814,44.335159,0
                26.252259,44.34166,0
                26.254371,44.34768,0
                26.258452,44.359712,0
                26.260269,44.373331,0
                26.260833,44.377789,0
                26.260098,44.38526,0
                26.259244,44.394137,0
                26.258054,44.401114,0
                26.256343,44.411257,0
                26.252132,44.423843,0
                26.250753,44.428072,0
                26.245202,44.440842,0
                26.239183,44.450573,0
                26.228002,44.461431,0
                26.224507,44.464926,0
                26.213277,44.475113,0
                26.206529,44.481368,0
                26.197574,44.488145,0
                26.187177,44.496061,0
                26.179701,44.501656,0
                26.169306,44.509171,0
                26.151627,44.522058,0
                26.135331,44.530983,0
                26.120487,44.539076,0
                26.103688,44.548172,0
                26.091614,44.554658,0
                26.079663,44.561189,0
                26.069267,44.566907,0
                26.049411,44.57767,0
                26.035644,44.585116,0
                26.029559,44.588093,0
                26.024519,44.590537,0
                26.012185,44.596612,0
                26.000456,44.601424,0
                25.984286,44.608135,0
                25.970446,44.613206,0
                25.957431,44.617974,0
                25.944531,44.622374,0
                25.929541,44.627505,0
                25.919307,44.630957,0
                25.907863,44.634837,0
                25.903263,44.636365,0
                25.890447,44.641311,0
                25.878993,44.645684,0
                25.875356,44.647071,0
                25.863812,44.65112,0
                25.849793,44.655929,0
                25.83582,44.660907,0
                25.822607,44.665522,0
                25.809591,44.670135,0
                25.797038,44.674795,0
                25.783523,44.67988,0
                25.769795,44.684754,0
                25.759001,44.688512,0
                25.750585,44.691472,0
                25.742827,44.694757,0
                25.734692,44.698206,0
                25.729325,44.700542,0
                25.721037,44.703722,0
                25.711083,44.707594,0
                25.700813,44.711603,0
                25.690349,44.715662,0
                25.678772,44.720565,0
                25.663732,44.726934,0
                25.656503,44.729804,0
                25.649641,44.732455,0
                25.641046,44.735865,0
                25.633971,44.738682,0
                25.624552,44.741835,0
                25.612904,44.74577,0
                25.601891,44.749456,0
                25.599121,44.75036,0
                25.586687,44.754468,0
                25.579243,44.756915,0
                25.567566,44.760674,0
                25.557655,44.763886,0
                25.548104,44.766976,0
                25.537505,44.770529,0
                25.52687,44.774097,0
                25.519706,44.776493,0
                25.509257,44.780465,0
                25.499384,44.784211,0
                25.491468,44.787217,0
                25.487454,44.788719,0
                25.479934,44.791384,0
                25.468073,44.795551,0
                25.457149,44.799348,0
                25.448203,44.802634,0
                25.440128,44.805652,0
                25.430819,44.809189,0
                25.422973,44.811733,0
                25.415468,44.814176,0
                25.404949,44.817603,0
                25.399486,44.819548,0
                25.389224,44.823184,0
                25.379985,44.826502,0
                25.373423,44.828849,0
                25.363302,44.832323,0
                25.350966,44.836547,0
                25.342514,44.839429,0
                25.329504,44.84373,0
                25.319869,44.846814,0
                25.310365,44.849932,0
                25.298539,44.853703,0
                25.288855,44.856742,0
                25.278654,44.859873,0
                25.266917,44.863515,0
                25.255489,44.866639,0
                25.243136,44.870013,0
                25.22679,44.874376,0
                25.213555,44.877732,0
                25.198534,44.881515,0
                25.185107,44.884701,0
                25.169533,44.88843,0
                25.153757,44.892554,0
                25.138442,44.896442,0
                25.121815,44.90038,0
                25.106417,44.903974,0
                25.091965,44.907311,0
                25.080562,44.909916,0
                25.070267,44.912135,0
                25.05816,44.914509,0
                25.047911,44.916491,0
                25.041901,44.917667,0
                25.035732,44.918666,0
                25.029449,44.919619,0
                25.021082,44.920922,0
                25.014153,44.922009,0
                25.004822,44.922896,0
                24.995437,44.923769,0
                24.991308,44.924134,0
                24.988411,44.924394,0
                24.983843,44.924771,0
                24.975774,44.92542,0
                24.967684,44.926056,0
                24.963662,44.926416,0
                24.959279,44.926771,0
                24.951862,44.927081,0
                24.945157,44.927325,0
                24.938879,44.927568,0
                24.933115,44.927776,0
                24.919933,44.92816,0
                24.914754,44.928312,0
                24.905776,44.928573,0
                24.893557,44.929058,0
                24.878976,44.929668,0
                24.872986,44.929911,0
                24.861125,44.929983,0
                24.857625,44.929985,0
                24.852673,44.929999,0
                24.850217,44.930007,0
                24.846113,44.930024,0
                24.838839,44.930078,0
                24.832581,44.9299,0
                24.829144,44.929809,0
                24.826658,44.929755,0
                24.822023,44.929654,0
                24.816165,44.929486,0
                24.811314,44.929365,0
                24.806073,44.92907,0
                24.793026,44.928362,0
                24.782146,44.927758,0
                24.775409,44.927414,0
                24.763442,44.926674,0
                24.752281,44.926045,0
                24.743461,44.925411,0
                24.729929,44.924474,0
                24.717838,44.923635,0
                24.704575,44.92281,0
                24.699152,44.922453,0
                24.696867,44.922323,0
                24.693249,44.922092,0
                24.690014,44.921921,0
                24.687369,44.921729,0
                24.684896,44.921554,0
                24.675646,44.920403,0
                24.66644,44.919245,0
                24.657139,44.91804,0
                24.64844,44.916735,0
                24.643963,44.916067,0
                24.638007,44.915154,0
                24.631834,44.914239,0
                24.623847,44.913025,0
                24.61749,44.911952,0
                24.613435,44.911218,0
                24.609231,44.910537,0
                24.604783,44.90974,0
                24.598843,44.908714,0
                24.592236,44.907634,0
                24.583811,44.906333,0
                24.578474,44.905485,0
                24.575794,44.905077,0
                24.571125,44.904363,0
                24.567673,44.903844,0
                24.56154,44.902891,0
                24.555728,44.901764,0
                24.550229,44.900696,0
                24.542464,44.899185,0
                24.536009,44.89795,0
                24.530323,44.896694,0
                24.52132,44.894717,0
                24.512442,44.892756,0
                24.502019,44.890476,0
                24.491737,44.88753,0
                24.479154,44.883917,0
                24.470369,44.880752,0
                24.462492,44.877884,0
                24.45628,44.875594,0
                24.452435,44.874186,0
                24.448812,44.872813,0
                24.446125,44.8718,0
                24.441903,44.870266,0
                24.434394,44.867334,0
                24.42649,44.864177,0
                24.420186,44.861656,0
                24.414757,44.859865,0
                24.409118,44.857984,0
                24.401181,44.855337,0
                24.393564,44.852823,0
                24.386011,44.850238,0
                24.38351,44.849417,0
                24.376708,44.847063,0
                24.368498,44.84429,0
                24.354701,44.839645,0
                24.341182,44.835311,0
                24.331765,44.83233,0
                24.32328,44.829582,0
                24.309778,44.825853,0
                24.30195,44.823648,0
                24.291005,44.820417,0
                24.280982,44.817486,0
                24.265928,44.813048,0
                24.258463,44.810863,0
                24.252701,44.808798,0
                24.244876,44.806081,0
                24.236851,44.803252,0
                24.22736,44.799894,0
                24.219415,44.797082,0
                24.213769,44.795104,0
                24.207938,44.792851,0
                24.202816,44.790895,0
                24.199754,44.789748,0
                24.198786,44.789366,0
                24.194302,44.787657,0
                24.192483,44.786992,0
                24.188933,44.785703,0
                24.187562,44.785219,0
                24.18197,44.783258,0
                24.177177,44.781562,0
                24.17299,44.779568,0
                24.168273,44.777302,0
                24.162001,44.774252,0
                24.156305,44.771497,0
                24.155126,44.770948,0
                24.149193,44.767566,0
                24.144533,44.764878,0
                24.140318,44.762483,0
                24.137798,44.761059,0
                24.133158,44.758635,0
                24.127688,44.755779,0
                24.122298,44.752997,0
                24.117571,44.750563,0
                24.112569,44.747948,0
                24.106767,44.744973,0
                24.103781,44.743812,0
                24.100084,44.742319,0
                24.095032,44.74028,0
                24.089883,44.738212,0
                24.083918,44.735833,0
                24.077179,44.733414,0
                24.07429,44.732347,0
                24.071006,44.731196,0
                24.066727,44.729622,0
                24.061318,44.727787,0
                24.05499,44.725673,0
                24.04821,44.723423,0
                24.04394,44.721997,0
                24.037562,44.71953,0
                24.031613,44.717206,0
                24.023661,44.713988,0
                24.017206,44.711338,0
                24.010683,44.708641,0
                24.006287,44.706826,0
                24.000469,44.704331,0
                23.994286,44.701707,0
                23.986741,44.69851,0
                23.979762,44.69554,0
                23.973773,44.693005,0
                23.967157,44.690173,0
                23.961119,44.687591,0
                23.954461,44.684759,0
                23.947958,44.682025,0
                23.941306,44.679039,0
                23.934898,44.676254,0
                23.92765,44.673039,0
                23.921307,44.6703,0
                23.913442,44.666931,0
                23.906449,44.663907,0
                23.899804,44.661091,0
                23.894473,44.658799,0
                23.889052,44.656495,0
                23.878173,44.651833,0
                23.871274,44.648815,0
                23.866202,44.646544,0
                23.860588,44.644035,0
                23.855524,44.641738,0
                23.849081,44.638875,0
                23.844131,44.636675,0
                23.839286,44.633816,0
                23.833705,44.630516,0
                23.828672,44.627564,0
                23.824398,44.625044,0
                23.817535,44.620967,0
                23.806923,44.61475,0
                23.80206,44.611929,0
                23.796222,44.608482,0
                23.792486,44.606312,0
                23.787085,44.602545,0
                23.780278,44.597831,0
                23.774426,44.593764,0
                23.769102,44.589838,0
                23.760777,44.583646,0
                23.754232,44.578791,0
                23.75206,44.577194,0
                23.748362,44.574288,0
                23.74247,44.569689,0
                23.737131,44.565457,0
                23.733646,44.562766,0
                23.728393,44.558174,0
                23.724243,44.554497,0
                23.720534,44.551262,0
                23.718531,44.549493,0
                23.714427,44.545557,0
                23.709222,44.540619,0
                23.704893,44.536467,0
              </coordinates>
            </LinearRing>
          </outerBoundaryIs>
        </Polygon>
      </Placemark>
      <Placemark>
        <name>CR 1-1-4/2012</name>
        <description>qb = 0,7 kPa</description>
        <styleUrl>#poly-FFAA00-1000-89</styleUrl>
        <Polygon>
          <outerBoundaryIs>
            <LinearRing>
              <tessellate>1</tessellate>
              <coordinates>
                27.153751,44.847001,0
                27.157781,44.851883,0
                27.164283,44.85972,0
                27.16729,44.8637,0
                27.173481,44.871886,0
                27.176013,44.876781,0
                27.179754,44.883936,0
                27.181924,44.888817,0
                27.1856,44.897441,0
                27.188163,44.904223,0
                27.191266,44.912241,0
                27.194597,44.921313,0
                27.197719,44.92974,0
                27.200527,44.937773,0
                27.203348,44.946523,0
                27.206033,44.955197,0
                27.209981,44.967397,0
                27.212279,44.974239,0
                27.214662,44.981794,0
                27.217344,44.990364,0
                27.219103,44.997459,0
                27.220387,45.008314,0
                27.219457,45.012334,0
                27.216691,45.023964,0
                27.214124,45.033237,0
                27.211902,45.039556,0
                27.207922,45.046339,0
                27.202753,45.05268,0
                27.195769,45.060574,0
                27.186111,45.070729,0
                27.175892,45.079923,0
                27.164554,45.088952,0
                27.158492,45.092745,0
                27.149734,45.098134,0
                27.146932,45.099718,0
                27.13834,45.104459,0
                27.126722,45.110983,0
                27.11394,45.117989,0
                27.107117,45.121666,0
                27.09731,45.127467,0
                27.09104,45.131279,0
                27.077734,45.13946,0
                27.066758,45.146403,0
                27.057951,45.152065,0
                27.045946,45.159845,0
                27.032079,45.168966,0
                27.022112,45.175505,0
                27.018714,45.177982,0
                27.007695,45.185918,0
                26.990518,45.197658,0
                26.983219,45.202958,0
                26.975124,45.208852,0
                26.963617,45.218237,0
                26.952593,45.227255,0
                26.944935,45.233316,0
                26.938149,45.238758,0
                26.931904,45.24429,0
                26.923758,45.251346,0
                26.917432,45.256579,0
                26.908845,45.263517,0
                26.903247,45.268077,0
                26.890697,45.277393,0
                26.882495,45.283437,0
                26.876424,45.287851,0
                26.871507,45.291407,0
                26.862566,45.297757,0
                26.852147,45.305085,0
                26.843276,45.311075,0
                26.834217,45.317073,0
                26.827706,45.321314,0
                26.822889,45.324454,0
                26.813727,45.329155,0
                26.807764,45.331483,0
                26.802048,45.333654,0
                26.79984,45.334308,0
                26.793312,45.336368,0
                26.78593,45.338569,0
                26.777063,45.341002,0
                26.768008,45.343463,0
                26.759724,45.345532,0
                26.752766,45.347259,0
                26.746269,45.348893,0
                26.740093,45.350449,0
                26.735915,45.351338,0
                26.731675,45.352196,0
                26.728746,45.352846,0
                26.726457,45.353062,0
                26.723362,45.3534,0
                26.720487,45.353676,0
                26.717204,45.354044,0
                26.713441,45.354431,0
                26.710072,45.354802,0
                26.708,45.355014,0
                26.705193,45.355312,0
                26.703414,45.355373,0
                26.701094,45.355453,0
                26.697559,45.355584,0
                26.69637,45.355615,0
                26.694601,45.355695,0
                26.686453,45.355686,0
                26.681252,45.355693,0
                26.677784,45.355632,0
                26.673024,45.355525,0
                26.668596,45.355433,0
                26.667281,45.355389,0
                26.664073,45.354943,0
                26.658507,45.354118,0
                26.652068,45.35152,0
                26.651449,45.351221,0
                26.648604,45.34979,0
                26.645526,45.348205,0
                26.642811,45.346324,0
                26.639038,45.34371,0
                26.635579,45.341276,0
                26.633556,45.339872,0
                26.631932,45.338664,0
                26.628456,45.336003,0
                26.625227,45.333553,0
                26.621536,45.330798,0
                26.619022,45.328889,0
                26.618268,45.328309,0
                26.615002,45.325737,0
                26.611778,45.323254,0
                26.609644,45.321602,0
                26.606369,45.318378,0
                26.603811,45.315854,0
                26.600544,45.312657,0
                26.597325,45.308302,0
                26.593754,45.303508,0
                26.591646,45.300049,0
                26.5891,45.29599,0
                26.586531,45.291874,0
                26.58464,45.287944,0
                26.581838,45.282204,0
                26.579199,45.276796,0
                26.577054,45.272409,0
                26.576167,45.270621,0
                26.57462,45.266938,0
                26.57301,45.263125,0
                26.571208,45.258902,0
                26.569521,45.254868,0
                26.568336,45.252022,0
                26.567105,45.249114,0
                26.566093,45.246758,0
                26.565136,45.244611,0
                26.564056,45.242129,0
                26.563429,45.240704,0
                26.562366,45.238247,0
                26.560987,45.23505,0
                26.559481,45.231571,0
                26.557892,45.227943,0
                26.556242,45.224155,0
                26.555457,45.222288,0
                26.553589,45.217955,0
                26.552376,45.214989,0
                26.550437,45.210414,0
                26.549158,45.207187,0
                26.548007,45.204487,0
                26.547418,45.203019,0
                26.546407,45.200566,0
                26.545219,45.197718,0
                26.544306,45.195576,0
                26.543886,45.194432,0
                26.542597,45.191196,0
                26.54146,45.188297,0
                26.540005,45.184606,0
                26.538855,45.181789,0
                26.537699,45.178959,0
                26.536605,45.175938,0
                26.535221,45.172373,0
                26.534357,45.169825,0
                26.533701,45.167797,0
                26.53282,45.165483,0
                26.531937,45.162916,0
                26.531055,45.160329,0
                26.530448,45.158668,0
                26.529799,45.156385,0
                26.529116,45.154077,0
                26.528613,45.15238,0
                26.527404,45.148195,0
                26.527171,45.141056,0
                26.526991,45.135255,0
                26.527051,45.128232,0
                26.527059,45.121391,0
                26.527044,45.115132,0
                26.527087,45.110475,0
                26.527069,45.103943,0
                26.527124,45.096599,0
                26.527302,45.089346,0
                26.527547,45.080961,0
                26.527712,45.074951,0
                26.527811,45.071477,0
                26.528853,45.062834,0
                26.530102,45.051862,0
                26.531175,45.045363,0
                26.533364,45.032619,0
                26.534658,45.024963,0
                26.535568,45.020069,0
                26.536576,45.014901,0
                26.538763,45.003743,0
                26.539462,45.000567,0
                26.540172,44.996951,0
                26.541868,44.988292,0
                26.54299,44.982287,0
                26.545273,44.975187,0
                26.546583,44.971114,0
                26.54855,44.966131,0
                26.552259,44.956724,0
                26.556317,44.947885,0
                26.560627,44.938346,0
                26.563156,44.932682,0
                26.566478,44.925299,0
                26.569566,44.918525,0
                26.572193,44.91304,0
                26.57596,44.905106,0
                26.580128,44.897453,0
                26.582749,44.892558,0
                26.588119,44.884946,0
                26.590184,44.88189,0
                26.594784,44.876106,0
                26.598156,44.871767,0
                26.604201,44.865238,0
                26.609845,44.859093,0
                26.612039,44.856699,0
                26.620218,44.849765,0
                26.626788,44.844143,0
                26.639542,44.835018,0
                26.64564,44.830609,0
                26.650049,44.827433,0
                26.659836,44.821036,0
                26.669473,44.814642,0
                26.680627,44.807308,0
                26.689208,44.801496,0
                26.696717,44.796375,0
                26.705893,44.790229,0
                26.716037,44.783472,0
                26.724632,44.777786,0
                26.735971,44.770489,0
                26.744977,44.764622,0
                26.751378,44.760591,0
                26.761139,44.754472,0
                26.769467,44.749232,0
                26.777177,44.744831,0
                26.78669,44.739424,0
                26.794954,44.734922,0
                26.803062,44.730585,0
                26.814096,44.727908,0
                26.819256,44.727118,0
                26.827904,44.725785,0
                26.83444,44.725025,0
                26.848605,44.723425,0
                26.862375,44.722908,0
                26.865539,44.722802,0
                26.87805,44.722627,0
                26.884915,44.722554,0
                26.900242,44.724712,0
                26.914511,44.727903,0
                26.936476,44.73453,0
                26.955719,44.740864,0
                26.959883,44.742182,0
                26.977493,44.747819,0
                26.988503,44.751253,0
                26.995235,44.75339,0
                27.010097,44.758492,0
                27.020806,44.762145,0
                27.03275,44.766969,0
                27.042465,44.770856,0
                27.055198,44.775942,0
                27.062152,44.778733,0
                27.068556,44.781301,0
                27.084164,44.788051,0
                27.096326,44.795229,0
                27.109911,44.804837,0
                27.12422,44.816975,0
                27.136073,44.82872,0
                27.147909,44.84088,0
                27.153751,44.847001,0
              </coordinates>
            </LinearRing>
          </outerBoundaryIs>
        </Polygon>
      </Placemark>
      <Placemark>
        <name>CR 1-1-4/2012</name>
        <description>qb = 0,7 kPa</description>
        <styleUrl>#poly-FFAA00-1000-89</styleUrl>
        <Polygon>
          <outerBoundaryIs>
            <LinearRing>
              <tessellate>1</tessellate>
              <coordinates>
                26.215931,46.454033,0
                26.207471,46.455944,0
                26.201783,46.456395,0
                26.198807,46.456637,0
                26.195004,46.456885,0
                26.184744,46.45676,0
                26.179839,46.456232,0
                26.172733,46.45554,0
                26.165181,46.454593,0
                26.149208,46.452393,0
                26.12825,46.447353,0
                26.113184,46.443547,0
                26.09888,46.438372,0
                26.082357,46.429271,0
                26.048531,46.40748,0
                26.037859,46.395384,0
                26.031837,46.385673,0
                26.02787,46.379542,0
                26.021911,46.370647,0
                26.015339,46.361173,0
                26.010694,46.351871,0
                26.007712,46.345867,0
                26.004831,46.340299,0
                26.002338,46.33097,0
                26.001087,46.326432,0
                25.999891,46.322155,0
                25.998379,46.317016,0
                25.997325,46.31282,0
                25.996707,46.310517,0
                25.995266,46.304854,0
                25.993945,46.299929,0
                25.993318,46.296472,0
                25.992623,46.292342,0
                25.991831,46.287203,0
                25.990755,46.281177,0
                25.990304,46.275783,0
                25.989802,46.270099,0
                25.989531,46.266654,0
                25.989252,46.263539,0
                25.988985,46.260425,0
                25.988642,46.255449,0
                25.988253,46.248766,0
                25.987954,46.243032,0
                25.987535,46.235523,0
                25.987357,46.232588,0
                25.986768,46.226342,0
                25.98624,46.218412,0
                25.985755,46.212378,0
                25.984822,46.20211,0
                25.984636,46.193889,0
                25.984371,46.184201,0
                25.985208,46.176458,0
                25.985776,46.169139,0
                25.986232,46.164295,0
                25.987823,46.155749,0
                25.989123,46.148202,0
                25.991303,46.13663,0
                25.992978,46.126933,0
                25.994471,46.119023,0
                25.996201,46.109128,0
                25.998293,46.101974,0
                26.000805,46.093298,0
                26.003084,46.085321,0
                26.004268,46.081034,0
                26.007567,46.071677,0
                26.011034,46.061927,0
                26.013563,46.055202,0
                26.016928,46.046744,0
                26.019826,46.03943,0
                26.022528,46.032298,0
                26.027432,46.020123,0
                26.030318,46.012439,0
                26.034783,46.001176,0
                26.038791,45.990877,0
                26.042949,45.980069,0
                26.045766,45.972683,0
                26.05167,45.957576,0
                26.057137,45.943362,0
                26.064161,45.927639,0
                26.070802,45.912598,0
                26.077189,45.900259,0
                26.082877,45.889315,0
                26.085554,45.884264,0
                26.093133,45.870792,0
                26.101345,45.856147,0
                26.108785,45.844491,0
                26.112491,45.840501,0
                26.120509,45.832101,0
                26.135137,45.820774,0
                26.146263,45.813317,0
                26.158106,45.80518,0
                26.168787,45.799203,0
                26.177069,45.794682,0
                26.180632,45.792792,0
                26.194643,45.785834,0
                26.205864,45.780029,0
                26.21755,45.773965,0
                26.230331,45.767201,0
                26.243222,45.760556,0
                26.255968,45.753968,0
                26.2628,45.750654,0
                26.274805,45.744998,0
                26.286148,45.739602,0
                26.299532,45.733398,0
                26.312961,45.728705,0
                26.326272,45.725197,0
                26.338819,45.722346,0
                26.346732,45.720956,0
                26.361097,45.718612,0
                26.370501,45.717706,0
                26.383691,45.716366,0
                26.386331,45.716142,0
                26.398849,45.715266,0
                26.413153,45.714145,0
                26.425818,45.713997,0
                26.43992,45.713728,0
                26.44953,45.714152,0
                26.460922,45.714602,0
                26.470339,45.715184,0
                26.485951,45.716144,0
                26.487235,45.716426,0
                26.495257,45.717522,0
                26.502866,45.718621,0
                26.511195,45.719914,0
                26.518588,45.72162,0
                26.528547,45.724013,0
                26.537799,45.72624,0
                26.545508,45.728116,0
                26.555569,45.730686,0
                26.566998,45.733593,0
                26.578059,45.736492,0
                26.602552,45.743253,0
                26.609085,45.745253,0
                26.622237,45.74933,0
                26.639505,45.755687,0
                26.65858,45.763626,0
                26.679867,45.775047,0
                26.687506,45.779656,0
                26.70764,45.791555,0
                26.723943,45.800718,0
                26.728891,45.803489,0
                26.739966,45.808566,0
                26.754758,45.815479,0
                26.765988,45.822791,0
                26.775175,45.831362,0
                26.777862,45.834192,0
                26.782373,45.839118,0
                26.786896,45.844188,0
                26.789096,45.847208,0
                26.792505,45.851536,0
                26.79386,45.854497,0
                26.795076,45.857111,0
                26.797272,45.861466,0
                26.802274,45.874233,0
                26.803661,45.883007,0
                26.803608,45.886815,0
                26.803527,45.893576,0
                26.801221,45.906307,0
                26.79816,45.914823,0
                26.794617,45.925453,0
                26.794112,45.926964,0
                26.788853,45.935705,0
                26.78612,45.939559,0
                26.775558,45.954507,0
                26.766039,45.96427,0
                26.748992,45.97464,0
                26.74481,45.977469,0
                26.730778,45.986794,0
                26.727311,45.988811,0
                26.71395,45.996909,0
                26.708579,46.000152,0
                26.696316,46.00858,0
                26.684702,46.016663,0
                26.678285,46.020737,0
                26.660112,46.032313,0
                26.64706,46.04056,0
                26.631756,46.049874,0
                26.622513,46.056118,0
                26.612083,46.06378,0
                26.600392,46.072873,0
                26.578769,46.089197,0
                26.566803,46.098756,0
                26.551625,46.110811,0
                26.542789,46.119105,0
                26.528281,46.133204,0
                26.517566,46.143763,0
                26.513811,46.147749,0
                26.502763,46.15937,0
                26.493789,46.168576,0
                26.482247,46.180173,0
                26.473867,46.190609,0
                26.464199,46.202766,0
                26.458324,46.210076,0
                26.448408,46.222537,0
                26.437636,46.236165,0
                26.431112,46.244421,0
                26.42528,46.25197,0
                26.417544,46.261932,0
                26.412735,46.270205,0
                26.405173,46.283142,0
                26.397919,46.295807,0
                26.39256,46.307824,0
                26.384881,46.325878,0
                26.377097,46.338606,0
                26.370871,46.345259,0
                26.360948,46.35594,0
                26.353894,46.363417,0
                26.343434,46.374178,0
                26.333818,46.384161,0
                26.324667,46.392626,0
                26.31705,46.399785,0
                26.307338,46.409167,0
                26.305477,46.410694,0
                26.294618,46.419568,0
                26.292703,46.421083,0
                26.287462,46.424512,0
                26.279032,46.429985,0
                26.258405,46.439883,0
                26.247177,46.443802,0
                26.222927,46.452474,0
                26.215931,46.454033,0
              </coordinates>
            </LinearRing>
          </outerBoundaryIs>
        </Polygon>
      </Placemark>
      <Placemark>
        <name>CR 1-1-4/2012</name>
        <description>qb = 0,6 kPa</description>
        <styleUrl>#poly-FFFF00-1000-76</styleUrl>
        <Polygon>
          <outerBoundaryIs>
            <LinearRing>
              <tessellate>1</tessellate>
              <coordinates>
                23.876806,46.271034,0
                23.86376,46.269942,0
                23.833327,46.265634,0
                23.821599,46.262189,0
                23.809625,46.257549,0
                23.802315,46.25411,0
                23.793687,46.249115,0
                23.785741,46.244053,0
                23.775889,46.236534,0
                23.766462,46.227765,0
                23.757928,46.217562,0
                23.749451,46.204812,0
                23.745489,46.197403,0
                23.742216,46.191025,0
                23.737125,46.180126,0
                23.735755,46.175812,0
                23.733061,46.167953,0
                23.731596,46.159958,0
                23.72972,46.149901,0
                23.729547,46.145493,0
                23.728961,46.13887,0
                23.729059,46.132512,0
                23.729177,46.126543,0
                23.729431,46.121683,0
                23.72967,46.115784,0
                23.731203,46.106251,0
                23.734743,46.095711,0
                23.7399,46.086742,0
                23.746127,46.07773,0
                23.750231,46.070652,0
                23.754377,46.063633,0
                23.758794,46.056088,0
                23.763076,46.048361,0
                23.767069,46.040921,0
                23.770514,46.034841,0
                23.771799,46.032063,0
                23.775667,46.024577,0
                23.781863,46.01211,0
                23.785956,46.003376,0
                23.790611,45.993655,0
                23.794164,45.985217,0
                23.79826,45.975805,0
                23.800169,45.971436,0
                23.805913,45.95768,0
                23.809131,45.950059,0
                23.813121,45.941896,0
                23.821279,45.924618,0
                23.828344,45.909059,0
                23.834472,45.894987,0
                23.840361,45.878787,0
                23.844344,45.865225,0
                23.847212,45.851926,0
                23.850349,45.837311,0
                23.85293,45.824826,0
                23.85589,45.810915,0
                23.858825,45.796172,0
                23.861597,45.781925,0
                23.863612,45.770477,0
                23.866012,45.756457,0
                23.867823,45.746417,0
                23.8698,45.736361,0
                23.871814,45.726731,0
                23.8743,45.716046,0
                23.875579,45.705252,0
                23.876159,45.700113,0
                23.879227,45.689466,0
                23.88194,45.679652,0
                23.883963,45.674087,0
                23.886444,45.667437,0
                23.888095,45.663664,0
                23.891631,45.655505,0
                23.894904,45.647844,0
                23.901129,45.633501,0
                23.904344,45.626114,0
                23.909302,45.615555,0
                23.914336,45.60502,0
                23.918713,45.59791,0
                23.923179,45.590649,0
                23.930995,45.580265,0
                23.935076,45.574621,0
                23.945383,45.562963,0
                23.948929,45.559655,0
                23.956717,45.552247,0
                23.967719,45.542316,0
                23.972458,45.538075,0
                23.983039,45.528792,0
                23.995786,45.52109,0
                24.016695,45.513537,0
                24.035931,45.507004,0
                24.048704,45.502375,0
                24.06368,45.49688,0
                24.082375,45.490336,0
                24.094441,45.487303,0
                24.108345,45.483753,0
                24.120514,45.480967,0
                24.13761,45.477015,0
                24.147541,45.475258,0
                24.163417,45.472207,0
                24.180948,45.468333,0
                24.197535,45.465918,0
                24.214625,45.463772,0
                24.218557,45.463659,0
                24.22935,45.463367,0
                24.236902,45.463146,0
                24.24442,45.463039,0
                24.255717,45.462872,0
                24.260815,45.462839,0
                24.265443,45.462811,0
                24.273403,45.462907,0
                24.286951,45.463405,0
                24.294329,45.463922,0
                24.300655,45.46438,0
                24.305144,45.464742,0
                24.3087,45.465048,0
                24.315743,45.465879,0
                24.326838,45.467173,0
                24.333272,45.468376,0
                24.346236,45.470786,0
                24.363089,45.474337,0
                24.387403,45.481143,0
                24.407497,45.487746,0
                24.430343,45.496412,0
                24.445881,45.504271,0
                24.455906,45.509874,0
                24.467527,45.516404,0
                24.481688,45.524671,0
                24.491342,45.530489,0
                24.499432,45.535284,0
                24.506934,45.539331,0
                24.513198,45.542672,0
                24.520649,45.546067,0
                24.538187,45.553866,0
                24.559578,45.563261,0
                24.578361,45.570412,0
                24.58402,45.572752,0
                24.601062,45.581033,0
                24.610508,45.586016,0
                24.620835,45.591538,0
                24.633927,45.599993,0
                24.64319,45.606584,0
                24.651846,45.613162,0
                24.664939,45.625001,0
                24.669277,45.630758,0
                24.673067,45.635809,0
                24.674309,45.637318,0
                24.676409,45.640251,0
                24.678052,45.643334,0
                24.68121,45.649329,0
                24.683411,45.660492,0
                24.686956,45.675653,0
                24.688709,45.689885,0
                24.688736,45.705423,0
                24.687576,45.721789,0
                24.686706,45.730376,0
                24.68552,45.739902,0
                24.68382,45.750607,0
                24.679901,45.77523,0
                24.674228,45.797471,0
                24.669956,45.807494,0
                24.664428,45.819751,0
                24.656618,45.831053,0
                24.650586,45.838791,0
                24.631342,45.856028,0
                24.620367,45.865062,0
                24.604919,45.877382,0
                24.596229,45.883204,0
                24.589122,45.887051,0
                24.559652,45.902809,0
                24.540892,45.910871,0
                24.525685,45.916703,0
                24.499233,45.928483,0
                24.496935,45.929543,0
                24.471265,45.941822,0
                24.453048,45.948633,0
                24.431549,45.955836,0
                24.407655,45.9632,0
                24.390273,45.968147,0
                24.375583,45.972253,0
                24.352712,45.978331,0
                24.336052,45.983578,0
                24.313937,45.992153,0
                24.291861,46.003212,0
                24.278175,46.010478,0
                24.265207,46.01801,0
                24.258524,46.022393,0
                24.25156,46.026909,0
                24.232603,46.03947,0
                24.222544,46.047789,0
                24.210027,46.060648,0
                24.20002,46.071146,0
                24.191896,46.079865,0
                24.183907,46.088826,0
                24.174007,46.099914,0
                24.165249,46.1098,0
                24.158627,46.116992,0
                24.151598,46.124773,0
                24.142753,46.134039,0
                24.139299,46.137755,0
                24.136012,46.140913,0
                24.130129,46.146497,0
                24.122987,46.153013,0
                24.112715,46.162006,0
                24.10539,46.168433,0
                24.099211,46.173658,0
                24.082281,46.18807,0
                24.066413,46.200138,0
                24.056527,46.20803,0
                24.042885,46.219114,0
                24.038319,46.222434,0
                24.027,46.230838,0
                24.010256,46.242328,0
                23.998176,46.25002,0
                23.983912,46.255672,0
                23.953618,46.264389,0
                23.923746,46.269469,0
                23.909303,46.271078,0
                23.892205,46.271879,0
                23.876806,46.271034,0
              </coordinates>
            </LinearRing>
          </outerBoundaryIs>
        </Polygon>
      </Placemark>
    </Folder>
    <Folder>
      <name>Izolinii</name>
      <Placemark>
        <name>Izo1</name>
        <styleUrl>#line-0000FF-4000-nodesc</styleUrl>
        <LineString>
          <tessellate>1</tessellate>
          <coordinates>
            26.100264,47.978394,0
            26.122959,47.957427,0
            26.140447,47.942106,0
            26.151309,47.93232,0
            26.160124,47.924139,0
            26.17199,47.912171,0
            26.182558,47.900939,0
            26.191406,47.891436,0
            26.209599,47.871911,0
            26.225991,47.854486,0
            26.239727,47.840737,0
            26.252629,47.828107,0
            26.264283,47.816885,0
            26.281691,47.80119,0
            26.293604,47.790117,0
            26.309019,47.775838,0
            26.332558,47.75587,0
            26.357191,47.736402,0
            26.375637,47.722543,0
            26.392132,47.710258,0
            26.414879,47.691649,0
            26.438054,47.670061,0
            26.473456,47.636373,0
            26.489136,47.619705,0
            26.506551,47.60091,0
            26.528719,47.576748,0
            26.545924,47.559011,0
            26.561094,47.543581,0
            26.574647,47.529888,0
            26.582033,47.521442,0
            26.592344,47.50865,0
            26.601724,47.497187,0
            26.609148,47.487701,0
            26.618077,47.475248,0
            26.624298,47.46591,0
            26.632085,47.453345,0
            26.640499,47.438283,0
            26.647849,47.425228,0
            26.654328,47.411232,0
            26.660154,47.397447,0
            26.665097,47.383792,0
            26.668432,47.372583,0
            26.673786,47.352848,0
            26.678858,47.333986,0
            26.683227,47.315541,0
            26.686427,47.302894,0
            26.689525,47.292509,0
            26.694035,47.280211,0
            26.700939,47.26033,0
            26.706877,47.243318,0
            26.713251,47.226081,0
            26.719519,47.207373,0
            26.72321,47.194587,0
            26.727892,47.178531,0
            26.731745,47.161997,0
            26.734677,47.14757,0
            26.739006,47.126328,0
            26.74116,47.116392,0
            26.744322,47.103687,0
            26.747062,47.093697,0
            26.750462,47.081181,0
            26.754407,47.066063,0
            26.757546,47.054837,0
            26.761212,47.04377,0
            26.767633,47.026943,0
            26.772457,47.015425,0
            26.776657,47.006099,0
            26.783567,46.990038,0
            26.790184,46.975111,0
            26.798136,46.955873,0
            26.803888,46.941883,0
            26.809854,46.927145,0
            26.813991,46.917099,0
            26.816763,46.910782,0
            26.821359,46.902403,0
            26.826046,46.895522,0
            26.834344,46.884606,0
            26.844274,46.872196,0
            26.853441,46.86216,0
            26.867644,46.848922,0
            26.882466,46.837747,0
            26.898922,46.825994,0
            26.919193,46.813088,0
            26.940322,46.801764,0
            26.969636,46.787013,0
            27.008506,46.770197,0
            27.028701,46.762428,0
            27.048631,46.754198,0
            27.066595,46.747789,0
            27.089944,46.739293,0
            27.104627,46.734999,0
            27.122486,46.730318,0
            27.140585,46.725804,0
            27.164033,46.7203,0
            27.184716,46.715091,0
            27.207485,46.707839,0
            27.230008,46.700513,0
            27.250891,46.693679,0
            27.268414,46.68822,0
            27.2855,46.682833,0
            27.317053,46.674065,0
            27.350815,46.664633,0
            27.381583,46.65661,0
            27.405808,46.649915,0
            27.427777,46.643223,0
            27.445667,46.637655,0
            27.469216,46.630276,0
            27.493254,46.622326,0
            27.531589,46.610204,0
            27.55528,46.603103,0
            27.579455,46.595587,0
            27.607042,46.588725,0
            27.631817,46.58215,0
            27.65805,46.575127,0
            27.674883,46.570456,0
            27.704445,46.563467,0
            27.725273,46.558718,0
            27.744116,46.555067,0
            27.783269,46.54843,0
            27.81321,46.54328,0
            27.840738,46.538973,0
            27.867714,46.53533,0
            27.893514,46.532305,0
            27.928151,46.528749,0
            27.954318,46.525949,0
            27.991097,46.521961,0
            28.016807,46.51891,0
            28.051717,46.515147,0
            28.083615,46.512496,0
            28.107643,46.511342,0
            28.135409,46.510205,0
            28.159154,46.509297,0
            28.181857,46.508249,0
            28.20008,46.507452,0
            28.209882,46.507225,0
          </coordinates>
        </LineString>
      </Placemark>
      <Placemark>
        <name>Izo2</name>
        <styleUrl>#line-0000FF-4000-nodesc</styleUrl>
        <LineString>
          <tessellate>1</tessellate>
          <coordinates>
            28.781633,44.442633,0
            28.756352,44.496471,0
            28.738505,44.539233,0
            28.724692,44.57631,0
            28.713022,44.610035,0
            28.704146,44.63844,0
            28.694556,44.668768,0
            28.688394,44.685882,0
            28.676583,44.715388,0
            28.665248,44.741478,0
            28.651448,44.770565,0
            28.631401,44.807966,0
            28.613889,44.838436,0
            28.595052,44.873026,0
            28.579452,44.902886,0
            28.569011,44.924143,0
            28.559097,44.943973,0
            28.550589,44.959595,0
            28.541449,44.971764,0
            28.532252,44.981598,0
            28.522785,44.990317,0
            28.510156,45.001341,0
            28.500145,45.00748,0
            28.489271,45.01094,0
            28.477869,45.012587,0
            28.458151,45.01331,0
            28.44229,45.013381,0
            28.425873,45.012008,0
            28.411101,45.008868,0
            28.39946,45.004883,0
            28.388259,44.998699,0
            28.376623,44.990052,0
            28.362468,44.977159,0
            28.350619,44.964688,0
            28.339279,44.948745,0
            28.331185,44.935114,0
            28.322926,44.920727,0
            28.312843,44.902653,0
            28.303459,44.884655,0
            28.293252,44.866514,0
            28.281259,44.846055,0
            28.270877,44.827775,0
            28.262417,44.812301,0
            28.255245,44.797119,0
            28.246494,44.777301,0
            28.238779,44.758938,0
            28.23041,44.742617,0
            28.218541,44.720999,0
            28.207681,44.701801,0
            28.19624,44.683199,0
            28.181039,44.659597,0
            28.172156,44.644312,0
            28.162425,44.626826,0
            28.15152,44.607739,0
            28.136388,44.581411,0
            28.123736,44.559143,0
            28.110116,44.536055,0
            28.094318,44.509358,0
            28.075324,44.477597,0
            28.058899,44.449964,0
            28.041969,44.421543,0
            28.030541,44.402308,0
            28.016075,44.378067,0
            28.0074,44.362285,0
            27.996551,44.33688,0
            27.98787,44.316549,0
            27.980414,44.297563,0
            27.976012,44.288302,0
            27.97081,44.279304,0
            27.965501,44.271397,0
            27.960089,44.262675,0
            27.955048,44.252125,0
            27.947014,44.235605,0
            27.939342,44.219331,0
            27.928583,44.195855,0
            27.92119,44.179269,0
            27.910322,44.154552,0
            27.901043,44.135163,0
            27.891744,44.115673,0
            27.882749,44.09927,0
            27.872595,44.07989,0
            27.862026,44.060576,0
            27.844487,44.031509,0
            27.833318,44.011777,0
            27.827703,44.000739,0
            27.820286,43.984675,0
            27.814016,43.969893,0
            27.811298,43.963116,0
          </coordinates>
        </LineString>
      </Placemark>
      <Placemark>
        <name>Izo3</name>
        <styleUrl>#line-0000FF-4000-nodesc</styleUrl>
        <LineString>
          <tessellate>1</tessellate>
          <coordinates>
            26.645478,45.348188,0
            26.633233,45.339629,0
            26.619191,45.328997,0
            26.609652,45.321619,0
            26.600509,45.312598,0
            26.593722,45.303447,0
            26.586561,45.291886,0
            26.576171,45.270609,0
            26.567821,45.250789,0
            26.553989,45.218937,0
            26.543809,45.194315,0
            26.536143,45.174934,0
            26.530412,45.158543,0
            26.527377,45.148152,0
            26.526993,45.134967,0
            26.527083,45.097517,0
            26.527809,45.071387,0
            26.530129,45.05152,0
            26.535149,45.021955,0
            26.540094,44.997259,0
            26.543012,44.98224,0
            26.546681,44.970896,0
            26.552395,44.956449,0
            26.56073,44.938147,0
            26.569127,44.919392,0
            26.576067,44.904914,0
            26.582753,44.892567,0
            26.590166,44.881955,0
            26.598192,44.87175,0
            26.612057,44.856677,0
            26.626828,44.844092,0
            26.650246,44.827282,0
            26.677582,44.809374,0
            26.702104,44.792771,0
            26.726269,44.776692,0
            26.747708,44.76287,0
            26.76943,44.74925,0
            26.788434,44.738462,0
            26.803053,44.73056,0
            26.813817,44.727966,0
            26.827541,44.725815,0
            26.848592,44.723438,0
            26.864263,44.722843,0
            26.884887,44.722548,0
            26.900299,44.724745,0
            26.914524,44.727918,0
            26.936481,44.734503,0
            26.954132,44.740365,0
            26.97243,44.746205,0
            26.995359,44.75343,0
            27.020881,44.762197,0
            27.046361,44.772402,0
            27.066703,44.780516,0
            27.084041,44.78799,0
            27.096426,44.795314,0
            27.109852,44.804806,0
            27.124178,44.816962,0
            27.140402,44.833016,0
            27.153696,44.847009,0
            27.164309,44.859742,0
            27.173472,44.872003,0
            27.179875,44.884139,0
            27.186098,44.898677,0
            27.192742,44.916159,0
            27.199305,44.934143,0
            27.203743,44.947815,0
            27.208916,44.964261,0
            27.212735,44.975614,0
            27.217105,44.989589,0
            27.219093,44.997456,0
            27.220359,45.008295,0
            27.218523,45.016561,0
            27.216591,45.02446,0
            27.214149,45.033138,0
            27.211913,45.039555,0
            27.208058,45.046268,0
            27.202581,45.052852,0
            27.195646,45.060676,0
            27.186175,45.070603,0
            27.175864,45.079984,0
            27.164511,45.088954,0
            27.149826,45.098089,0
            27.134686,45.106498,0
            27.121022,45.114232,0
            27.107191,45.1216,0
            27.086533,45.133925,0
            27.070463,45.144024,0
            27.052748,45.155415,0
            27.036754,45.165885,0
            27.022213,45.175468,0
            27.007413,45.18607,0
            26.990322,45.197786,0
            26.975186,45.208801,0
            26.955173,45.22515,0
            26.938209,45.238766,0
            26.92402,45.251164,0
            26.903423,45.267939,0
            26.885137,45.28154,0
            26.869133,45.293122,0
            26.852163,45.305078,0
            26.837548,45.314909,0
            26.823121,45.324323,0
            26.813614,45.329185,0
            26.802017,45.333671,0
            26.787567,45.338131,0
            26.768384,45.343381,0
            26.752322,45.347382,0
            26.740162,45.350456,0
            26.728907,45.352805,0
            26.705442,45.355283,0
            26.694679,45.355684,0
            26.679977,45.355683,0
            26.667318,45.355402,0
            26.658473,45.354126,0
            26.651733,45.351367,0
            26.645478,45.348188,0
          </coordinates>
        </LineString>
      </Placemark>
      <Placemark>
        <name>Izo4</name>
        <styleUrl>#line-0000FF-4000-nodesc</styleUrl>
        <LineString>
          <tessellate>1</tessellate>
          <coordinates>
            26.173356,46.455628,0
            26.14905,46.452393,0
            26.128345,46.447408,0
            26.11297,46.443409,0
            26.098838,46.438386,0
            26.082662,46.429463,0
            26.068127,46.420252,0
            26.04861,46.407493,0
            26.037914,46.395381,0
            26.023978,46.373555,0
            26.015296,46.361108,0
            26.004818,46.340263,0
            25.998641,46.317721,0
            25.993945,46.300036,0
            25.990684,46.280705,0
            25.988881,46.259348,0
            25.987339,46.232803,0
            25.984811,46.201382,0
            25.984458,46.183985,0
            25.986187,46.164665,0
            25.991637,46.134606,0
            25.996233,46.109252,0
            26.004259,46.081071,0
            26.0115,46.060517,0
            26.018749,46.042175,0
            26.034074,46.002887,0
            26.047094,45.969314,0
            26.057119,45.943357,0
            26.07091,45.912449,0
            26.084561,45.886085,0
            26.101533,45.855868,0
            26.108806,45.844401,0
            26.120355,45.832299,0
            26.134811,45.821036,0
            26.157962,45.805269,0
            26.177583,45.794308,0
            26.19939,45.783381,0
            26.228564,45.768104,0
            26.259578,45.752133,0
            26.278876,45.743065,0
            26.299442,45.733443,0
            26.312831,45.728684,0
            26.325727,45.725306,0
            26.33878,45.72234,0
            26.360298,45.718707,0
            26.383348,45.716364,0
            26.412828,45.7142,0
            26.440071,45.713775,0
            26.460798,45.714579,0
            26.486193,45.71621,0
            26.511172,45.71988,0
            26.529417,45.724194,0
            26.549226,45.729043,0
            26.573627,45.735283,0
            26.599652,45.742374,0
            26.622081,45.749243,0
            26.639548,45.755706,0
            26.658511,45.76363,0
            26.680172,45.775193,0
            26.699188,45.786581,0
            26.713761,45.795053,0
            26.728804,45.803458,0
            26.742494,45.809668,0
            26.75485,45.815557,0
            26.765932,45.822775,0
            26.775966,45.832007,0
            26.786327,45.84361,0
            26.792462,45.85153,0
            26.797244,45.86147,0
            26.802328,45.874236,0
            26.80364,45.883029,0
            26.803486,45.893531,0
            26.8013,45.906238,0
            26.798154,45.914746,0
            26.794105,45.926924,0
            26.788846,45.935758,0
            26.781113,45.94652,0
            26.775543,45.954495,0
            26.766059,45.964254,0
            26.748778,45.974758,0
            26.730745,45.986771,0
            26.70853,46.000152,0
            26.684525,46.016718,0
            26.666735,46.028183,0
            26.647695,46.040104,0
            26.629866,46.051028,0
            26.617198,46.059814,0
            26.600402,46.072802,0
            26.580823,46.087525,0
            26.568116,46.097706,0
            26.551758,46.110685,0
            26.53614,46.125446,0
            26.517611,46.143728,0
            26.502148,46.160107,0
            26.482349,46.180079,0
            26.468555,46.197335,0
            26.452118,46.217894,0
            26.433241,46.241797,0
            26.4176,46.261897,0
            26.406377,46.28107,0
            26.397929,46.295796,0
            26.391019,46.311163,0
            26.384889,46.32584,0
            26.377097,46.338736,0
            26.36764,46.348696,0
            26.358831,46.358239,0
            26.346817,46.370687,0
            26.333755,46.384295,0
            26.321453,46.395642,0
            26.307347,46.409206,0
            26.293074,46.420874,0
            26.279145,46.429928,0
            26.258422,46.439844,0
            26.243,46.44529,0
            26.222866,46.452458,0
            26.207654,46.455909,0
            26.195481,46.456843,0
            26.184935,46.456766,0
            26.173356,46.455628,0
          </coordinates>
        </LineString>
      </Placemark>
      <Placemark>
        <name>Izo5</name>
        <styleUrl>#line-0000FF-4000-nodesc</styleUrl>
        <LineString>
          <tessellate>1</tessellate>
          <coordinates>
            23.809424,46.257512,0
            23.821362,46.262064,0
            23.833218,46.26558,0
            23.845223,46.267434,0
            23.863008,46.269828,0
            23.875646,46.270945,0
            23.892432,46.271904,0
            23.909445,46.271069,0
            23.923899,46.26945,0
            23.938627,46.266889,0
            23.953635,46.264387,0
            23.969541,46.259828,0
            23.984033,46.255657,0
            23.998213,46.250056,0
            24.011318,46.241698,0
            24.025376,46.232039,0
            24.043638,46.218508,0
            24.063755,46.202166,0
            24.083115,46.187366,0
            24.10092,46.172244,0
            24.114795,46.160121,0
            24.125877,46.150399,0
            24.137663,46.139437,0
            24.150735,46.125632,0
            24.166837,46.107945,0
            24.178583,46.09477,0
            24.191402,46.080447,0
            24.202255,46.068788,0
            24.212809,46.057774,0
            24.222511,46.047823,0
            24.232545,46.039489,0
            24.242616,46.03261,0
            24.254886,46.024872,0
            24.265214,46.017953,0
            24.277634,46.010721,0
            24.296161,46.00092,0
            24.313878,45.992132,0
            24.335975,45.98362,0
            24.352685,45.978346,0
            24.381689,45.970558,0
            24.404333,45.964143,0
            24.429206,45.956577,0
            24.453624,45.948464,0
            24.471395,45.941833,0
            24.497159,45.929424,0
            24.525456,45.916746,0
            24.540953,45.910858,0
            24.559924,45.902655,0
            24.577239,45.89345,0
            24.596419,45.883097,0
            24.604858,45.877389,0
            24.618772,45.866368,0
            24.631089,45.856221,0
            24.641455,45.847041,0
            24.650442,45.838854,0
            24.656757,45.830803,0
            24.664389,45.819851,0
            24.669739,45.807997,0
            24.674121,45.797594,0
            24.677017,45.786368,0
            24.679842,45.775321,0
            24.682289,45.76009,0
            24.685684,45.738929,0
            24.687588,45.722131,0
            24.688772,45.704849,0
            24.688659,45.689675,0
            24.68691,45.675133,0
            24.682924,45.658336,0
            24.681165,45.649212,0
            24.676377,45.640135,0
            24.664994,45.625073,0
            24.651002,45.612434,0
            24.63804,45.602624,0
            24.620407,45.591284,0
            24.60102,45.581005,0
            24.582372,45.571938,0
            24.558274,45.562761,0
            24.533994,45.551985,0
            24.513203,45.542723,0
            24.497932,45.534499,0
            24.48365,45.525853,0
            24.466802,45.515972,0
            24.446693,45.504695,0
            24.430185,45.49632,0
            24.409003,45.488298,0
            24.387295,45.481067,0
            24.363124,45.474363,0
            24.34624,45.470755,0
            24.326644,45.467149,0
            24.308763,45.465075,0
            24.289521,45.463478,0
            24.267835,45.462748,0
            24.238064,45.463121,0
            24.214456,45.463735,0
            24.198318,45.465822,0
            24.18106,45.468337,0
            24.159744,45.473001,0
            24.137203,45.477099,0
            24.110723,45.483191,0
            24.082305,45.490342,0
            24.063192,45.497061,0
            24.039196,45.505875,0
            24.013794,45.514464,0
            23.995709,45.521076,0
            23.983007,45.528816,0
            23.971487,45.5389,0
            23.959466,45.549687,0
            23.945487,45.562865,0
            23.934989,45.574779,0
            23.923328,45.590525,0
            23.914221,45.605116,0
            23.904178,45.626487,0
            23.895956,45.645443,0
            23.886375,45.667627,0
            23.881568,45.680724,0
            23.879593,45.688333,0
            23.876217,45.700137,0
            23.874326,45.716078,0
            23.871273,45.729171,0
            23.867319,45.748763,0
            23.864339,45.766144,0
            23.860994,45.785585,0
            23.855742,45.811313,0
            23.850582,45.836346,0
            23.844345,45.865224,0
            23.840219,45.879211,0
            23.834467,45.895047,0
            23.825832,45.914644,0
            23.817322,45.933057,0
            23.808833,45.950867,0
            23.799967,45.971874,0
            23.79095,45.992933,0
            23.78148,46.012797,0
            23.770627,46.034658,0
            23.758535,46.05656,0
            23.746025,46.07781,0
            23.740025,46.08661,0
            23.734788,46.095608,0
            23.731202,46.106041,0
            23.729692,46.115642,0
            23.729131,46.127989,0
            23.729008,46.138696,0
            23.729813,46.149771,0
            23.732955,46.167729,0
            23.737008,46.179764,0
            23.742366,46.191398,0
            23.749453,46.20465,0
            23.757879,46.217585,0
            23.766479,46.227779,0
            23.776096,46.236647,0
            23.785314,46.243806,0
            23.79211,46.248192,0
            23.80215,46.253937,0
            23.809424,46.257512,0
          </coordinates>
        </LineString>
      </Placemark>
      <Placemark>
        <name>Izo6</name>
        <styleUrl>#line-0000FF-4000-nodesc</styleUrl>
        <LineString>
          <tessellate>1</tessellate>
          <coordinates>
            21.016547,45.327632,0
            21.038117,45.37226,0
            21.056114,45.404065,0
            21.06789,45.420585,0
            21.09787,45.455892,0
            21.125617,45.481071,0
            21.150834,45.499361,0
            21.170885,45.512229,0
            21.200002,45.529367,0
            21.22665,45.542484,0
            21.24606,45.551384,0
            21.275017,45.560332,0
            21.306059,45.565382,0
            21.34502,45.571363,0
            21.371568,45.573938,0
            21.400274,45.57453,0
            21.438272,45.573209,0
            21.468409,45.570633,0
            21.503824,45.565598,0
            21.548231,45.557554,0
            21.584678,45.549911,0
            21.624404,45.540731,0
            21.6644,45.52831,0
            21.699422,45.516713,0
            21.743746,45.500064,0
            21.77159,45.487827,0
            21.79931,45.475979,0
            21.840475,45.457849,0
            21.865781,45.445017,0
            21.889503,45.431921,0
            21.920661,45.414654,0
            21.944469,45.400267,0
            21.967019,45.385167,0
            21.989188,45.371017,0
            22.018755,45.351658,0
            22.041523,45.333952,0
            22.063465,45.314387,0
            22.084702,45.295289,0
            22.099558,45.282102,0
            22.112261,45.270425,0
            22.122874,45.259923,0
            22.137541,45.245898,0
            22.149618,45.2344,0
            22.156373,45.227169,0
            22.164871,45.216299,0
            22.176206,45.200489,0
            22.188702,45.181483,0
            22.197289,45.168137,0
            22.212521,45.143807,0
            22.223525,45.125248,0
            22.234447,45.104421,0
            22.248856,45.076045,0
            22.262187,45.049792,0
            22.271234,45.031523,0
            22.281569,45.009207,0
            22.291489,44.985383,0
            22.299838,44.961337,0
            22.305262,44.942214,0
            22.311269,44.9193,0
            22.318802,44.893188,0
            22.323428,44.876489,0
            22.326814,44.853966,0
            22.329119,44.828573,0
            22.330693,44.811319,0
            22.333303,44.790475,0
            22.335452,44.776345,0
            22.33815,44.765087,0
            22.341431,44.750348,0
            22.34185,44.74249,0
            22.342441,44.724162,0
            22.343554,44.709843,0
            22.344836,44.691988,0
            22.346084,44.675232,0
          </coordinates>
        </LineString>
      </Placemark>
      <Placemark>
        <name>Izo7</name>
        <styleUrl>#line-0000FF-4000-nodesc</styleUrl>
        <LineString>
          <tessellate>1</tessellate>
          <coordinates>
            21.177765,46.332426,0
            21.229331,46.324904,0
            21.253251,46.32178,0
            21.277452,46.319103,0
            21.306081,46.31702,0
            21.334641,46.31581,0
            21.365618,46.316665,0
            21.389817,46.318383,0
            21.421131,46.323873,0
            21.443875,46.328403,0
            21.470162,46.336631,0
            21.494144,46.346054,0
            21.516208,46.355847,0
            21.535465,46.364883,0
            21.56077,46.37678,0
            21.582825,46.386783,0
            21.60369,46.39564,0
            21.622385,46.40354,0
            21.643576,46.412624,0
            21.662151,46.420796,0
            21.680712,46.430891,0
            21.69857,46.442148,0
            21.731977,46.465741,0
            21.758136,46.482933,0
            21.77385,46.492922,0
            21.790893,46.502512,0
            21.822745,46.519021,0
            21.846354,46.531674,0
            21.87493,46.545999,0
            21.89705,46.556591,0
            21.917669,46.565587,0
            21.936126,46.573418,0
            21.951024,46.578721,0
            21.974522,46.586872,0
            21.999728,46.595293,0
            22.021782,46.601689,0
            22.050462,46.60745,0
            22.080635,46.613496,0
            22.107356,46.619116,0
            22.128297,46.623903,0
            22.157847,46.630324,0
            22.186808,46.637341,0
            22.211604,46.6429,0
            22.233036,46.648933,0
            22.252416,46.655913,0
            22.273739,46.664914,0
            22.297775,46.677699,0
            22.318431,46.691611,0
            22.339051,46.706313,0
            22.358431,46.720663,0
            22.374947,46.735826,0
            22.384209,46.745667,0
            22.393022,46.75789,0
            22.401144,46.770018,0
            22.407809,46.780874,0
            22.412426,46.791306,0
            22.41523,46.803395,0
            22.416135,46.818402,0
            22.416075,46.831409,0
            22.415267,46.842525,0
            22.413578,46.8538,0
            22.41213,46.864203,0
            22.408706,46.880366,0
            22.406267,46.89124,0
            22.403019,46.901216,0
            22.398924,46.908363,0
            22.392774,46.915164,0
            22.385806,46.9216,0
            22.375996,46.928566,0
            22.367891,46.934662,0
            22.3597,46.94094,0
            22.350876,46.945844,0
            22.342068,46.949597,0
            22.32663,46.954886,0
            22.312039,46.959159,0
            22.294795,46.964174,0
            22.277216,46.969392,0
            22.263281,46.973722,0
            22.251333,46.976069,0
            22.231952,46.977984,0
            22.20901,46.979585,0
            22.182206,46.981058,0
            22.164766,46.98169,0
            22.138276,46.98316,0
            22.107643,46.984311,0
            22.076584,46.986313,0
            22.040331,46.988596,0
            22.001644,46.990622,0
            21.972506,46.993135,0
            21.943933,46.995397,0
            21.918855,46.997385,0
            21.894157,46.999523,0
            21.87495,47.001602,0
            21.857727,47.002854,0
            21.842505,47.003063,0
            21.826011,47.00279,0
            21.796289,47.001455,0
            21.765258,46.9983,0
            21.739526,46.995742,0
            21.713138,46.993158,0
            21.686705,46.991008,0
            21.677271,46.989786,0
          </coordinates>
        </LineString>
      </Placemark>
      <Placemark>
        <name>Izo8</name>
        <styleUrl>#line-0000FF-4000-nodesc</styleUrl>
        <LineString>
          <tessellate>1</tessellate>
          <coordinates>
            25.629384,43.673604,0
            25.640281,43.725315,0
            25.649367,43.766584,0
            25.656083,43.795548,0
            25.660262,43.81544,0
            25.664459,43.839367,0
            25.66708,43.858308,0
            25.669048,43.87814,0
            25.670371,43.900682,0
            25.669149,43.915749,0
            25.666051,43.934212,0
            25.660919,43.957839,0
            25.655295,43.98109,0
            25.648707,44.001619,0
            25.638602,44.027144,0
            25.628208,44.050414,0
            25.618119,44.07218,0
            25.608963,44.089507,0
            25.597902,44.108659,0
            25.585943,44.121236,0
            25.573267,44.131729,0
            25.560204,44.142724,0
            25.53641,44.159829,0
            25.517683,44.169632,0
            25.489117,44.18216,0
            25.469723,44.190374,0
            25.441573,44.201224,0
            25.415845,44.211457,0
            25.392639,44.216685,0
            25.344105,44.221482,0
            25.314865,44.223042,0
            25.297701,44.223019,0
            25.280845,44.222541,0
            25.259138,44.22139,0
            25.22675,44.218586,0
            25.190513,44.214869,0
            25.164512,44.210015,0
            25.140772,44.205139,0
            25.104256,44.198435,0
            25.069365,44.192168,0
            25.03415,44.185686,0
            25.01228,44.181952,0
            24.990027,44.178212,0
            24.966863,44.174935,0
            24.94974,44.172581,0
            24.931332,44.170903,0
            24.900284,44.169835,0
            24.875542,44.169708,0
            24.857069,44.171209,0
            24.837661,44.17389,0
            24.823658,44.178135,0
            24.809947,44.184654,0
            24.781538,44.199994,0
            24.755342,44.214166,0
            24.732007,44.22744,0
            24.698203,44.246293,0
            24.669714,44.262704,0
            24.654903,44.273129,0
            24.643355,44.28191,0
            24.631153,44.292273,0
            24.61974,44.300672,0
            24.600213,44.311658,0
            24.574876,44.326472,0
            24.552101,44.340207,0
            24.513703,44.359409,0
            24.484588,44.371655,0
            24.464597,44.380418,0
            24.443736,44.388777,0
            24.42262,44.397211,0
            24.389652,44.406781,0
            24.367986,44.409074,0
            24.335194,44.40972,0
            24.316704,44.409992,0
            24.286158,44.408985,0
            24.263595,44.408284,0
            24.244257,44.404892,0
            24.216211,44.397072,0
            24.199196,44.390542,0
            24.189764,44.385634,0
            24.180084,44.377851,0
            24.169816,44.36817,0
            24.159436,44.358813,0
            24.147087,44.345464,0
            24.134644,44.33259,0
            24.125639,44.322022,0
            24.114267,44.307562,0
            24.10857,44.297062,0
            24.103996,44.28906,0
            24.097969,44.274213,0
            24.094294,44.265265,0
            24.089509,44.25278,0
            24.086958,44.240687,0
            24.086903,44.229779,0
            24.087976,44.21093,0
            24.089755,44.189136,0
            24.093116,44.170097,0
            24.097957,44.152654,0
            24.103101,44.135668,0
            24.11035,44.11831,0
            24.118617,44.103172,0
            24.129783,44.085341,0
            24.142557,44.06616,0
            24.152675,44.052405,0
            24.161717,44.043863,0
            24.171338,44.037827,0
            24.185857,44.029258,0
            24.199617,44.022358,0
            24.215278,44.015022,0
            24.231878,44.007695,0
            24.254178,43.99997,0
            24.276465,43.992693,0
            24.289175,43.989865,0
            24.306313,43.987082,0
            24.325317,43.985908,0
            24.350632,43.985702,0
            24.375315,43.985938,0
            24.397459,43.987054,0
            24.417796,43.987905,0
            24.433289,43.988281,0
            24.464975,43.98856,0
            24.49383,43.988124,0
            24.529986,43.987473,0
            24.554079,43.987212,0
            24.581351,43.987199,0
            24.59977,43.985744,0
            24.617239,43.98314,0
            24.635722,43.978255,0
            24.655493,43.972689,0
            24.675075,43.966574,0
            24.702951,43.959012,0
            24.729637,43.95031,0
            24.75441,43.942952,0
            24.781418,43.933779,0
            24.803038,43.926158,0
            24.821453,43.91823,0
            24.843688,43.908336,0
            24.869744,43.894814,0
            24.886918,43.884652,0
            24.909498,43.871033,0
            24.93269,43.856571,0
            24.962218,43.839169,0
            24.989824,43.824477,0
            25.012953,43.812149,0
            25.04146,43.798594,0
            25.071856,43.783901,0
            25.104533,43.767812,0
            25.123845,43.756936,0
            25.144121,43.747424,0
            25.17234,43.734254,0
            25.195772,43.721964,0
            25.215413,43.71196,0
            25.241696,43.697856,0
            25.252538,43.690199,0
            25.264891,43.678651,0
            25.27022,43.671607,0
            25.271962,43.668929,0
          </coordinates>
        </LineString>
      </Placemark>
      <Placemark>
        <name>Izo9</name>
        <styleUrl>#line-0000FF-4000-nodesc</styleUrl>
        <LineString>
          <tessellate>1</tessellate>
          <coordinates>
            20.806266,45.780507,0
            20.869925,45.788436,0
            20.901409,45.791832,0
            20.93892,45.797346,0
            20.979013,45.805826,0
            21.017807,45.81389,0
            21.053805,45.820288,0
            21.089707,45.826756,0
            21.117658,45.831043,0
            21.146045,45.835081,0
            21.175336,45.837243,0
            21.200153,45.837818,0
            21.228801,45.838044,0
            21.262144,45.837631,0
            21.285543,45.835503,0
            21.310319,45.830452,0
            21.343158,45.820269,0
            21.371403,45.810481,0
            21.40531,45.797901,0
            21.438363,45.785023,0
            21.464294,45.774042,0
            21.494178,45.761011,0
            21.533713,45.742922,0
            21.558461,45.732041,0
            21.586772,45.71923,0
            21.614436,45.705357,0
            21.646032,45.689122,0
            21.669531,45.678018,0
            21.692156,45.667965,0
            21.717515,45.657198,0
            21.7413,45.646917,0
            21.764702,45.636619,0
            21.791182,45.624811,0
            21.816967,45.612699,0
            21.837911,45.602873,0
            21.876438,45.586007,0
            21.906449,45.571887,0
            21.935194,45.558552,0
            21.979988,45.536443,0
            22.008056,45.523815,0
            22.03495,45.510517,0
            22.068195,45.491641,0
            22.105072,45.469905,0
            22.126553,45.455245,0
            22.154809,45.435843,0
            22.186713,45.413121,0
            22.210771,45.394694,0
            22.241967,45.372606,0
            22.27779,45.345217,0
            22.317862,45.310885,0
            22.341962,45.290843,0
            22.35822,45.275218,0
            22.372141,45.262093,0
            22.394794,45.236959,0
            22.409625,45.218907,0
            22.422302,45.199815,0
            22.439746,45.167188,0
            22.452105,45.143579,0
            22.464485,45.119995,0
            22.480409,45.091659,0
            22.497736,45.06275,0
            22.511027,45.040541,0
            22.522398,45.020231,0
            22.541747,44.989059,0
            22.564364,44.956993,0
            22.577232,44.939494,0
            22.591318,44.922604,0
            22.604442,44.909701,0
            22.621836,44.890977,0
            22.638112,44.87254,0
            22.655405,44.854841,0
            22.670662,44.84079,0
            22.693096,44.823656,0
            22.709811,44.811056,0
            22.726909,44.795013,0
            22.742322,44.778731,0
            22.758957,44.761647,0
            22.775549,44.745931,0
            22.787536,44.735103,0
            22.812812,44.71256,0
            22.831595,44.696129,0
            22.864551,44.665859,0
            22.882319,44.648004,0
            22.892272,44.6359,0
            22.902365,44.623561,0
            22.908769,44.614367,0
            22.915257,44.604037,0
            22.919378,44.596319,0
            22.922703,44.58915,0
            22.926116,44.580097,0
            22.930055,44.567579,0
            22.931814,44.55316,0
            22.933762,44.53419,0
            22.935756,44.514152,0
            22.937032,44.501896,0
            22.938895,44.48471,0
            22.941302,44.463826,0
            22.940971,44.45529,0
            22.939883,44.444559,0
            22.938294,44.429727,0
            22.935274,44.412948,0
            22.930961,44.391316,0
            22.928059,44.37807,0
            22.924674,44.361823,0
            22.923268,44.35101,0
            22.921517,44.339382,0
            22.915856,44.322519,0
            22.907832,44.301814,0
            22.899266,44.282211,0
            22.891579,44.268105,0
            22.880304,44.250589,0
            22.865064,44.230484,0
            22.848933,44.212841,0
            22.834562,44.197912,0
            22.815858,44.186918,0
            22.803344,44.180423,0
            22.791841,44.176643,0
            22.779896,44.173119,0
          </coordinates>
        </LineString>
      </Placemark>
      <Placemark>
        <name>Izo10</name>
        <styleUrl>#line-0000FF-4000-nodesc</styleUrl>
        <LineString>
          <tessellate>1</tessellate>
          <coordinates>
            20.81987,46.278397,0
            20.867298,46.262067,0
            20.913913,46.245423,0
            20.951636,46.231141,0
            20.982733,46.220668,0
            21.024698,46.2068,0
            21.057351,46.195001,0
            21.086689,46.186338,0
            21.117548,46.178266,0
            21.156718,46.169139,0
            21.197078,46.159769,0
            21.227318,46.154093,0
            21.258012,46.147867,0
            21.281416,46.144371,0
            21.298684,46.144181,0
            21.318926,46.146268,0
            21.345384,46.149388,0
            21.364429,46.151967,0
            21.382592,46.155872,0
            21.402914,46.160954,0
            21.435139,46.170776,0
            21.459276,46.178678,0
            21.495565,46.192428,0
            21.518405,46.202448,0
            21.548407,46.216707,0
            21.57647,46.23069,0
            21.606848,46.245561,0
            21.637509,46.26039,0
            21.660921,46.271826,0
            21.680093,46.28231,0
            21.70518,46.297791,0
            21.724011,46.313003,0
            21.74514,46.330055,0
            21.762558,46.343589,0
            21.782414,46.358623,0
            21.800467,46.371428,0
            21.820749,46.385905,0
            21.838468,46.397582,0
            21.853899,46.406394,0
            21.873684,46.417055,0
            21.891924,46.427395,0
            21.907557,46.435479,0
            21.923993,46.44359,0
            21.940849,46.451442,0
            21.957858,46.456849,0
            21.977327,46.461814,0
            22.001796,46.467431,0
            22.035411,46.474068,0
            22.081289,46.482965,0
            22.110743,46.488109,0
            22.154893,46.495107,0
            22.185124,46.499648,0
            22.218616,46.505045,0
            22.243705,46.509156,0
            22.277679,46.513791,0
            22.295984,46.515425,0
            22.333905,46.517279,0
            22.361554,46.517705,0
            22.394152,46.518287,0
            22.424544,46.518601,0
            22.459711,46.519189,0
            22.5137,46.519154,0
            22.551913,46.518886,0
            22.600181,46.517047,0
            22.625545,46.51572,0
            22.652231,46.514357,0
            22.718948,46.510045,0
            22.754528,46.507548,0
            22.802086,46.503353,0
            22.835312,46.499982,0
            22.872153,46.495778,0
            22.902364,46.492321,0
            22.928825,46.489468,0
            22.960746,46.486464,0
            22.996746,46.483005,0
            23.02599,46.479752,0
            23.052317,46.475752,0
            23.077921,46.470364,0
            23.105368,46.462201,0
            23.127382,46.454748,0
            23.16076,46.444467,0
            23.177005,46.441101,0
            23.201648,46.437428,0
            23.226684,46.433792,0
            23.25443,46.430655,0
            23.291841,46.427425,0
            23.315063,46.425773,0
            23.339845,46.425004,0
            23.359834,46.424956,0
            23.377443,46.425758,0
            23.403716,46.4304,0
            23.428763,46.437004,0
            23.459727,46.445761,0
            23.481703,46.453747,0
            23.507205,46.464909,0
            23.535152,46.477595,0
            23.563503,46.490216,0
            23.591348,46.50274,0
            23.607618,46.509691,0
            23.61755,46.516783,0
            23.627329,46.524166,0
            23.639766,46.536583,0
            23.654663,46.551365,0
            23.66728,46.565234,0
            23.678687,46.577085,0
            23.686614,46.586605,0
            23.693418,46.596811,0
            23.701688,46.61136,0
            23.712011,46.630242,0
            23.718978,46.643989,0
            23.726129,46.660448,0
            23.733883,46.682694,0
            23.740055,46.702077,0
            23.744684,46.716559,0
            23.746456,46.73298,0
            23.747322,46.748235,0
            23.74723,46.768967,0
            23.746978,46.789406,0
            23.746277,46.805681,0
            23.745533,46.81478,0
            23.743305,46.828886,0
            23.737834,46.845616,0
            23.732147,46.85645,0
            23.721864,46.870795,0
            23.709448,46.885349,0
            23.700282,46.894713,0
            23.683957,46.910254,0
            23.665407,46.925765,0
            23.650418,46.93694,0
            23.628129,46.952249,0
            23.612832,46.960627,0
            23.595189,46.970026,0
            23.571975,46.981692,0
            23.555113,46.990078,0
            23.538703,46.998124,0
            23.518967,47.005407,0
            23.497147,47.010156,0
            23.47698,47.012506,0
            23.45361,47.014823,0
            23.421145,47.016694,0
            23.394313,47.017618,0
            23.369441,47.017689,0
            23.346152,47.015921,0
            23.32611,47.013915,0
            23.304918,47.011105,0
            23.280787,47.007783,0
            23.258381,47.004398,0
            23.235748,47.000705,0
            23.221514,46.998503,0
            23.209426,46.99692,0
            23.183249,46.994566,0
            23.160786,46.993056,0
            23.133194,46.991144,0
            23.117124,46.990545,0
            23.091412,46.991654,0
            23.067646,46.992529,0
            23.043808,46.995222,0
            23.016847,46.999231,0
            22.985901,47.007222,0
            22.962593,47.015326,0
            22.94091,47.023325,0
            22.928877,47.028492,0
            22.894234,47.04604,0
            22.873141,47.058002,0
            22.854199,47.069405,0
            22.835752,47.080259,0
            22.812357,47.096183,0
            22.794434,47.107351,0
            22.775126,47.119752,0
            22.758761,47.131219,0
            22.743565,47.142203,0
            22.725878,47.154247,0
            22.710268,47.164157,0
            22.688079,47.17849,0
            22.673224,47.189212,0
            22.660473,47.200704,0
            22.647554,47.214381,0
            22.631746,47.23222,0
            22.62026,47.244292,0
            22.60221,47.262493,0
            22.586719,47.275915,0
            22.569488,47.29148,0
            22.556612,47.30429,0
            22.542233,47.318842,0
            22.523896,47.33537,0
            22.508563,47.346589,0
            22.484101,47.361187,0
            22.468682,47.370415,0
            22.452207,47.378159,0
            22.428228,47.388772,0
            22.40184,47.39739,0
            22.374095,47.406931,0
            22.34346,47.417276,0
            22.31081,47.42727,0
            22.277272,47.438315,0
            22.257379,47.443544,0
            22.243436,47.448077,0
            22.226293,47.452249,0
            22.212875,47.454871,0
            22.190518,47.459144,0
            22.171958,47.461053,0
            22.142826,47.462227,0
            22.123154,47.462217,0
            22.094223,47.461962,0
            22.059307,47.461503,0
            22.037257,47.460863,0
            22.017215,47.460663,0
          </coordinates>
        </LineString>
      </Placemark>
      <Placemark>
        <name>Izo11</name>
        <styleUrl>#line-0000FF-4000-nodesc</styleUrl>
        <LineString>
          <tessellate>1</tessellate>
          <coordinates>
            24.380569,43.714062,0
            24.321522,43.723497,0
            24.259533,43.735517,0
            24.211051,43.749642,0
            24.168219,43.765944,0
            24.13,43.783576,0
            24.083881,43.804954,0
            24.046968,43.822418,0
            24.0043,43.845582,0
            23.976051,43.861708,0
            23.942425,43.882441,0
            23.890376,43.916528,0
            23.839905,43.948299,0
            23.792695,43.977439,0
            23.77667,43.987509,0
            23.760148,44.00246,0
            23.733943,44.031055,0
            23.706722,44.055629,0
            23.674488,44.081878,0
            23.658654,44.096048,0
            23.645621,44.114111,0
            23.631586,44.13339,0
            23.620035,44.153087,0
            23.604932,44.177049,0
            23.590778,44.202749,0
            23.580137,44.227222,0
            23.575874,44.237684,0
            23.573414,44.25594,0
            23.57303,44.273244,0
            23.571765,44.292735,0
            23.571492,44.31377,0
            23.573015,44.333555,0
            23.577746,44.352903,0
            23.584034,44.36938,0
            23.590807,44.383867,0
            23.599252,44.400958,0
            23.607514,44.416434,0
            23.621333,44.437686,0
            23.633628,44.454378,0
            23.650025,44.475939,0
            23.664765,44.49227,0
            23.680879,44.509689,0
            23.695127,44.525792,0
            23.704858,44.536445,0
            23.718814,44.54973,0
            23.733674,44.562769,0
            23.751284,44.576589,0
            23.774164,44.593587,0
            23.792501,44.606304,0
            23.816178,44.620171,0
            23.844097,44.636644,0
            23.874682,44.650307,0
            23.891724,44.657632,0
            23.925235,44.671955,0
            23.947455,44.681777,0
            23.978444,44.694961,0
            24.007869,44.707486,0
            24.029622,44.716444,0
            24.043892,44.721985,0
            24.065287,44.729095,0
            24.084155,44.735933,0
            24.10675,44.744975,0
            24.1209,44.752237,0
            24.138157,44.761225,0
            24.155124,44.770931,0
            24.177132,44.781546,0
            24.192856,44.787088,0
            24.213727,44.795079,0
            24.237166,44.80335,0
            24.258537,44.810852,0
            24.281936,44.817776,0
            24.304446,44.824368,0
            24.323405,44.829651,0
            24.351367,44.838545,0
            24.37458,44.846342,0
            24.392018,44.852288,0
            24.420191,44.861666,0
            24.441284,44.870016,0
            24.462822,44.878025,0
            24.479223,44.883949,0
            24.502093,44.890486,0
            24.535769,44.897889,0
            24.561568,44.902883,0
            24.594511,44.90797,0
            24.623922,44.913035,0
            24.658971,44.918306,0
            24.684906,44.921575,0
            24.717823,44.923634,0
            24.752165,44.926025,0
            24.779348,44.927614,0
            24.811519,44.929364,0
            24.838763,44.930061,0
            24.873046,44.92992,0
            24.907301,44.928511,0
            24.934439,44.927736,0
            24.958815,44.926789,0
            24.98848,44.924403,0
            25.014259,44.921989,0
            25.041607,44.917727,0
            25.075088,44.911187,0
            25.106786,44.903886,0
            25.140119,44.896078,0
            25.169578,44.888406,0
            25.200194,44.8811,0
            25.234129,44.872499,0
            25.266562,44.863601,0
            25.301937,44.852654,0
            25.339728,44.840386,0
            25.372515,44.829156,0
            25.403965,44.817911,0
            25.430738,44.809199,0
            25.453142,44.800737,0
            25.486568,44.789042,0
            25.51979,44.776466,0
            25.547394,44.767204,0
            25.579141,44.756924,0
            25.605846,44.74817,0
            25.634,44.738632,0
            25.663726,44.726946,0
            25.690407,44.715609,0
            25.729003,44.700628,0
            25.750284,44.691581,0
            25.780711,44.680916,0
            25.809895,44.670029,0
            25.84665,44.657051,0
            25.875819,44.646911,0
            25.903581,44.636254,0
            25.930629,44.627129,0
            25.95822,44.617699,0
            25.984482,44.608056,0
            26.012192,44.596593,0
            26.035404,44.585206,0
            26.059465,44.572238,0
            26.088901,44.556121,0
            26.128003,44.535036,0
            26.1517,44.52202,0
            26.18251,44.499562,0
            26.206444,44.481379,0
            26.224623,44.464775,0
            26.239234,44.450506,0
            26.245265,44.440668,0
            26.250756,44.428042,0
            26.256316,44.411272,0
            26.259291,44.39373,0
            26.260841,44.377749,0
            26.258405,44.359742,0
            26.253148,44.344064,0
            26.247145,44.327967,0
            26.242605,44.312805,0
            26.23585,44.293539,0
            26.230894,44.272956,0
            26.227439,44.25647,0
            26.222508,44.239995,0
            26.212061,44.212752,0
            26.202073,44.192203,0
            26.193097,44.174941,0
            26.185687,44.159038,0
            26.17831,44.143908,0
            26.170178,44.127876,0
            26.16027,44.109933,0
            26.147835,44.090459,0
            26.137601,44.074057,0
            26.128874,44.059905,0
            26.118337,44.042258,0
            26.109181,44.027096,0
            26.100397,44.012704,0
            26.088686,43.992914,0
            26.081545,43.981054,0
            26.070585,43.963064,0
            26.064012,43.95227,0
            26.05524,43.936846,0
            26.045373,43.919103,0
            26.033676,43.897486,0
          </coordinates>
        </LineString>
      </Placemark>
      <Placemark>
        <name>Izo12</name>
        <styleUrl>#line-0000FF-4000-nodesc</styleUrl>
        <LineString>
          <tessellate>1</tessellate>
          <coordinates>
            22.897666,47.954251,0
            22.911741,47.936728,0
            22.920357,47.925453,0
            22.932588,47.910803,0
            22.945649,47.895088,0
            22.957814,47.880915,0
            22.970652,47.866254,0
            22.983456,47.852148,0
            22.999601,47.835901,0
            23.014436,47.821428,0
            23.030587,47.805656,0
            23.04268,47.793196,0
            23.056261,47.778702,0
            23.074592,47.759621,0
            23.091502,47.74284,0
            23.104477,47.730307,0
            23.120097,47.715155,0
            23.140181,47.69565,0
            23.153918,47.683259,0
            23.167977,47.670194,0
            23.183241,47.656864,0
            23.193346,47.649958,0
            23.208592,47.641633,0
            23.226178,47.632388,0
            23.244888,47.62311,0
            23.27176,47.609163,0
            23.288989,47.6007,0
            23.304188,47.594328,0
            23.316703,47.58903,0
            23.344343,47.578163,0
            23.355187,47.573882,0
            23.374886,47.567538,0
            23.389855,47.562783,0
            23.407974,47.558647,0
            23.439625,47.553389,0
            23.453068,47.551357,0
            23.466925,47.549446,0
            23.484726,47.547175,0
            23.496808,47.545829,0
            23.505468,47.545524,0
            23.513903,47.546304,0
            23.524129,47.547785,0
            23.53235,47.549355,0
            23.542819,47.551229,0
            23.56175,47.554913,0
            23.577319,47.55823,0
            23.591235,47.561667,0
            23.610826,47.566279,0
            23.622487,47.569405,0
            23.638451,47.573792,0
            23.654013,47.578727,0
            23.665993,47.583065,0
            23.677175,47.587972,0
            23.68927,47.593796,0
            23.702871,47.600411,0
            23.717937,47.607881,0
            23.735931,47.617383,0
            23.754153,47.626555,0
            23.770688,47.635223,0
            23.782597,47.642166,0
            23.793337,47.64839,0
            23.814301,47.659981,0
            23.830555,47.669059,0
            23.84492,47.677371,0
            23.855158,47.68271,0
            23.86838,47.68963,0
            23.878433,47.694821,0
            23.891687,47.701237,0
            23.904323,47.707199,0
            23.91671,47.712691,0
            23.929505,47.717867,0
            23.946501,47.723663,0
            23.9583,47.727159,0
            23.971991,47.731105,0
            23.987203,47.7347,0
            24.003751,47.738316,0
            24.016428,47.740394,0
            24.030813,47.741832,0
            24.044376,47.743081,0
            24.067032,47.744373,0
            24.083576,47.744815,0
            24.102003,47.745035,0
            24.122261,47.744802,0
            24.141625,47.744604,0
            24.167648,47.744951,0
            24.193063,47.745213,0
            24.218537,47.745008,0
            24.256698,47.744935,0
            24.284578,47.743828,0
            24.310891,47.743999,0
            24.33157,47.743767,0
            24.376713,47.743387,0
            24.407841,47.743186,0
            24.433103,47.743125,0
            24.464048,47.741474,0
            24.477484,47.740625,0
            24.49088,47.739234,0
            24.507567,47.736994,0
            24.523806,47.733485,0
            24.547231,47.73051,0
            24.563534,47.727994,0
            24.581229,47.723509,0
            24.59659,47.718547,0
            24.614185,47.713319,0
            24.632687,47.707592,0
            24.654138,47.701671,0
            24.671395,47.695997,0
            24.701143,47.68709,0
            24.718746,47.682222,0
            24.739935,47.675045,0
            24.759724,47.668194,0
            24.785684,47.659049,0
            24.804864,47.652453,0
            24.82642,47.645239,0
            24.852812,47.636426,0
            24.880848,47.628407,0
            24.906626,47.620843,0
            24.940101,47.611536,0
            24.954927,47.607014,0
            24.974989,47.601137,0
            24.991983,47.596294,0
            25.013667,47.589458,0
            25.033153,47.583411,0
            25.052007,47.57791,0
            25.073194,47.570918,0
            25.093598,47.565649,0
            25.117474,47.558816,0
            25.135361,47.553134,0
            25.157531,47.546584,0
            25.177113,47.540612,0
            25.205663,47.533745,0
            25.230957,47.529031,0
            25.257114,47.523376,0
            25.285948,47.517547,0
            25.313495,47.51149,0
            25.338757,47.50555,0
            25.375747,47.496142,0
            25.40767,47.488479,0
            25.427283,47.483167,0
            25.452912,47.476131,0
            25.47775,47.469518,0
            25.500189,47.463453,0
            25.528355,47.455632,0
            25.556006,47.447542,0
            25.577374,47.441444,0
            25.597808,47.435352,0
            25.618203,47.429212,0
            25.648743,47.421148,0
            25.673261,47.413848,0
            25.705494,47.402998,0
            25.730388,47.394999,0
            25.74997,47.388177,0
            25.770617,47.380317,0
            25.79187,47.372716,0
            25.811118,47.365456,0
            25.834679,47.355229,0
            25.859307,47.344867,0
            25.880054,47.335583,0
            25.904925,47.324529,0
            25.932179,47.312757,0
            25.952243,47.303624,0
            25.970514,47.29588,0
            25.990485,47.286742,0
            26.008915,47.276444,0
            26.023058,47.266267,0
            26.039454,47.252494,0
            26.05236,47.240035,0
            26.062367,47.228536,0
            26.068121,47.220845,0
            26.075183,47.211912,0
            26.080161,47.204227,0
            26.085164,47.196563,0
            26.091998,47.184717,0
            26.097373,47.173638,0
            26.102188,47.1607,0
            26.107004,47.145456,0
            26.111221,47.131816,0
            26.114796,47.120666,0
            26.117667,47.106021,0
            26.118556,47.091805,0
            26.11942,47.074584,0
            26.119447,47.054131,0
            26.117802,47.035002,0
            26.11592,47.022667,0
            26.112191,47.005027,0
            26.108214,46.991211,0
            26.103702,46.980183,0
            26.095649,46.963081,0
            26.084401,46.941265,0
            26.075238,46.927943,0
            26.061356,46.908706,0
            26.050061,46.898001,0
            26.028075,46.88043,0
            25.996546,46.856596,0
            25.973069,46.839524,0
            25.94272,46.817442,0
            25.917629,46.799689,0
            25.898036,46.787319,0
            25.88069,46.777314,0
            25.85922,46.76435,0
            25.842258,46.754447,0
            25.836619,46.75017,0
            25.829019,46.744208,0
            25.814771,46.73065,0
            25.80114,46.718145,0
            25.790754,46.707668,0
            25.776541,46.694228,0
            25.759104,46.677846,0
            25.741762,46.65981,0
            25.726759,46.642493,0
            25.718373,46.631609,0
            25.704932,46.61529,0
            25.691801,46.600578,0
            25.678156,46.584034,0
            25.667597,46.570788,0
            25.650136,46.546676,0
            25.636861,46.525898,0
            25.624363,46.506696,0
            25.614073,46.488427,0
            25.604258,46.46987,0
            25.592421,46.447728,0
            25.579239,46.420724,0
            25.570839,46.402594,0
            25.560964,46.378478,0
            25.552106,46.356039,0
            25.545736,46.339054,0
            25.53775,46.314802,0
            25.530877,46.293112,0
            25.524055,46.268591,0
            25.517494,46.244171,0
            25.513439,46.226621,0
            25.508911,46.202821,0
            25.506231,46.184029,0
            25.502454,46.156148,0
            25.498994,46.133328,0
            25.496611,46.118064,0
            25.49255,46.089245,0
            25.489287,46.063661,0
            25.485611,46.037845,0
            25.483146,46.012373,0
            25.478422,45.97199,0
            25.474561,45.939562,0
            25.468926,45.90252,0
            25.462255,45.858064,0
            25.457187,45.82712,0
            25.455236,45.81132,0
            25.454279,45.780467,0
            25.454345,45.729815,0
            25.453074,45.684211,0
            25.452474,45.65238,0
            25.453784,45.637097,0
            25.461463,45.601076,0
            25.468398,45.578019,0
            25.472191,45.559369,0
            25.476695,45.540014,0
            25.485175,45.51766,0
            25.495842,45.498218,0
            25.508625,45.473943,0
            25.519395,45.455315,0
            25.534865,45.428616,0
            25.558423,45.394986,0
            25.568023,45.383027,0
            25.58526,45.357373,0
            25.601955,45.337358,0
            25.618119,45.318464,0
            25.632429,45.303518,0
            25.648331,45.286425,0
            25.663955,45.272051,0
            25.680784,45.256838,0
            25.70183,45.235819,0
            25.726004,45.212506,0
            25.757759,45.185253,0
            25.782487,45.164279,0
            25.803894,45.14788,0
            25.826072,45.130312,0
            25.852321,45.10921,0
            25.873835,45.095385,0
            25.896667,45.081859,0
            25.92022,45.068721,0
            25.94407,45.055743,0
            25.971707,45.03932,0
            26.004702,45.018795,0
            26.023555,45.006997,0
            26.044784,44.99465,0
            26.0692,44.9783,0
            26.091876,44.964709,0
            26.114269,44.94902,0
            26.148702,44.925182,0
            26.167717,44.911587,0
            26.199606,44.888476,0
            26.226333,44.870603,0
            26.254752,44.84914,0
            26.275188,44.833178,0
            26.303016,44.808575,0
            26.330074,44.786489,0
            26.347273,44.771664,0
            26.37142,44.752581,0
            26.407095,44.724275,0
            26.431949,44.70427,0
            26.459877,44.681436,0
            26.479833,44.662723,0
            26.504605,44.639019,0
            26.521871,44.621034,0
            26.541741,44.600743,0
            26.560559,44.582292,0
            26.579731,44.563918,0
            26.612841,44.532764,0
            26.644134,44.503975,0
            26.663534,44.486269,0
            26.68619,44.465393,0
            26.707677,44.445387,0
            26.739765,44.415737,0
            26.772329,44.385957,0
            26.793797,44.366789,0
            26.818443,44.34554,0
            26.84137,44.327037,0
            26.863092,44.3094,0
            26.903992,44.275944,0
            26.93497,44.248815,0
            26.958038,44.228109,0
            26.971433,44.216355,0
            26.990181,44.200397,0
            27.004741,44.18739,0
            27.023067,44.171523,0
            27.038565,44.15815,0
            27.05359,44.145308,0
          </coordinates>
        </LineString>
      </Placemark>
    </Folder>
  </Document>
</kml>
