<?xml version="1.0" encoding="UTF-8"?>
<kml xmlns="http://www.opengis.net/kml/2.2">
  <Document>
    <name>Harta de zonare a încărcării din zăpadă pe sol conform CR-1-1-3/2012</name>
    <description/>
    <Style id="line-0000FF-4000-nodesc-normal">
      <LineStyle>
        <color>ffff0000</color>
        <width>4</width>
      </LineStyle>
      <BalloonStyle>
        <text><![CDATA[<h3>$[name]</h3>]]></text>
      </BalloonStyle>
    </Style>
    <Style id="line-0000FF-4000-nodesc-highlight">
      <LineStyle>
        <color>ffff0000</color>
        <width>6</width>
      </LineStyle>
      <BalloonStyle>
        <text><![CDATA[<h3>$[name]</h3>]]></text>
      </BalloonStyle>
    </Style>
    <StyleMap id="line-0000FF-4000-nodesc">
      <Pair>
        <key>normal</key>
        <styleUrl>#line-0000FF-4000-nodesc-normal</styleUrl>
      </Pair>
      <Pair>
        <key>highlight</key>
        <styleUrl>#line-0000FF-4000-nodesc-highlight</styleUrl>
      </Pair>
    </StyleMap>
    <Style id="poly-00FF00-1000-76-normal">
      <LineStyle>
        <color>ff00ff00</color>
        <width>1</width>
      </LineStyle>
      <PolyStyle>
        <color>4c00ff00</color>
        <fill>1</fill>
        <outline>1</outline>
      </PolyStyle>
    </Style>
    <Style id="poly-00FF00-1000-76-highlight">
      <LineStyle>
        <color>ff00ff00</color>
        <width>1.5</width>
      </LineStyle>
      <PolyStyle>
        <color>4c00ff00</color>
        <fill>1</fill>
        <outline>1</outline>
      </PolyStyle>
    </Style>
    <StyleMap id="poly-00FF00-1000-76">
      <Pair>
        <key>normal</key>
        <styleUrl>#poly-00FF00-1000-76-normal</styleUrl>
      </Pair>
      <Pair>
        <key>highlight</key>
        <styleUrl>#poly-00FF00-1000-76-highlight</styleUrl>
      </Pair>
    </StyleMap>
    <Style id="poly-00FFFF-1000-76-normal">
      <LineStyle>
        <color>ffffff00</color>
        <width>1</width>
      </LineStyle>
      <PolyStyle>
        <color>4cffff00</color>
        <fill>1</fill>
        <outline>1</outline>
      </PolyStyle>
    </Style>
    <Style id="poly-00FFFF-1000-76-highlight">
      <LineStyle>
        <color>ffffff00</color>
        <width>1.5</width>
      </LineStyle>
      <PolyStyle>
        <color>4cffff00</color>
        <fill>1</fill>
        <outline>1</outline>
      </PolyStyle>
    </Style>
    <StyleMap id="poly-00FFFF-1000-76">
      <Pair>
        <key>normal</key>
        <styleUrl>#poly-00FFFF-1000-76-normal</styleUrl>
      </Pair>
      <Pair>
        <key>highlight</key>
        <styleUrl>#poly-00FFFF-1000-76-highlight</styleUrl>
      </Pair>
    </StyleMap>
    <Style id="poly-FFFF00-1000-76-normal">
      <LineStyle>
        <color>ff00ffff</color>
        <width>1</width>
      </LineStyle>
      <PolyStyle>
        <color>4c00ffff</color>
        <fill>1</fill>
        <outline>1</outline>
      </PolyStyle>
    </Style>
    <Style id="poly-FFFF00-1000-76-highlight">
      <LineStyle>
        <color>ff00ffff</color>
        <width>1.5</width>
      </LineStyle>
      <PolyStyle>
        <color>4c00ffff</color>
        <fill>1</fill>
        <outline>1</outline>
      </PolyStyle>
    </Style>
    <StyleMap id="poly-FFFF00-1000-76">
      <Pair>
        <key>normal</key>
        <styleUrl>#poly-FFFF00-1000-76-normal</styleUrl>
      </Pair>
      <Pair>
        <key>highlight</key>
        <styleUrl>#poly-FFFF00-1000-76-highlight</styleUrl>
      </Pair>
    </StyleMap>
    <Folder>
      <name>Zapada</name>
      <Placemark>
        <name>@UTCB</name>
      </Placemark>
    </Folder>
    <Folder>
      <name>Izolinii</name>
      <Placemark>
        <name>Izo5</name>
        <styleUrl>#line-0000FF-4000-nodesc</styleUrl>
        <LineString>
          <tessellate>1</tessellate>
          <coordinates>
            23.162149,48.115142,0
            23.180948,48.064496,0
            23.196099,48.015563,0
            23.215257,47.960421,0
            23.2324,47.905684,0
            23.241206,47.88287,0
            23.26037,47.849264,0
            23.283006,47.810412,0
            23.301321,47.781909,0
            23.319721,47.746575,0
            23.342554,47.710696,0
            23.369234,47.671943,0
            23.394163,47.636611,0
            23.420752,47.605301,0
            23.442452,47.583812,0
            23.462189,47.564436,0
            23.487929,47.541656,0
            23.51464,47.522324,0
            23.540951,47.503,0
            23.569949,47.483706,0
            23.594045,47.469603,0
            23.618007,47.461785,0
            23.643062,47.456083,0
            23.679091,47.448095,0
            23.711919,47.440146,0
            23.761607,47.428788,0
            23.817208,47.418643,0
            23.868515,47.411833,0
            23.902937,47.409668,0
            23.944109,47.406777,0
            23.977617,47.405697,0
            24.005638,47.40515,0
            24.028895,47.406232,0
            24.068595,47.41129,0
            24.099712,47.415771,0
            24.135727,47.420226,0
            24.169331,47.425252,0
            24.193734,47.426884,0
            24.208861,47.426835,0
            24.239071,47.423892,0
            24.278442,47.420911,0
            24.311115,47.417379,0
            24.351674,47.414351,0
            24.380906,47.410247,0
            24.412239,47.405026,0
            24.453745,47.397668,0
            24.491991,47.390685,0
            24.52004,47.38547,0
            24.549362,47.378477,0
            24.566332,47.374382,0
            24.582037,47.369766,0
            24.595988,47.361182,0
            24.613387,47.349172,0
            24.652172,47.318709,0
            24.681972,47.294878,0
            24.717559,47.264571,0
            24.757689,47.22556,0
            24.796301,47.183308,0
            24.835671,47.137067,0
            24.885982,47.078541,0
            24.92719,47.031388,0
            24.969015,46.985997,0
            25.00648,46.951343,0
            25.045848,46.913222,0
            25.100132,46.857873,0
            25.142145,46.818076,0
            25.174893,46.782437,0
            25.190975,46.765619,0
            25.222227,46.727303,0
            25.257635,46.680828,0
            25.291383,46.63807,0
            25.31892,46.602009,0
            25.341192,46.567547,0
            25.373563,46.517376,0
            25.401751,46.47671,0
            25.428533,46.437758,0
            25.453021,46.403205,0
            25.468042,46.38204,0
            25.48145,46.366534,0
            25.501398,46.344753,0
            25.523638,46.321211,0
            25.549222,46.291556,0
            25.581386,46.252059,0
            25.607752,46.218716,0
            25.633156,46.184054,0
            25.658185,46.147,0
            25.676462,46.120008,0
            25.688068,46.103323,0
            25.698101,46.088449,0
            25.706822,46.074044,0
            25.710561,46.061504,0
            25.713639,46.050726,0
            25.718876,46.034772,0
            25.721177,46.01193,0
            25.72212,45.985931,0
            25.721089,45.967549,0
            25.718625,45.940129,0
            25.712377,45.910784,0
            25.702178,45.872414,0
            25.689283,45.83963,0
            25.674802,45.807918,0
            25.655431,45.775088,0
            25.642595,45.757641,0
            25.621569,45.73806,0
            25.590294,45.720678,0
            25.566236,45.707398,0
            25.543095,45.696379,0
            25.515891,45.684853,0
            25.493708,45.677793,0
            25.472367,45.671851,0
            25.442076,45.663777,0
            25.416531,45.659758,0
            25.386079,45.657472,0
            25.291844,45.657476,0
            25.162247,45.660629,0
            25.085757,45.664306,0
            25.036828,45.668018,0
            24.987515,45.672458,0
            24.934771,45.673329,0
            24.873869,45.6766,0
            24.809301,45.680103,0
            24.736041,45.681175,0
            24.69034,45.682592,0
            24.658503,45.679036,0
            24.622892,45.674009,0
            24.546543,45.658685,0
            24.470452,45.647313,0
            24.427043,45.642929,0
            24.378698,45.641396,0
            24.329781,45.642745,0
            24.275227,45.648754,0
            24.204351,45.657214,0
            24.094338,45.676456,0
            23.977341,45.698791,0
            23.86606,45.720374,0
            23.728112,45.744418,0
            23.683261,45.748788,0
            23.615597,45.750904,0
            23.518681,45.75424,0
            23.434473,45.752166,0
            23.358342,45.749063,0
            23.29043,45.739467,0
            23.225719,45.727881,0
            23.158549,45.715764,0
            23.057024,45.688992,0
            22.956505,45.659276,0
            22.842564,45.624793,0
            22.785705,45.607803,0
            22.758376,45.596761,0
            22.712678,45.577049,0
            22.617968,45.534902,0
            22.510031,45.479682,0
            22.436335,45.440221,0
            22.341358,45.386447,0
            22.299519,45.363042,0
            22.267206,45.348276,0
            22.212719,45.323859,0
            22.161084,45.303632,0
            22.093627,45.275967,0
            22.032554,45.25275,0
            21.998901,45.234778,0
            21.973207,45.219202,0
            21.942881,45.200684,0
            21.920027,45.179777,0
            21.868957,45.128704,0
            21.854366,45.108574,0
            21.841581,45.087375,0
            21.809696,45.032899,0
            21.78581,44.991845,0
            21.752759,44.936911,0
            21.72659,44.897368,0
            21.709073,44.87711,0
            21.689366,44.856208,0
            21.673569,44.840953,0
            21.649463,44.821991,0
            21.608717,44.796747,0
            21.558534,44.768649,0
          </coordinates>
        </LineString>
      </Placemark>
      <Placemark>
        <name>Izo4</name>
        <styleUrl>#line-0000FF-4000-nodesc</styleUrl>
        <LineString>
          <tessellate>1</tessellate>
          <coordinates>
            26.138322,43.981853,0
            26.132767,43.983526,0
            26.122579,43.985938,0
            26.111192,43.988436,0
            26.106327,43.989431,0
            26.101587,43.990402,0
            26.095341,43.991689,0
            26.089699,43.992942,0
            26.084432,43.994142,0
            26.080531,43.994988,0
            26.076154,43.996086,0
            26.070323,43.997559,0
            26.064281,43.999164,0
            26.056731,44.001404,0
            26.051043,44.00317,0
            26.045953,44.004827,0
            26.041147,44.006477,0
            26.036071,44.008085,0
            26.030906,44.009723,0
            26.02636,44.011101,0
            26.020404,44.012621,0
            26.015637,44.013886,0
            26.010752,44.015135,0
            26.005631,44.016273,0
            25.997907,44.017852,0
            25.993071,44.018631,0
            25.988929,44.019382,0
            25.983907,44.020365,0
            25.977599,44.021737,0
            25.972567,44.022749,0
            25.967047,44.023803,0
            25.9617,44.024806,0
            25.956227,44.026033,0
            25.952192,44.02691,0
            25.949445,44.027428,0
            25.942851,44.028696,0
            25.936853,44.029978,0
            25.932745,44.031043,0
            25.928397,44.032038,0
            25.923196,44.033357,0
            25.917429,44.034623,0
            25.912033,44.035979,0
            25.907029,44.03731,0
            25.901207,44.038753,0
            25.893711,44.040702,0
            25.888351,44.042025,0
            25.882088,44.043539,0
            25.875899,44.04517,0
            25.870248,44.046637,0
            25.864409,44.048128,0
            25.859591,44.049358,0
            25.854932,44.05032,0
            25.848944,44.051771,0
            25.844493,44.052813,0
            25.841099,44.053705,0
            25.836331,44.054876,0
            25.830691,44.056122,0
            25.824803,44.057644,0
            25.819472,44.058767,0
            25.814102,44.059983,0
            25.809113,44.061284,0
            25.80209,44.063145,0
            25.797235,44.064434,0
            25.791217,44.066196,0
            25.786005,44.067635,0
            25.781707,44.068899,0
            25.777266,44.070253,0
            25.772365,44.07177,0
            25.767201,44.073153,0
            25.762825,44.074373,0
            25.757155,44.075901,0
            25.751156,44.077607,0
            25.746033,44.07884,0
            25.740535,44.0801,0
            25.735358,44.081275,0
            25.729456,44.082638,0
            25.724756,44.083814,0
            25.720717,44.084786,0
            25.715193,44.085892,0
            25.710149,44.08694,0
            25.706404,44.087777,0
            25.702533,44.088764,0
            25.696679,44.090304,0
            25.691279,44.091626,0
            25.685132,44.093161,0
            25.680372,44.094549,0
            25.674661,44.096158,0
            25.668866,44.09764,0
            25.665505,44.098571,0
            25.660004,44.099784,0
            25.653288,44.101252,0
            25.648627,44.102265,0
            25.643359,44.103488,0
            25.638858,44.104442,0
            25.634151,44.105403,0
            25.628254,44.106583,0
            25.623888,44.107357,0
            25.617986,44.108338,0
            25.611495,44.109425,0
            25.606261,44.110191,0
            25.60205,44.110762,0
            25.59612,44.111915,0
            25.591204,44.112785,0
            25.585975,44.113807,0
            25.580928,44.114914,0
            25.575051,44.116261,0
            25.569104,44.117686,0
            25.564432,44.118969,0
            25.558116,44.120568,0
            25.553759,44.121572,0
            25.548713,44.122786,0
            25.543631,44.124012,0
            25.53928,44.125114,0
            25.533798,44.126291,0
            25.527988,44.127688,0
            25.524192,44.128678,0
            25.52044,44.129631,0
            25.514664,44.130965,0
            25.508476,44.132478,0
            25.50266,44.133948,0
            25.49753,44.135127,0
            25.492278,44.136471,0
            25.486573,44.137975,0
            25.481724,44.13927,0
            25.475593,44.141093,0
            25.470758,44.14244,0
            25.465965,44.143776,0
            25.459834,44.145493,0
            25.453565,44.147207,0
            25.447707,44.148747,0
            25.442891,44.150257,0
            25.438004,44.151649,0
            25.433881,44.153155,0
            25.429382,44.154619,0
            25.424961,44.156096,0
            25.418867,44.158057,0
            25.415114,44.159241,0
            25.409599,44.160827,0
            25.404703,44.16235,0
            25.396629,44.164857,0
            25.39058,44.166583,0
            25.385085,44.167809,0
            25.38123,44.16872,0
            25.375728,44.170014,0
            25.370687,44.171243,0
            25.365165,44.172385,0
            25.361107,44.17324,0
            25.355546,44.174318,0
            25.34813,44.175851,0
            25.341991,44.177078,0
            25.336797,44.177941,0
            25.33186,44.178647,0
            25.326807,44.179438,0
            25.322112,44.180234,0
            25.314993,44.181176,0
            25.309102,44.182109,0
            25.30379,44.182731,0
            25.299468,44.183285,0
            25.294099,44.183897,0
            25.289176,44.184514,0
            25.282457,44.185348,0
            25.275991,44.185885,0
            25.268924,44.186785,0
            25.262691,44.187626,0
            25.258856,44.187972,0
            25.254162,44.188515,0
            25.248223,44.189377,0
            25.244076,44.190062,0
            25.239827,44.190768,0
            25.235752,44.191481,0
            25.230708,44.192194,0
            25.226115,44.193061,0
            25.22035,44.193923,0
            25.21571,44.194791,0
            25.20956,44.195859,0
            25.204172,44.19662,0
            25.19918,44.197273,0
            25.193997,44.197839,0
            25.188981,44.198369,0
            25.182299,44.198912,0
            25.176179,44.199314,0
            25.168276,44.199905,0
            25.163081,44.200278,0
            25.157329,44.200601,0
            25.153331,44.200914,0
            25.145308,44.201544,0
            25.138919,44.202154,0
            25.133713,44.20259,0
            25.128202,44.203149,0
            25.121438,44.203718,0
            25.117167,44.203984,0
            25.111965,44.204143,0
            25.105785,44.204211,0
            25.100686,44.20446,0
            25.095041,44.204276,0
            25.087874,44.20405,0
            25.080789,44.203825,0
            25.074265,44.203781,0
            25.069408,44.203701,0
            25.064266,44.203695,0
            25.054633,44.203477,0
            25.049351,44.203381,0
            25.044525,44.203299,0
            25.038586,44.203086,0
            25.034034,44.202863,0
            25.029111,44.202733,0
            25.022728,44.202306,0
            25.01691,44.201799,0
            25.01063,44.200966,0
            25.006866,44.200371,0
            24.998879,44.199449,0
            24.993832,44.198718,0
            24.990663,44.198096,0
            24.987453,44.197322,0
            24.985455,44.19667,0
            24.982019,44.195277,0
            24.979931,44.194432,0
            24.977835,44.193563,0
            24.97597,44.192783,0
            24.974086,44.192049,0
            24.97212,44.191215,0
            24.969958,44.190434,0
            24.967622,44.18957,0
            24.965312,44.188678,0
            24.962326,44.18773,0
            24.959282,44.186651,0
            24.956683,44.185819,0
            24.952736,44.184772,0
            24.948565,44.183681,0
            24.94454,44.182938,0
            24.940838,44.182233,0
            24.938125,44.181774,0
            24.935244,44.181317,0
            24.932069,44.180718,0
            24.929578,44.180302,0
            24.927017,44.179963,0
            24.92469,44.179713,0
            24.921723,44.179273,0
            24.918732,44.178871,0
            24.915994,44.178401,0
            24.913089,44.177997,0
            24.910632,44.177675,0
            24.908235,44.177363,0
            24.905435,44.176854,0
            24.902679,44.176342,0
            24.899523,44.175722,0
            24.897555,44.175316,0
            24.894578,44.17463,0
            24.891937,44.174065,0
            24.889398,44.173396,0
            24.886841,44.172733,0
            24.884638,44.172147,0
            24.881721,44.171386,0
            24.879554,44.170796,0
            24.87662,44.169819,0
            24.873501,44.16886,0
            24.870751,44.16788,0
            24.868321,44.166986,0
            24.864777,44.165777,0
            24.862768,44.165068,0
            24.859657,44.164163,0
            24.856494,44.163175,0
            24.853171,44.16218,0
            24.849807,44.161342,0
            24.847307,44.160612,0
            24.84512,44.159989,0
            24.842058,44.159245,0
            24.839933,44.1587,0
            24.836836,44.157856,0
            24.833938,44.157059,0
            24.831755,44.156374,0
            24.828854,44.155521,0
            24.826113,44.154656,0
            24.823345,44.153782,0
            24.820487,44.152761,0
            24.818446,44.152114,0
            24.816018,44.151329,0
            24.812988,44.150521,0
            24.810291,44.149828,0
            24.808056,44.14931,0
            24.805597,44.148696,0
            24.802496,44.147952,0
            24.800417,44.147349,0
            24.797188,44.146389,0
            24.793613,44.145292,0
            24.791607,44.144855,0
            24.788444,44.144001,0
            24.78537,44.143447,0
            24.782313,44.142891,0
            24.779523,44.142275,0
            24.777042,44.141733,0
            24.774059,44.141127,0
            24.771482,44.140524,0
            24.769106,44.139931,0
            24.76627,44.139345,0
            24.76408,44.138836,0
            24.761544,44.138202,0
            24.759052,44.137417,0
            24.755638,44.13639,0
            24.752931,44.135531,0
            24.750584,44.134667,0
            24.748388,44.133758,0
            24.745203,44.132493,0
            24.743072,44.13154,0
            24.740673,44.130528,0
            24.737966,44.129318,0
            24.734971,44.127887,0
            24.732627,44.126907,0
            24.729997,44.125764,0
            24.727634,44.124947,0
            24.725489,44.124155,0
            24.722496,44.123094,0
            24.720234,44.122389,0
            24.717664,44.121761,0
            24.715162,44.121275,0
            24.712935,44.120878,0
            24.709806,44.120201,0
            24.707062,44.119636,0
            24.704571,44.118971,0
            24.701309,44.118002,0
            24.699151,44.117282,0
            24.696488,44.1165,0
            24.693424,44.11553,0
            24.690961,44.11483,0
            24.68823,44.114111,0
            24.685661,44.11339,0
            24.683159,44.112737,0
            24.680053,44.111925,0
            24.677989,44.111388,0
            24.675385,44.110639,0
            24.672414,44.109828,0
            24.670024,44.109212,0
            24.667258,44.108311,0
            24.664478,44.107424,0
            24.661682,44.106616,0
            24.659113,44.105863,0
            24.656284,44.104964,0
            24.65331,44.104211,0
            24.650366,44.103397,0
            24.646693,44.102239,0
            24.643466,44.101266,0
            24.640671,44.100405,0
            24.637799,44.099505,0
            24.634571,44.098587,0
            24.631629,44.097715,0
            24.628821,44.09692,0
            24.625529,44.095871,0
            24.622253,44.094987,0
            24.620036,44.094366,0
            24.617528,44.093602,0
            24.614332,44.092644,0
            24.611071,44.091416,0
            24.608685,44.090414,0
            24.606052,44.089429,0
            24.603249,44.088288,0
            24.600887,44.087392,0
            24.597901,44.086243,0
            24.595168,44.08515,0
            24.591996,44.083944,0
            24.589321,44.082955,0
            24.585726,44.081664,0
            24.581849,44.080425,0
            24.578974,44.079383,0
            24.576783,44.078453,0
            24.574117,44.077543,0
            24.571201,44.076548,0
            24.568291,44.07557,0
            24.565679,44.074557,0
            24.563082,44.073655,0
            24.560928,44.072852,0
            24.557438,44.071695,0
            24.554728,44.070813,0
            24.552284,44.070068,0
            24.549933,44.069376,0
            24.546536,44.068195,0
            24.544623,44.067461,0
            24.541429,44.066326,0
            24.538876,44.065391,0
            24.535625,44.064134,0
            24.532361,44.062918,0
            24.529433,44.062008,0
            24.529236,44.061951,0
            24.528854,44.061814,0
            24.527001,44.061167,0
            24.523442,44.059975,0
            24.520517,44.05917,0
            24.517376,44.058278,0
            24.514362,44.057347,0
            24.511428,44.056491,0
            24.508237,44.055552,0
            24.504786,44.054359,0
            24.501822,44.05332,0
            24.498669,44.052275,0
            24.496508,44.051518,0
            24.494026,44.05065,0
            24.491549,44.049791,0
            24.488692,44.048898,0
            24.485804,44.047895,0
            24.483363,44.047124,0
            24.480813,44.046188,0
            24.478795,44.045545,0
            24.475426,44.044427,0
            24.473222,44.043613,0
            24.470394,44.042715,0
            24.467442,44.041782,0
            24.464607,44.040956,0
            24.461677,44.039981,0
            24.459146,44.039166,0
            24.455856,44.037996,0
            24.452765,44.03682,0
            24.450217,44.035884,0
            24.447388,44.034772,0
            24.444892,44.033733,0
            24.442043,44.032551,0
            24.439547,44.031497,0
            24.436396,44.030209,0
            24.433326,44.028893,0
            24.43112,44.027946,0
            24.428028,44.026605,0
            24.425393,44.025609,0
            24.422846,44.024673,0
            24.420934,44.0242,0
            24.41711,44.023255,0
            24.415198,44.022783,0
            24.412622,44.022109,0
            24.409415,44.021141,0
            24.406408,44.020251,0
            24.403733,44.019487,0
            24.401135,44.018656,0
            24.398173,44.017609,0
            24.395373,44.016576,0
            24.392286,44.015271,0
            24.389144,44.014008,0
            24.386566,44.012933,0
            24.384185,44.011792,0
            24.381433,44.01048,0
            24.378814,44.009181,0
            24.376459,44.008117,0
            24.374287,44.007315,0
            24.371106,44.005867,0
            24.36911,44.005103,0
            24.36713,44.004269,0
            24.364238,44.003048,0
            24.36207,44.002188,0
            24.359425,44.001447,0
            24.356777,44.000792,0
            24.353641,44.000323,0
            24.350711,43.999821,0
            24.347362,43.999471,0
            24.344217,43.999121,0
            24.341569,43.998811,0
            24.338057,43.998445,0
            24.335714,43.998284,0
            24.333155,43.998007,0
            24.331305,43.997847,0
            24.328257,43.99753,0
            24.325212,43.997213,0
            24.322227,43.996858,0
            24.320165,43.996546,0
            24.317126,43.995902,0
            24.31507,43.995364,0
            24.312808,43.994848,0
            24.30948,43.994007,0
            24.306459,43.993234,0
            24.303745,43.992586,0
            24.301194,43.992108,0
            24.298502,43.991441,0
            24.296331,43.990938,0
            24.293731,43.990281,0
            24.291467,43.989856,0
            24.288382,43.989121,0
            24.285551,43.988593,0
            24.283168,43.988106,0
            24.280574,43.987661,0
            24.277758,43.987021,0
            24.27402,43.986103,0
            24.271011,43.985308,0
            24.26818,43.984518,0
            24.264978,43.983653,0
            24.261425,43.982869,0
            24.258047,43.982088,0
            24.255823,43.981698,0
            24.253499,43.981346,0
            24.250419,43.980882,0
            24.247242,43.980642,0
            24.244066,43.980365,0
            24.241001,43.980204,0
            24.23794,43.97989,0
            24.235151,43.979767,0
            24.232366,43.979569,0
            24.229207,43.979407,0
            24.224995,43.979256,0
            24.221805,43.979116,0
            24.219063,43.979028,0
            24.215956,43.978861,0
            24.212442,43.978618,0
            24.208754,43.978425,0
            24.205276,43.978226,0
            24.202473,43.978067,0
            24.199866,43.97787,0
            24.197629,43.977718,0
            24.193762,43.977481,0
            24.191299,43.977333,0
            24.188202,43.977284,0
            24.184612,43.97723,0
            24.181072,43.977144,0
            24.177207,43.977159,0
            24.174121,43.977145,0
            24.170482,43.977057,0
            24.167065,43.977076,0
            24.163509,43.977165,0
            24.161947,43.977194,0
            24.15922,43.977329,0
            24.15741,43.977354,0
            24.153296,43.977587,0
            24.151217,43.977759,0
            24.148736,43.977933,0
            24.145154,43.978136,0
            24.140801,43.978297,0
            24.135986,43.978571,0
            24.132306,43.978859,0
            24.129462,43.979141,0
            24.126228,43.979547,0
            24.123615,43.979957,0
            24.120393,43.980274,0
            24.117358,43.980764,0
            24.113971,43.981298,0
            24.111061,43.981763,0
            24.10652,43.982228,0
            24.101423,43.982538,0
            24.098721,43.982651,0
            24.096511,43.982702,0
            24.093714,43.982813,0
            24.091329,43.982864,0
            24.088094,43.982973,0
            24.085787,43.983024,0
            24.082699,43.98301,0
            24.079609,43.982994,0
            24.075602,43.983062,0
            24.072679,43.983144,0
            24.069612,43.98318,0
            24.067437,43.983251,0
            24.064243,43.983221,0
            24.061049,43.983191,0
            24.059132,43.983173,0
            24.055299,43.983136,0
            24.052105,43.983106,0
            24.050189,43.983087,0
            24.045717,43.983044,0
            24.042289,43.983038,0
            24.038288,43.98307,0
            24.035017,43.983105,0
            24.032486,43.983189,0
            24.029097,43.983343,0
            24.025902,43.983312,0
            24.022708,43.98328,0
            24.019118,43.98331,0
            24.015819,43.983366,0
            24.013209,43.983359,0
            24.009547,43.983374,0
            24.006233,43.983353,0
            24.00316,43.983455,0
            24.000246,43.983667,0
            23.997016,43.983891,0
            23.993791,43.98407,0
            23.991667,43.984134,0
            23.98874,43.984314,0
            23.985161,43.984411,0
            23.982894,43.984556,0
            23.979208,43.984684,0
            23.976027,43.984723,0
            23.972899,43.984825,0
            23.969552,43.98493,0
            23.966771,43.984999,0
            23.962294,43.98517,0
            23.959393,43.985321,0
            23.956703,43.985528,0
            23.952952,43.985792,0
            23.950273,43.986008,0
            23.947468,43.986333,0
            23.944601,43.986624,0
            23.941571,43.987071,0
            23.938697,43.987446,0
            23.936101,43.98773,0
            23.932964,43.987985,0
            23.929705,43.988276,0
            23.925866,43.988765,0
            23.922773,43.989154,0
            23.919561,43.98958,0
            23.915792,43.990485,0
            23.912481,43.991214,0
            23.909948,43.991698,0
            23.906998,43.99219,0
            23.904792,43.992519,0
            23.902629,43.992849,0
            23.900166,43.993227,0
            23.897557,43.993561,0
            23.895623,43.993763,0
            23.892854,43.994106,0
            23.890694,43.994337,0
            23.888612,43.994626,0
            23.885967,43.995099,0
            23.883381,43.995488,0
            23.880101,43.995873,0
            23.877183,43.996155,0
            23.873208,43.996553,0
            23.869773,43.99695,0
            23.866994,43.997207,0
            23.863525,43.99763,0
            23.859786,43.998108,0
            23.857208,43.998484,0
            23.85446,43.998869,0
            23.850743,43.999473,0
            23.848033,43.999858,0
            23.843606,44.00042,0
            23.840164,44.000781,0
            23.83679,44.001069,0
            23.833,44.001494,0
            23.829117,44.001998,0
            23.826322,44.002458,0
            23.823074,44.00293,0
            23.82021,44.003336,0
            23.817617,44.003747,0
            23.814932,44.00421,0
            23.812374,44.004677,0
            23.809763,44.005289,0
            23.806534,44.005859,0
            23.802657,44.0068,0
            23.800591,44.007323,0
            23.797729,44.008059,0
            23.794518,44.008959,0
            23.791262,44.009632,0
            23.787483,44.010353,0
            23.784002,44.010939,0
            23.780653,44.011512,0
            23.778148,44.011918,0
            23.77472,44.012325,0
            23.770992,44.012831,0
            23.768491,44.013101,0
            23.764617,44.013465,0
            23.761225,44.013688,0
            23.758996,44.013872,0
            23.755824,44.014194,0
            23.752349,44.014414,0
            23.750128,44.014649,0
            23.74669,44.014889,0
            23.743548,44.015192,0
            23.740018,44.015592,0
            23.738061,44.015865,0
            23.73432,44.016424,0
            23.731128,44.016844,0
            23.728682,44.017224,0
            23.725909,44.017703,0
            23.721693,44.018426,0
            23.717332,44.019053,0
            23.712476,44.019793,0
            23.709515,44.020123,0
            23.706872,44.020575,0
            23.703688,44.021128,0
            23.699527,44.021888,0
            23.696462,44.022592,0
            23.693472,44.023273,0
            23.69119,44.023825,0
            23.688544,44.024363,0
            23.685125,44.025263,0
            23.682294,44.025932,0
            23.679805,44.026557,0
            23.677537,44.027094,0
            23.674757,44.027571,0
            23.671515,44.028299,0
            23.667954,44.028937,0
            23.664518,44.029744,0
            23.661108,44.030296,0
            23.657332,44.031016,0
            23.655032,44.031488,0
            23.65096,44.032322,0
            23.648922,44.032651,0
            23.644492,44.033414,0
            23.640279,44.034247,0
            23.637469,44.034865,0
            23.633374,44.035896,0
            23.630247,44.036807,0
            23.625931,44.038211,0
            23.623032,44.039209,0
            23.620326,44.040333,0
            23.617435,44.041348,0
            23.613883,44.04242,0
            23.611603,44.043425,0
            23.60937,44.044119,0
            23.606903,44.044768,0
            23.603802,44.045896,0
            23.600149,44.047082,0
            23.59747,44.048033,0
            23.594369,44.049289,0
            23.591523,44.050481,0
            23.587,44.05244,0
            23.584343,44.053582,0
            23.581409,44.054883,0
            23.578302,44.056061,0
            23.575032,44.057466,0
            23.571831,44.058602,0
            23.569225,44.059662,0
            23.56642,44.060633,0
            23.563275,44.061582,0
            23.56048,44.062366,0
            23.558085,44.063019,0
            23.554834,44.063936,0
            23.551609,44.064811,0
            23.549236,44.065414,0
            23.546172,44.0662,0
            23.542574,44.067446,0
            23.540632,44.068115,0
            23.537906,44.069073,0
            23.534531,44.070026,0
            23.531568,44.070715,0
            23.528506,44.071461,0
            23.525239,44.072247,0
            23.521913,44.073027,0
            23.519378,44.073637,0
            23.516864,44.074207,0
            23.513861,44.074924,0
            23.510208,44.07582,0
            23.506877,44.076573,0
            23.503808,44.077181,0
            23.500912,44.077716,0
            23.498134,44.078409,0
            23.495025,44.07921,0
            23.492083,44.08003,0
            23.489164,44.081071,0
            23.486744,44.0821,0
            23.484426,44.083062,0
            23.48147,44.08417,0
            23.478602,44.08527,0
            23.475648,44.086315,0
            23.472471,44.08755,0
            23.469142,44.088835,0
            23.465823,44.08997,0
            23.462356,44.091052,0
            23.45764,44.09213,0
            23.453388,44.092837,0
            23.449438,44.093707,0
            23.444397,44.095261,0
            23.439814,44.096836,0
            23.436079,44.098066,0
            23.43311,44.099259,0
            23.429484,44.10083,0
            23.426628,44.102055,0
            23.423531,44.103558,0
            23.420759,44.104813,0
            23.418706,44.105889,0
            23.416096,44.107168,0
            23.413887,44.108391,0
            23.412251,44.109158,0
            23.411161,44.109796,0
            23.409905,44.110413,0
            23.408474,44.111117,0
            23.406491,44.112031,0
            23.404465,44.112857,0
            23.40207,44.113939,0
            23.399081,44.115138,0
            23.396731,44.115951,0
            23.394009,44.116875,0
            23.391564,44.117595,0
            23.389174,44.118383,0
            23.385886,44.119521,0
            23.38327,44.1204,0
            23.380703,44.121305,0
            23.37842,44.122119,0
            23.375813,44.122933,0
            23.373478,44.123877,0
            23.370382,44.125101,0
            23.368325,44.126029,0
            23.364905,44.127636,0
            23.361652,44.129182,0
            23.358786,44.130556,0
            23.356053,44.131798,0
            23.352978,44.133176,0
            23.34924,44.134646,0
            23.346336,44.135962,0
            23.342675,44.137468,0
            23.339176,44.138781,0
            23.336586,44.139904,0
            23.333125,44.141231,0
            23.330481,44.142231,0
            23.327172,44.143725,0
            23.324454,44.144983,0
            23.32227,44.146091,0
            23.318957,44.1474,0
            23.316098,44.148552,0
            23.312783,44.150018,0
            23.309174,44.15154,0
            23.305322,44.153236,0
            23.301759,44.154969,0
            23.297874,44.15649,0
            23.29446,44.157795,0
            23.291556,44.158903,0
            23.288767,44.159838,0
            23.285863,44.160743,0
            23.282594,44.161907,0
            23.279821,44.162899,0
            23.276861,44.164014,0
            23.272561,44.165668,0
            23.269626,44.166945,0
            23.266873,44.168318,0
            23.264443,44.169391,0
            23.261877,44.170596,0
            23.259562,44.171661,0
            23.256512,44.173066,0
            23.253202,44.174613,0
            23.250426,44.175863,0
            23.248202,44.177229,0
            23.2454,44.178715,0
            23.242847,44.179951,0
            23.239575,44.181464,0
            23.23584,44.183103,0
            23.232666,44.184348,0
            23.230661,44.185132,0
            23.228077,44.18634,0
            23.224767,44.187796,0
            23.221888,44.189206,0
            23.218494,44.190655,0
            23.215842,44.191831,0
            23.213145,44.192967,0
            23.210691,44.194142,0
            23.207078,44.195792,0
            23.204799,44.196768,0
            23.202531,44.19788,0
            23.200448,44.198775,0
            23.197455,44.200381,0
            23.195427,44.201685,0
            23.192484,44.203599,0
            23.190519,44.204779,0
            23.187649,44.206625,0
            23.184969,44.208164,0
            23.182636,44.209487,0
            23.180872,44.210584,0
            23.178968,44.211608,0
            23.177543,44.212396,0
            23.176159,44.213293,0
            23.174983,44.214088,0
            23.173692,44.214996,0
            23.172281,44.215973,0
            23.170425,44.217262,0
            23.167715,44.219027,0
            23.165593,44.220571,0
            23.162355,44.222648,0
            23.1601,44.223862,0
            23.157668,44.225021,0
            23.153748,44.226936,0
            23.151392,44.227996,0
            23.148811,44.229057,0
            23.144226,44.230766,0
            23.140473,44.23193,0
            23.136654,44.232958,0
            23.132252,44.234027,0
            23.127264,44.235206,0
            23.123587,44.235774,0
            23.120589,44.236286,0
            23.116772,44.236893,0
            23.114488,44.237239,0
            23.111276,44.237647,0
            23.109482,44.237998,0
            23.105458,44.238702,0
            23.102901,44.239106,0
            23.100184,44.239541,0
            23.096731,44.240259,0
            23.093548,44.24093,0
            23.090035,44.241491,0
            23.086239,44.24213,0
            23.081586,44.242863,0
            23.078501,44.243346,0
            23.074307,44.244089,0
            23.070326,44.244633,0
            23.067392,44.244937,0
            23.06476,44.245249,0
            23.062354,44.245563,0
            23.060113,44.245759,0
            23.057775,44.246017,0
            23.055273,44.24627,0
            23.052418,44.246643,0
            23.050297,44.246853,0
            23.047245,44.247155,0
            23.044336,44.247491,0
            23.040797,44.247873,0
            23.036535,44.248359,0
            23.033831,44.248708,0
            23.031411,44.249003,0
            23.027839,44.249391,0
            23.024164,44.24984,0
            23.021411,44.250193,0
            23.019117,44.250498,0
            23.015358,44.251132,0
            23.011317,44.251827,0
            23.007977,44.252314,0
            23.004311,44.252823,0
            23.001231,44.253319,0
            22.998261,44.253748,0
            22.994807,44.254172,0
            22.990938,44.254565,0
            22.98926,44.254752,0
            22.985093,44.255414,0
            22.982248,44.255985,0
            22.978803,44.25661,0
            22.976073,44.257049,0
            22.972704,44.257685,0
            22.969291,44.258422,0
            22.965332,44.259219,0
            22.962118,44.259713,0
            22.959084,44.260126,0
            22.956716,44.260403,0
            22.953454,44.260759,0
            22.951185,44.260918,0
            22.947067,44.261131,0
            22.94378,44.261301,0
            22.939448,44.261338,0
            22.936728,44.261362,0
            22.934021,44.261518,0
            22.931552,44.261561,0
            22.929009,44.261672,0
            22.926318,44.261686,0
            22.922765,44.261645,0
            22.919449,44.261575,0
            22.916173,44.261423,0
            22.913006,44.261127,0
            22.910414,44.26085,0
            22.907441,44.260475,0
            22.905392,44.260103,0
            22.902029,44.259591,0
            22.899244,44.259093,0
            22.895605,44.258276,0
            22.891808,44.257495,0
            22.889683,44.257059,0
            22.885875,44.256089,0
            22.883164,44.255358,0
            22.881168,44.254907,0
            22.878507,44.254248,0
            22.875652,44.253677,0
            22.873259,44.253238,0
            22.871039,44.25287,0
            22.867895,44.252266,0
            22.864651,44.251673,0
            22.862105,44.251139,0
            22.859801,44.25074,0
            22.856356,44.250003,0
            22.853151,44.249433,0
            22.849907,44.248769,0
            22.847282,44.248223,0
            22.844029,44.247455,0
            22.840342,44.246578,0
            22.837243,44.245697,0
            22.833756,44.244746,0
            22.830051,44.243651,0
            22.826702,44.242692,0
            22.824096,44.241924,0
            22.821102,44.241095,0
            22.817597,44.240104,0
            22.814616,44.239191,0
            22.81158,44.238204,0
            22.80833,44.23727,0
            22.805638,44.236448,0
            22.802435,44.235496,0
            22.797579,44.234018,0
            22.794167,44.232689,0
            22.790717,44.231289,0
            22.787776,44.230206,0
            22.783667,44.228564,0
            22.779996,44.22697,0
            22.776845,44.225799,0
            22.773609,44.224507,0
            22.770511,44.223373,0
            22.766735,44.222027,0
            22.763596,44.220858,0
            22.760438,44.219684,0
            22.757683,44.218531,0
            22.754983,44.217443,0
            22.752002,44.216246,0
            22.748867,44.215088,0
            22.745871,44.213949,0
            22.742386,44.2127,0
            22.740465,44.211984,0
            22.737576,44.21104,0
            22.734847,44.210154,0
            22.732401,44.209334,0
            22.730945,44.20891,0
            22.72841,44.208114,0
            22.725307,44.207153,0
            22.722089,44.205993,0
            22.719629,44.205159,0
            22.717757,44.204482,0
            22.712663,44.202602,0
          </coordinates>
        </LineString>
      </Placemark>
      <Placemark>
        <name>Izo3</name>
        <styleUrl>#line-0000FF-4000-nodesc</styleUrl>
        <LineString>
          <tessellate>1</tessellate>
          <coordinates>
            27.058449,44.146445,0
            27.057422,44.162973,0
            27.056898,44.17507,0
            27.055477,44.186442,0
            27.05492,44.193482,0
            27.054749,44.199135,0
            27.054616,44.207508,0
            27.053668,44.218263,0
            27.052726,44.226677,0
            27.051871,44.235864,0
            27.051859,44.242383,0
            27.051208,44.248216,0
            27.05003,44.260977,0
            27.048648,44.272034,0
            27.047613,44.282297,0
            27.046988,44.290342,0
            27.04644,44.301064,0
            27.046114,44.311053,0
            27.045234,44.322691,0
            27.044644,44.329151,0
            27.044345,44.340146,0
            27.043691,44.346154,0
            27.043707,44.350802,0
            27.043474,44.365646,0
            27.043405,44.37784,0
            27.043697,44.386292,0
            27.04356,44.392892,0
            27.043325,44.400604,0
            27.043567,44.408603,0
            27.043563,44.418919,0
            27.043698,44.428337,0
            27.043225,44.436636,0
            27.043118,44.446312,0
            27.043123,44.457342,0
            27.042839,44.468943,0
            27.042682,44.481281,0
            27.0426,44.491606,0
            27.042826,44.501053,0
            27.042872,44.50753,0
            27.042889,44.517379,0
            27.04274,44.525766,0
            27.042541,44.532333,0
            27.042569,44.540999,0
            27.042776,44.548395,0
            27.043092,44.56151,0
            27.043847,44.572715,0
            27.045018,44.5821,0
            27.045856,44.592323,0
            27.047066,44.602415,0
            27.04858,44.613381,0
            27.050427,44.624319,0
            27.051934,44.633903,0
            27.053499,44.645245,0
            27.05433,44.65284,0
            27.054691,44.657529,0
            27.055231,44.6644,0
            27.056631,44.678405,0
            27.057649,44.687971,0
            27.058473,44.693918,0
            27.058948,44.701098,0
            27.060327,44.71383,0
            27.061208,44.719112,0
            27.063075,44.736202,0
            27.063716,44.746438,0
            27.063587,44.755487,0
            27.064095,44.767233,0
            27.064695,44.776806,0
            27.064425,44.782599,0
            27.064973,44.796331,0
            27.066353,44.809272,0
            27.067378,44.816433,0
            27.06817,44.828087,0
            27.069241,44.841732,0
            27.069725,44.853459,0
            27.070116,44.86197,0
            27.070489,44.868178,0
            27.071016,44.873801,0
            27.071395,44.876963,0
            27.071673,44.88108,0
            27.072018,44.885936,0
            27.072411,44.890724,0
            27.072827,44.895469,0
            27.07327,44.899525,0
            27.073496,44.902568,0
            27.074375,44.90789,0
            27.075491,44.913316,0
            27.076115,44.917732,0
            27.076857,44.924024,0
            27.078431,44.93243,0
            27.079458,44.937219,0
            27.081356,44.943839,0
            27.083029,44.951844,0
            27.084463,44.959479,0
            27.085682,44.966931,0
            27.087125,44.97597,0
            27.08741,44.979091,0
            27.08805,44.983137,0
            27.088904,44.989388,0
            27.089561,44.994338,0
            27.090338,44.998584,0
            27.091429,45.003397,0
            27.092211,45.006855,0
            27.092894,45.011133,0
            27.093784,45.015719,0
            27.094087,45.018737,0
            27.094558,45.022232,0
            27.095036,45.027331,0
            27.095143,45.029636,0
            27.095264,45.031344,0
            27.095335,45.032669,0
            27.095378,45.033553,0
            27.095419,45.035598,0
            27.095537,45.038372,0
            27.095809,45.042077,0
            27.096277,45.045863,0
            27.097133,45.049885,0
            27.098212,45.054567,0
            27.099213,45.058333,0
            27.101083,45.065484,0
            27.101994,45.070053,0
            27.103236,45.076231,0
            27.104031,45.082311,0
            27.105421,45.086773,0
            27.107514,45.092415,0
            27.109082,45.096817,0
            27.110302,45.100544,0
            27.111386,45.103978,0
            27.113103,45.108618,0
            27.114832,45.113021,0
            27.117026,45.118489,0
            27.118891,45.12322,0
            27.120125,45.12683,0
            27.123055,45.135353,0
            27.123855,45.137312,0
            27.124435,45.138664,0
            27.124811,45.139492,0
            27.125125,45.140257,0
            27.125644,45.141508,0
            27.126079,45.143324,0
            27.126695,45.145516,0
            27.12764,45.148709,0
            27.129638,45.155296,0
            27.131687,45.162082,0
            27.133509,45.167708,0
            27.135066,45.173291,0
            27.136283,45.177474,0
            27.137107,45.179618,0
            27.139971,45.187621,0
            27.142794,45.194812,0
            27.144602,45.199361,0
            27.146159,45.203847,0
            27.147875,45.20804,0
            27.150128,45.21295,0
            27.152133,45.218168,0
            27.153406,45.222898,0
            27.15458,45.228193,0
            27.156261,45.23449,0
            27.158324,45.239607,0
            27.15908,45.241576,0
            27.16078,45.246531,0
            27.162165,45.251087,0
            27.164181,45.257084,0
            27.16576,45.261805,0
            27.168573,45.267836,0
            27.170105,45.271466,0
            27.172252,45.275955,0
            27.174078,45.28034,0
            27.175056,45.282713,0
            27.176786,45.287362,0
            27.178208,45.293389,0
            27.179137,45.296872,0
            27.180084,45.300322,0
            27.181315,45.304191,0
            27.182983,45.309875,0
            27.185917,45.317095,0
            27.187122,45.320156,0
            27.18959,45.328251,0
            27.190298,45.330929,0
            27.191478,45.337501,0
            27.191745,45.341432,0
            27.192553,45.347983,0
            27.193842,45.35307,0
            27.194668,45.357339,0
            27.195673,45.368779,0
            27.197103,45.377081,0
            27.198548,45.381696,0
            27.201206,45.389212,0
            27.203255,45.396324,0
            27.203748,45.398768,0
            27.204363,45.402354,0
            27.205163,45.408461,0
            27.205278,45.414167,0
            27.205442,45.417613,0
            27.205584,45.422362,0
            27.205807,45.426053,0
            27.206468,45.431604,0
            27.206798,45.43438,0
            27.207951,45.440841,0
            27.209167,45.446317,0
            27.210078,45.450956,0
            27.211213,45.457664,0
            27.212091,45.463695,0
            27.212903,45.469442,0
            27.213491,45.473443,0
            27.214444,45.479741,0
            27.21543,45.485893,0
            27.216169,45.49143,0
            27.216625,45.495204,0
            27.21707,45.500005,0
            27.217222,45.501986,0
            27.217713,45.508008,0
            27.218125,45.512914,0
            27.21876,45.518293,0
            27.219028,45.521501,0
            27.219813,45.527761,0
            27.220649,45.532947,0
            27.221519,45.539159,0
            27.222273,45.544384,0
            27.222897,45.550312,0
            27.223268,45.555637,0
            27.223469,45.558493,0
            27.223539,45.562553,0
            27.223523,45.56631,0
            27.223925,45.582323,0
            27.224019,45.589284,0
            27.224174,45.59184,0
            27.224668,45.59843,0
            27.225295,45.604852,0
            27.22564,45.609452,0
            27.225859,45.612402,0
            27.226065,45.616885,0
            27.226431,45.620499,0
            27.2271,45.626053,0
            27.227547,45.629755,0
            27.227993,45.633457,0
            27.228552,45.638085,0
            27.228877,45.643709,0
            27.228679,45.650196,0
            27.228229,45.656617,0
            27.227543,45.660698,0
            27.226449,45.668095,0
            27.225785,45.6736,0
            27.225303,45.679364,0
            27.224863,45.684915,0
            27.223921,45.690743,0
            27.223165,45.694879,0
            27.222018,45.700921,0
            27.22138,45.704085,0
            27.220244,45.709995,0
            27.219582,45.715029,0
            27.218629,45.720815,0
            27.217837,45.726348,0
            27.216996,45.731924,0
            27.216158,45.737029,0
            27.214992,45.743157,0
            27.213881,45.746918,0
            27.211908,45.751089,0
            27.20991,45.75481,0
            27.207602,45.760705,0
            27.206123,45.764273,0
            27.203224,45.771181,0
            27.200517,45.777171,0
            27.197574,45.782691,0
            27.194946,45.788876,0
            27.193044,45.794327,0
            27.191419,45.800223,0
            27.190165,45.804934,0
            27.188469,45.810182,0
            27.18679,45.815974,0
            27.185561,45.820284,0
            27.18492,45.82327,0
            27.184177,45.826303,0
            27.182731,45.830667,0
            27.180958,45.834122,0
            27.17802,45.838452,0
            27.175566,45.84254,0
            27.173566,45.845203,0
            27.170429,45.850012,0
            27.168889,45.852984,0
            27.166212,45.858213,0
            27.16427,45.86401,0
            27.162718,45.86736,0
            27.158878,45.873517,0
            27.156411,45.879221,0
            27.154545,45.883976,0
            27.15303,45.888322,0
            27.151111,45.894259,0
            27.150245,45.896748,0
            27.148692,45.900039,0
            27.145671,45.906294,0
            27.143542,45.910019,0
            27.139445,45.919004,0
            27.138509,45.921258,0
            27.134675,45.92766,0
            27.129989,45.935228,0
            27.126539,45.941157,0
            27.124094,45.946462,0
            27.122263,45.950461,0
            27.120156,45.955472,0
            27.119096,45.959462,0
            27.118016,45.963776,0
            27.115965,45.969052,0
            27.113863,45.97309,0
            27.110513,45.978724,0
            27.107478,45.986072,0
            27.105348,45.993515,0
            27.103166,45.998905,0
            27.101571,46.003516,0
            27.099251,46.009098,0
            27.097035,46.013836,0
            27.094066,46.019143,0
            27.092219,46.023241,0
            27.08965,46.029069,0
            27.086825,46.036015,0
            27.085019,46.040448,0
            27.083693,46.044312,0
            27.081478,46.051579,0
            27.079685,46.057783,0
            27.078501,46.060792,0
            27.075876,46.067802,0
            27.072364,46.0789,0
            27.070865,46.083666,0
            27.06869,46.088276,0
            27.066382,46.091924,0
            27.063905,46.097031,0
            27.061623,46.10138,0
            27.05929,46.105502,0
            27.057445,46.110051,0
            27.05608,46.114239,0
            27.055121,46.116669,0
            27.053228,46.122294,0
            27.05221,46.124818,0
            27.0507,46.128221,0
            27.048211,46.13322,0
            27.04481,46.139065,0
            27.042849,46.142885,0
            27.040373,46.147696,0
            27.037156,46.155344,0
            27.03476,46.161023,0
            27.032222,46.16839,0
            27.029985,46.172668,0
            27.027431,46.178129,0
            27.026107,46.180929,0
            27.024814,46.18385,0
            27.022106,46.190152,0
            27.020967,46.194128,0
            27.018565,46.198977,0
            27.016086,46.204776,0
            27.012812,46.210926,0
            27.010393,46.216149,0
            27.006768,46.223837,0
            27.004382,46.229082,0
            27.00164,46.234281,0
            26.998624,46.239081,0
            26.996609,46.243265,0
            26.994357,46.248504,0
            26.992196,46.252605,0
            26.990883,46.255692,0
            26.989795,46.258042,0
            26.987579,46.264376,0
            26.9838,46.272451,0
            26.981029,46.277446,0
            26.978124,46.28335,0
            26.976177,46.286598,0
            26.974421,46.290232,0
            26.972856,46.295044,0
            26.970926,46.299584,0
            26.969974,46.302548,0
            26.967776,46.305932,0
            26.964957,46.31118,0
            26.963538,46.313762,0
            26.960973,46.320636,0
            26.95882,46.325433,0
            26.957795,46.328297,0
            26.955397,46.334541,0
            26.954058,46.338205,0
            26.95274,46.341908,0
            26.951536,46.344558,0
            26.94938,46.349359,0
            26.94748,46.354201,0
            26.946112,46.357783,0
            26.943343,46.363438,0
            26.941215,46.367358,0
            26.939906,46.369353,0
            26.93761,46.373775,0
            26.935925,46.37836,0
            26.934968,46.380838,0
            26.932117,46.387761,0
            26.931089,46.390628,0
            26.928285,46.396609,0
            26.925879,46.401395,0
            26.923366,46.406043,0
            26.921109,46.409898,0
            26.91923,46.413763,0
            26.917156,46.417847,0
            26.913267,46.425984,0
            26.909298,46.434379,0
            26.908759,46.4358,0
            26.907041,46.439656,0
            26.904247,46.445838,0
            26.902001,46.451531,0
            26.899445,46.45683,0
            26.897136,46.462374,0
            26.893913,46.470425,0
            26.891578,46.475691,0
            26.88971,46.479409,0
            26.886168,46.487332,0
            26.884039,46.491975,0
            26.880453,46.499057,0
            26.878752,46.50304,0
            26.877594,46.505921,0
            26.876115,46.509335,0
            26.874199,46.514949,0
            26.87229,46.520739,0
            26.869544,46.527781,0
            26.868216,46.531173,0
            26.866136,46.534926,0
            26.863312,46.540762,0
            26.861503,46.544497,0
            26.858373,46.551082,0
            26.855998,46.556462,0
            26.853408,46.562052,0
            26.851153,46.566545,0
            26.847755,46.572788,0
            26.846188,46.575807,0
            26.842115,46.581594,0
            26.839535,46.585213,0
            26.835266,46.591147,0
            26.832705,46.594808,0
            26.830051,46.60157,0
            26.828031,46.606462,0
            26.826719,46.610473,0
            26.824794,46.616411,0
            26.823638,46.619821,0
            26.821438,46.625006,0
            26.819573,46.630461,0
            26.817893,46.634349,0
            26.81504,46.640349,0
            26.813144,46.644211,0
            26.810379,46.650054,0
            26.808737,46.653095,0
            26.80708,46.656595,0
            26.805159,46.660419,0
            26.803784,46.663314,0
            26.803053,46.66516,0
            26.800444,46.672024,0
            26.797199,46.67816,0
            26.795854,46.680316,0
            26.793913,46.684178,0
            26.789657,46.691357,0
            26.787712,46.694221,0
            26.783681,46.700243,0
            26.78006,46.705899,0
            26.776183,46.711281,0
            26.774171,46.714912,0
            26.770555,46.720527,0
            26.768175,46.724358,0
            26.764594,46.730284,0
            26.762302,46.734551,0
            26.759865,46.738886,0
            26.757427,46.743074,0
            26.754491,46.748101,0
            26.750339,46.75615,0
            26.74708,46.762571,0
            26.743207,46.770019,0
            26.74005,46.776121,0
            26.736459,46.782472,0
            26.733987,46.78739,0
            26.730895,46.792996,0
            26.728601,46.797191,0
            26.724605,46.804289,0
            26.721683,46.809131,0
            26.718302,46.815605,0
            26.715227,46.82147,0
            26.713514,46.824366,0
            26.711209,46.828318,0
            26.708017,46.833998,0
            26.703586,46.840748,0
            26.699953,46.846137,0
            26.696676,46.850261,0
            26.693394,46.855102,0
            26.689646,46.860652,0
            26.686085,46.866238,0
            26.684289,46.869598,0
            26.680202,46.875828,0
            26.676607,46.882227,0
            26.674043,46.886595,0
            26.671124,46.89195,0
            26.668693,46.897181,0
            26.662037,46.908139,0
            26.658264,46.91517,0
            26.656017,46.919918,0
            26.653591,46.924176,0
            26.651395,46.927772,0
            26.649324,46.931759,0
            26.646811,46.936897,0
            26.643487,46.942869,0
            26.641181,46.947422,0
            26.637425,46.953534,0
            26.635011,46.95742,0
            26.631998,46.962519,0
            26.629551,46.966189,0
            26.626367,46.970983,0
            26.623723,46.974641,0
            26.621082,46.97898,0
            26.617857,46.984078,0
            26.614615,46.989802,0
            26.611764,46.994914,0
            26.608923,47.000685,0
            26.606192,47.005277,0
            26.604221,47.008227,0
            26.600331,47.01404,0
            26.598483,47.016634,0
            26.595982,47.020884,0
            26.593409,47.025612,0
            26.591507,47.029615,0
            26.589919,47.03232,0
            26.587259,47.036164,0
            26.584128,47.041983,0
            26.582594,47.044823,0
            26.579784,47.050499,0
            26.577528,47.055237,0
            26.575515,47.059526,0
            26.573849,47.062873,0
            26.569208,47.07168,0
            26.564953,47.07749,0
            26.561627,47.081643,0
            26.558636,47.085071,0
            26.554149,47.090196,0
            26.551029,47.094163,0
            26.549372,47.097204,0
            26.546938,47.101033,0
            26.545272,47.104182,0
            26.543084,47.108195,0
            26.540935,47.112799,0
            26.538195,47.118568,0
            26.535508,47.123937,0
            26.532765,47.128874,0
            26.530035,47.133582,0
            26.528327,47.136587,0
            26.524964,47.143318,0
            26.523445,47.146926,0
            26.52078,47.152972,0
            26.517752,47.158765,0
            26.514446,47.16477,0
            26.511966,47.16913,0
            26.509027,47.17423,0
            26.50685,47.17797,0
            26.503733,47.18345,0
            26.499953,47.189002,0
            26.497478,47.192636,0
            26.496148,47.195202,0
            26.492847,47.200739,0
            26.489395,47.206625,0
            26.487663,47.209716,0
            26.483398,47.217414,0
            26.48081,47.2214,0
            26.477265,47.226734,0
            26.472889,47.233508,0
            26.470253,47.237267,0
            26.466141,47.243455,0
            26.457764,47.257004,0
            26.453819,47.262781,0
            26.450039,47.268407,0
            26.446465,47.274354,0
            26.445098,47.277042,0
            26.442809,47.281089,0
            26.437436,47.287659,0
            26.435339,47.290326,0
            26.430231,47.296291,0
            26.42766,47.29917,0
            26.42468,47.302988,0
            26.419086,47.309367,0
            26.414878,47.3153,0
            26.412354,47.318366,0
            26.408398,47.323896,0
            26.405421,47.329122,0
            26.403067,47.332986,0
            26.39999,47.337308,0
            26.395612,47.344183,0
            26.393544,47.347819,0
            26.390605,47.352108,0
            26.385893,47.358421,0
            26.380688,47.364294,0
            26.376626,47.36965,0
            26.371479,47.376246,0
            26.369843,47.379001,0
            26.364906,47.385692,0
            26.359791,47.391673,0
            26.357343,47.39457,0
            26.353194,47.397958,0
            26.348458,47.402811,0
            26.34498,47.406844,0
            26.34285,47.40929,0
            26.340164,47.412494,0
            26.335129,47.417745,0
            26.329909,47.423528,0
            26.327117,47.426436,0
            26.324334,47.429008,0
            26.3212,47.431949,0
            26.319647,47.433387,0
            26.317336,47.435358,0
            26.313666,47.438484,0
            26.3092,47.442071,0
            26.302886,47.447208,0
            26.297404,47.451355,0
            26.292522,47.455175,0
            26.285575,47.460687,0
            26.281522,47.46373,0
            26.278722,47.46613,0
            26.274894,47.46957,0
            26.270492,47.473808,0
            26.265834,47.478203,0
            26.263233,47.480801,0
            26.260064,47.483658,0
            26.256896,47.486613,0
            26.250615,47.492118,0
            26.245775,47.497027,0
            26.241751,47.500959,0
            26.235645,47.507643,0
            26.23181,47.512161,0
            26.22786,47.517399,0
            26.225497,47.520241,0
            26.220937,47.52537,0
            26.217592,47.529019,0
            26.213578,47.533242,0
            26.209329,47.537737,0
            26.199887,47.54727,0
            26.180082,47.565471,0
            26.170237,47.574461,0
            26.169009,47.575764,0
            26.167177,47.577672,0
            26.166362,47.578426,0
            26.165479,47.579281,0
            26.164246,47.580596,0
            26.163327,47.581503,0
            26.162293,47.582702,0
            26.161365,47.583719,0
            26.160541,47.5846,0
            26.15988,47.585391,0
            26.159224,47.586233,0
            26.158205,47.587412,0
            26.157452,47.588335,0
            26.156315,47.589515,0
            26.154658,47.591111,0
            26.151936,47.593669,0
            26.148862,47.596409,0
            26.144705,47.60026,0
            26.135655,47.607674,0
            26.12661,47.615366,0
            25.93964,47.771597,0
            25.932298,47.777407,0
            25.929507,47.779603,0
            25.926238,47.782074,0
            25.92144,47.786212,0
            25.919111,47.78797,0
            25.91759,47.78914,0
            25.915416,47.790969,0
            25.912951,47.792813,0
            25.909909,47.795444,0
            25.906353,47.798442,0
            25.903805,47.800737,0
            25.902162,47.802357,0
            25.8997,47.804377,0
            25.897638,47.805979,0
            25.895384,47.807468,0
            25.892792,47.809333,0
            25.889294,47.812041,0
            25.886569,47.814153,0
            25.882427,47.816986,0
            25.879014,47.819381,0
            25.873937,47.82281,0
            25.869973,47.825649,0
            25.867912,47.82702,0
            25.865208,47.828653,0
            25.862373,47.830196,0
            25.859217,47.83189,0
            25.855666,47.833934,0
            25.851888,47.836275,0
            25.847226,47.838628,0
            25.842436,47.841283,0
            25.838084,47.84376,0
            25.835112,47.845284,0
            25.832016,47.846796,0
            25.828883,47.84829,0
            25.824753,47.850143,0
            25.82021,47.852174,0
            25.816561,47.853973,0
            25.811691,47.856261,0
            25.795514,47.863156,0
            25.78443,47.868095,0
            25.778766,47.870819,0
            25.774602,47.872754,0
            25.772687,47.873735,0
            25.770206,47.874911,0
            25.768081,47.87603,0
            25.765857,47.877152,0
            25.764168,47.878097,0
            25.762615,47.879191,0
            25.76033,47.880654,0
            25.757395,47.882736,0
            25.752551,47.885435,0
            25.748879,47.88753,0
            25.746074,47.889335,0
            25.74294,47.891225,0
            25.740383,47.892838,0
            25.737978,47.894427,0
            25.736196,47.895586,0
            25.734282,47.896779,0
            25.7323,47.897939,0
            25.730623,47.898939,0
            25.728497,47.900221,0
            25.726364,47.901594,0
            25.72416,47.902983,0
            25.722169,47.904173,0
            25.720365,47.905215,0
            25.718318,47.906487,0
            25.716049,47.907962,0
            25.713447,47.909834,0
            25.711243,47.911239,0
            25.708188,47.913456,0
            25.705387,47.91581,0
            25.702491,47.918159,0
            25.699712,47.920371,0
            25.696912,47.922576,0
            25.693009,47.925928,0
            25.689945,47.928435,0
            25.688084,47.929933,0
            25.685462,47.931877,0
            25.683574,47.933198,0
            25.681557,47.934487,0
            25.679931,47.93559,0
            25.678105,47.936738,0
            25.676026,47.938154,0
            25.674356,47.939244,0
            25.671216,47.94129,0
            25.669496,47.942453,0
            25.668089,47.943356,0
            25.666172,47.944711,0
            25.664572,47.945847,0
            25.661015,47.948412,0
          </coordinates>
        </LineString>
      </Placemark>
      <Placemark>
        <name>Izo2</name>
        <styleUrl>#line-0000FF-4000-nodesc</styleUrl>
        <LineString>
          <tessellate>1</tessellate>
          <coordinates>
            27.341415,44.062186,0
            27.357809,44.062944,0
            27.369945,44.063764,0
            27.382495,44.064826,0
            27.393144,44.065562,0
            27.400558,44.065829,0
            27.408312,44.0664,0
            27.417587,44.067403,0
            27.4272,44.068119,0
            27.435431,44.069472,0
            27.444626,44.069739,0
            27.453839,44.070235,0
            27.459039,44.070668,0
            27.466474,44.07153,0
            27.474532,44.073502,0
            27.485583,44.075953,0
            27.497344,44.078879,0
            27.504537,44.080801,0
            27.515444,44.083288,0
            27.522527,44.084699,0
            27.535678,44.088098,0
            27.548398,44.090727,0
            27.560152,44.093936,0
            27.578219,44.100172,0
            27.59415,44.106813,0
            27.604521,44.111735,0
            27.615305,44.117371,0
            27.626879,44.122361,0
            27.63568,44.12676,0
            27.640913,44.12902,0
            27.649224,44.132497,0
            27.65842,44.136921,0
            27.663148,44.139244,0
            27.671103,44.142784,0
            27.677782,44.1464,0
            27.684965,44.149871,0
            27.696609,44.155093,0
            27.704603,44.159353,0
            27.71573,44.165651,0
            27.724565,44.170367,0
            27.733856,44.175207,0
            27.744041,44.180795,0
            27.753593,44.185819,0
            27.761166,44.189895,0
            27.768067,44.19354,0
            27.775472,44.197373,0
            27.784362,44.202316,0
            27.793172,44.206743,0
            27.801452,44.211367,0
            27.806649,44.214088,0
            27.81704,44.219305,0
            27.829239,44.225888,0
            27.838332,44.230907,0
            27.850354,44.237935,0
            27.856691,44.241957,0
            27.865708,44.247558,0
            27.87456,44.253529,0
            27.881205,44.258132,0
            27.889228,44.263886,0
            27.893669,44.267295,0
            27.900947,44.27238,0
            27.906543,44.276472,0
            27.913885,44.281825,0
            27.92305,44.288581,0
            27.928611,44.292548,0
            27.934247,44.297014,0
            27.939832,44.300995,0
            27.948893,44.307201,0
            27.956167,44.313417,0
            27.963445,44.320771,0
            27.968927,44.326936,0
            27.97274,44.330875,0
            27.975792,44.334254,0
            27.980591,44.340246,0
            27.986771,44.347405,0
            27.992095,44.353387,0
            27.998405,44.360659,0
            28.005252,44.36878,0
            28.011249,44.375222,0
            28.015824,44.379719,0
            28.022618,44.386423,0
            28.027272,44.391309,0
            28.033394,44.396729,0
            28.038377,44.401366,0
            28.044434,44.407029,0
            28.04872,44.410569,0
            28.053695,44.415307,0
            28.057086,44.418549,0
            28.063045,44.423986,0
            28.066895,44.427957,0
            28.072028,44.432822,0
            28.075943,44.437488,0
            28.08282,44.444773,0
            28.088924,44.451341,0
            28.09454,44.456922,0
            28.098178,44.460536,0
            28.100929,44.463969,0
            28.106352,44.470924,0
            28.110413,44.475971,0
            28.114639,44.481494,0
            28.118832,44.485784,0
            28.124457,44.492709,0
            28.132698,44.502083,0
            28.141799,44.511839,0
            28.148221,44.519612,0
            28.155037,44.528492,0
            28.161316,44.536877,0
            28.164893,44.541901,0
            28.170175,44.549607,0
            28.175894,44.55785,0
            28.180805,44.565599,0
            28.184662,44.571113,0
            28.188743,44.576986,0
            28.192403,44.582397,0
            28.197431,44.589712,0
            28.20337,44.598226,0
            28.209183,44.605954,0
            28.213923,44.612541,0
            28.218414,44.619661,0
            28.222195,44.625083,0
            28.224826,44.629323,0
            28.229578,44.636254,0
            28.233945,44.643021,0
            28.237722,44.647671,0
            28.243576,44.655895,0
            28.249267,44.663829,0
            28.255529,44.672422,0
            28.258476,44.676158,0
            28.260891,44.67981,0
            28.26447,44.685606,0
            28.268456,44.692609,0
            28.270998,44.696227,0
            28.274425,44.70157,0
            28.27965,44.708486,0
            28.282606,44.713442,0
            28.286187,44.719224,0
            28.291858,44.727406,0
            28.29835,44.73653,0
            28.303132,44.743384,0
            28.307432,44.749805,0
            28.310628,44.754849,0
            28.313908,44.759175,0
            28.318016,44.764936,0
            28.320152,44.767359,0
            28.326055,44.775442,0
            28.332,44.782176,0
            28.343154,44.792625,0
            28.348268,44.7973,0
            28.352922,44.801702,0
            28.356293,44.805006,0
            28.360506,44.809349,0
            28.365875,44.814227,0
            28.373463,44.821048,0
            28.378917,44.825722,0
            28.38554,44.831108,0
            28.391,44.835066,0
            28.396869,44.840136,0
            28.403975,44.846833,0
            28.408653,44.851136,0
            28.41589,44.857011,0
            28.42269,44.863044,0
            28.428116,44.867727,0
            28.436134,44.873358,0
            28.443263,44.877414,0
            28.450595,44.882377,0
            28.459174,44.887811,0
            28.464023,44.891279,0
            28.4726,44.89622,0
            28.484382,44.904172,0
            28.491382,44.908599,0
            28.50574,44.918973,0
            28.518246,44.92734,0
            28.528205,44.934215,0
            28.536428,44.939132,0
            28.545623,44.944414,0
            28.554554,44.949962,0
            28.561131,44.953812,0
            28.565682,44.956558,0
            28.573771,44.961261,0
            28.582778,44.965167,0
            28.58894,44.967404,0
            28.59471,44.968821,0
            28.606778,44.971648,0
            28.621744,44.974652,0
            28.631647,44.976337,0
            28.635642,44.977051,0
            28.636199,44.977139,0
            28.636905,44.977293,0
            28.637713,44.977471,0
            28.638443,44.977611,0
            28.638809,44.977703,0
            28.639449,44.977874,0
            28.640353,44.978048,0
            28.645511,44.979142,0
            28.652156,44.980687,0
            28.665602,44.983108,0
            28.673864,44.984414,0
            28.68307,44.985595,0
            28.693116,44.986835,0
            28.704525,44.988634,0
            28.714817,44.990346,0
            28.724918,44.991904,0
            28.733532,44.993328,0
            28.742289,44.9947,0
            28.752933,44.996291,0
            28.763424,44.998211,0
            28.777621,45.001097,0
            28.786886,45.003111,0
            28.796211,45.004999,0
            28.808086,45.007483,0
            28.816025,45.009122,0
            28.826695,45.011063,0
            28.837205,45.012747,0
            28.84963,45.014732,0
            28.854543,45.015395,0
            28.864341,45.016731,0
            28.876689,45.018458,0
            28.88848,45.020241,0
            28.899162,45.022139,0
            28.908511,45.023772,0
            28.913677,45.024683,0
            28.926176,45.026936,0
            28.936491,45.028869,0
            28.942785,45.029957,0
            28.956266,45.032121,0
            28.967492,45.034063,0
            28.980896,45.036578,0
            28.992079,45.038329,0
            29.000797,45.039539,0
            29.009672,45.040869,0
            29.018408,45.042091,0
            29.024088,45.042818,0
            29.030444,45.043587,0
            29.036792,45.044629,0
            29.049661,45.046487,0
            29.062784,45.048139,0
            29.074372,45.049611,0
            29.088387,45.051515,0
            29.09629,45.052525,0
            29.10646,45.053828,0
            29.114385,45.055002,0
            29.12087,45.055976,0
            29.132949,45.05796,0
            29.142394,45.059648,0
            29.150357,45.061178,0
            29.159648,45.063106,0
            29.169403,45.06444,0
            29.181034,45.066098,0
            29.194615,45.06819,0
            29.20275,45.069157,0
            29.211584,45.070314,0
            29.218667,45.070745,0
            29.225563,45.070869,0
            29.232678,45.070855,0
            29.238387,45.071114,0
            29.243887,45.071495,0
            29.247362,45.072038,0
            29.251249,45.072556,0
            29.254602,45.072913,0
            29.257842,45.073282,0
            29.261642,45.073714,0
            29.264762,45.073993,0
            29.269518,45.074358,0
            29.275878,45.074604,0
            29.281845,45.075203,0
            29.292097,45.075476,0
            29.300953,45.075361,0
            29.310766,45.075506,0
            29.321761,45.076276,0
            29.332806,45.077166,0
            29.342167,45.07748,0
            29.349514,45.077644,0
            29.364984,45.077976,0
            29.376034,45.078077,0
            29.387266,45.078343,0
            29.400942,45.07876,0
            29.410937,45.078899,0
            29.419442,45.079252,0
            29.429703,45.079641,0
            29.442304,45.079838,0
            29.45003,45.080148,0
            29.459116,45.080176,0
            29.473248,45.079909,0
            29.479292,45.079997,0
            29.488518,45.0799,0
            29.500091,45.079683,0
            29.510732,45.079329,0
            29.521635,45.078748,0
            29.529208,45.078436,0
            29.544651,45.077351,0
            29.556197,45.076362,0
            29.565015,45.075673,0
            29.572449,45.075219,0
            29.581054,45.074465,0
            29.592072,45.073581,0
            29.598236,45.073165,0
            29.614949,45.07155,0
            29.628616,45.070244,0
            29.637577,45.069525,0
            29.646212,45.068702,0
            29.649906,45.068462,0
          </coordinates>
        </LineString>
      </Placemark>
      <Placemark>
        <name>Izo1</name>
        <styleUrl>#line-0000FF-4000-nodesc</styleUrl>
        <LineString>
          <tessellate>1</tessellate>
          <coordinates>
            27.776033,43.960178,0
            27.788812,43.971325,0
            27.799666,43.981037,0
            27.805093,43.985892,0
            27.811313,43.990691,0
            27.815886,43.992756,0
            27.817991,43.994726,0
            27.826286,44.001793,0
            27.837609,44.009113,0
            27.852864,44.021531,0
            27.858602,44.025166,0
            27.865711,44.030397,0
            27.875451,44.037218,0
            27.885506,44.044225,0
            27.893411,44.049493,0
            27.907196,44.060502,0
            27.915371,44.066946,0
            27.92036,44.071483,0
            27.928842,44.077727,0
            27.932715,44.08005,0
            27.936421,44.083446,0
            27.941464,44.087935,0
            27.946303,44.090831,0
            27.956183,44.09821,0
            27.964989,44.104961,0
            27.973136,44.110993,0
            27.984461,44.119299,0
            27.990682,44.123238,0
            28.000572,44.130612,0
            28.013708,44.13964,0
            28.02018,44.144086,0
            28.033348,44.152523,0
            28.04574,44.161451,0
            28.052309,44.166527,0
            28.060327,44.171692,0
            28.070934,44.1782,0
            28.076523,44.181759,0
            28.083605,44.187291,0
            28.091542,44.192981,0
            28.104651,44.203655,0
            28.1138,44.210255,0
            28.1196,44.213904,0
            28.125795,44.218366,0
            28.133321,44.224004,0
            28.143276,44.2303,0
            28.149924,44.235464,0
            28.160503,44.243369,0
            28.17214,44.25071,0
            28.178479,44.253888,0
            28.187223,44.259068,0
            28.200179,44.264997,0
            28.21341,44.271849,0
            28.222089,44.276568,0
            28.236536,44.2828,0
            28.252335,44.290214,0
            28.266589,44.297088,0
            28.27823,44.302215,0
            28.28487,44.305363,0
            28.2972,44.311102,0
            28.30288,44.313683,0
            28.312073,44.318329,0
            28.324795,44.324869,0
            28.334657,44.329913,0
            28.343206,44.333988,0
            28.353728,44.338345,0
            28.358847,44.34117,0
            28.373378,44.347798,0
            28.388557,44.354795,0
            28.402113,44.360843,0
            28.409991,44.364321,0
            28.419826,44.368702,0
            28.437684,44.375981,0
            28.451,44.382262,0
            28.460723,44.386044,0
            28.472294,44.390715,0
            28.481348,44.393908,0
            28.493907,44.398184,0
            28.50755,44.402532,0
            28.519399,44.406578,0
            28.526021,44.409307,0
            28.536535,44.412001,0
            28.548367,44.415835,0
            28.563024,44.418615,0
            28.575413,44.420461,0
            28.584155,44.42133,0
            28.593839,44.422952,0
            28.607769,44.424729,0
            28.61889,44.425636,0
            28.631374,44.42752,0
            28.651182,44.429778,0
            28.66513,44.431546,0
            28.680399,44.433369,0
            28.690368,44.434363,0
            28.703819,44.434683,0
            28.719837,44.433773,0
            28.731731,44.431024,0
            28.741097,44.427585,0
            28.74977,44.423552,0
            28.756291,44.421165,0
          </coordinates>
        </LineString>
      </Placemark>
    </Folder>
    <Folder>
      <name>Zone</name>
      <Placemark>
        <name>CR 1-1-3/2012</name>
        <description>sk = 1,5 kN/m2</description>
        <styleUrl>#poly-00FFFF-1000-76</styleUrl>
        <Polygon>
          <outerBoundaryIs>
            <LinearRing>
              <tessellate>1</tessellate>
              <coordinates>
                27.843853,43.966216,0
                27.916753,44.008442,0
                27.944438,43.984029,0
                27.946379,43.97671,0
                27.946777,43.972164,0
                27.95386,43.940579,0
                27.977337,43.898161,0
                27.994725,43.842073,0
                27.99764,43.841205,0
                28.000311,43.841548,0
                28.016956,43.836583,0
                28.103735,43.80193,0
                28.126635,43.793587,0
                28.236428,43.758246,0
                28.241208,43.758297,0
                28.276967,43.756176,0
                28.342069,43.752534,0
                28.348908,43.752295,0
                28.35795,43.750345,0
                28.442661,43.734119,0
                28.44707,43.733671,0
                28.578712,43.738979,0
                28.579365,43.742325,0
                28.57971,43.744319,0
                28.578055,43.749053,0
                28.575522,43.753225,0
                28.57477,43.757026,0
                28.576377,43.75901,0
                28.57608,43.762027,0
                28.577342,43.764241,0
                28.579166,43.767322,0
                28.580273,43.772301,0
                28.581158,43.775129,0
                28.5816,43.779867,0
                28.581076,43.783841,0
                28.581272,43.789485,0
                28.587486,43.810733,0
                28.589607,43.819992,0
                28.590798,43.830911,0
                28.593426,43.841984,0
                28.597492,43.842315,0
                28.601083,43.844318,0
                28.59998,43.846737,0
                28.602446,43.848672,0
                28.606495,43.850322,0
                28.60818,43.853388,0
                28.606855,43.870021,0
                28.606137,43.877577,0
                28.607289,43.88262,0
                28.61069,43.886013,0
                28.612904,43.892502,0
                28.614116,43.896444,0
                28.61603,43.900093,0
                28.618638,43.902189,0
                28.622504,43.907906,0
                28.624917,43.910301,0
                28.628935,43.912292,0
                28.632052,43.916986,0
                28.636032,43.923941,0
                28.634492,43.929142,0
                28.633992,43.935816,0
                28.638497,43.940533,0
                28.638528,43.940742,0
                28.63806,43.944604,0
                28.637866,43.950464,0
                28.64058,43.955586,0
                28.644858,43.959678,0
                28.648243,43.96264,0
                28.654721,43.968027,0
                28.655824,43.971678,0
                28.655475,43.973186,0
                28.658555,43.979304,0
                28.666517,43.985255,0
                28.667177,43.98657,0
                28.667345,43.990255,0
                28.663569,43.995551,0
                28.66189,44.002247,0
                28.664163,44.008296,0
                28.661111,44.014981,0
                28.659648,44.020993,0
                28.656368,44.025014,0
                28.657762,44.027595,0
                28.654054,44.029996,0
                28.641948,44.059113,0
                28.638684,44.0698,0
                28.638438,44.077386,0
                28.644266,44.084456,0
                28.669272,44.088704,0
                28.658246,44.161317,0
                28.660042,44.16963,0
                28.660276,44.169719,0
                28.660568,44.1697,0
                28.663723,44.170536,0
                28.665499,44.172285,0
                28.66343,44.174759,0
                28.660078,44.176529,0
                28.658612,44.178518,0
                28.656623,44.1796,0
                28.656375,44.18185,0
                28.655507,44.184167,0
                28.655621,44.187646,0
                28.65558,44.190729,0
                28.655042,44.193926,0
                28.655538,44.196585,0
                28.656295,44.198342,0
                28.658201,44.200108,0
                28.657334,44.201569,0
                28.654079,44.201769,0
                28.650977,44.208734,0
                28.652371,44.210578,0
                28.645842,44.21541,0
                28.644579,44.216705,0
                28.645426,44.21803,0
                28.644477,44.218935,0
                28.640565,44.217865,0
                28.631281,44.2258,0
                28.622287,44.25201,0
                28.622271,44.278873,0
                28.622898,44.286982,0
                28.626682,44.299277,0
                28.637856,44.324505,0
                28.637017,44.327362,0
                28.637096,44.328215,0
                28.638723,44.328776,0
                28.640781,44.328525,0
                28.649832,44.32953,0
                28.650638,44.327897,0
                28.659173,44.328864,0
                28.66018,44.331555,0
                28.661285,44.333345,0
                28.661533,44.33663,0
                28.66592,44.341185,0
                28.680143,44.339516,0
                28.681956,44.342726,0
                28.685753,44.342431,0
                28.685598,44.336765,0
                28.6889,44.33668,0
                28.689246,44.340244,0
                28.690163,44.341761,0
                28.691298,44.343373,0
                28.692083,44.344447,0
                28.693133,44.345293,0
                28.694318,44.345747,0
                28.695072,44.34615,0
                28.694172,44.350294,0
                28.694851,44.351791,0
                28.69662,44.355628,0
                28.697278,44.357098,0
                28.698611,44.359466,0
                28.700305,44.362042,0
                28.701289,44.364561,0
                28.701923,44.36476,0
                28.702986,44.365138,0
                28.703659,44.365757,0
                28.704038,44.366753,0
                28.703949,44.367527,0
                28.704022,44.368284,0
                28.705424,44.370099,0
                28.707612,44.373638,0
                28.712904,44.379086,0
                28.714487,44.380989,0
                28.716292,44.382549,0
                28.717706,44.383157,0
                28.719019,44.383428,0
                28.720122,44.383611,0
                28.720503,44.383953,0
                28.729853,44.394665,0
                28.733653,44.398492,0
                28.741457,44.406393,0
                28.756274,44.421166,0
                28.755214,44.421553,0
                28.749686,44.423607,0
                28.741,44.427619,0
                28.731508,44.431064,0
                28.719799,44.433777,0
                28.710734,44.434286,0
                28.703724,44.434657,0
                28.690352,44.434369,0
                28.686101,44.433926,0
                28.679552,44.43327,0
                28.664529,44.431466,0
                28.650779,44.429713,0
                28.639382,44.42843,0
                28.631402,44.427516,0
                28.619026,44.425656,0
                28.607844,44.424729,0
                28.599168,44.423635,0
                28.590693,44.422424,0
                28.584193,44.421326,0
                28.57998,44.420917,0
                28.574284,44.420297,0
                28.568823,44.419465,0
                28.564904,44.418885,0
                28.559456,44.417936,0
                28.554154,44.41692,0
                28.548329,44.415817,0
                28.547269,44.415483,0
                28.542329,44.413876,0
                28.536591,44.412002,0
                28.531285,44.41064,0
                28.525978,44.409288,0
                28.521956,44.407604,0
                28.51414,44.404783,0
                28.509176,44.403076,0
                28.501443,44.400587,0
                28.494214,44.398296,0
                28.489535,44.396674,0
                28.484424,44.394947,0
                28.478945,44.393076,0
                28.472878,44.390919,0
                28.468036,44.388989,0
                28.462407,44.386711,0
                28.457895,44.384937,0
                28.450771,44.382161,0
                28.444262,44.379095,0
                28.437629,44.375963,0
                28.432235,44.373801,0
                28.426553,44.371424,0
                28.422548,44.369828,0
                28.414431,44.366297,0
                28.407362,44.363145,0
                28.402509,44.361025,0
                28.396083,44.358152,0
                28.390453,44.355626,0
                28.383638,44.352531,0
                28.37962,44.35066,0
                28.378318,44.350083,0
                28.369299,44.345971,0
                28.362748,44.342933,0
                28.359089,44.341285,0
                28.357691,44.340551,0
                28.353752,44.338317,0
                28.352882,44.337956,0
                28.347622,44.335802,0
                28.343622,44.334143,0
                28.339536,44.332248,0
                28.331836,44.32844,0
                28.324349,44.324648,0
                28.315218,44.319942,0
                28.307875,44.316233,0
                28.30074,44.312717,0
                28.293442,44.309331,0
                28.28805,44.306822,0
                28.281525,44.303772,0
                28.275723,44.301121,0
                28.270332,44.298747,0
                28.267229,44.297362,0
                28.265156,44.296387,0
                28.262633,44.295191,0
                28.255978,44.291979,0
                28.250855,44.289521,0
                28.245227,44.286892,0
                28.239011,44.283967,0
                28.235921,44.282524,0
                28.233018,44.281279,0
                28.229864,44.279921,0
                28.224687,44.27767,0
                28.222147,44.276585,0
                28.221744,44.276376,0
                28.219211,44.275024,0
                28.216781,44.273691,0
                28.214271,44.272324,0
                28.212603,44.271442,0
                28.210423,44.270316,0
                28.206322,44.268166,0
                28.202717,44.266305,0
                28.200058,44.264947,0
                28.196839,44.26346,0
                28.192913,44.261646,0
                28.188931,44.259822,0
                28.187361,44.259104,0
                28.186288,44.258496,0
                28.18241,44.256211,0
                28.180795,44.255227,0
                28.17883,44.254091,0
                28.177333,44.253308,0
                28.174772,44.252017,0
                28.17283,44.251069,0
                28.171892,44.250544,0
                28.167424,44.247713,0
                28.162185,44.244439,0
                28.160432,44.243296,0
                28.159953,44.242953,0
                28.155913,44.239926,0
                28.14998,44.235516,0
                28.144867,44.231543,0
                28.143267,44.23028,0
                28.141248,44.229019,0
                28.136413,44.225964,0
                28.133308,44.223997,0
                28.130728,44.222024,0
                28.12691,44.219192,0
                28.122682,44.216102,0
                28.119575,44.213871,0
                28.119107,44.213601,0
                28.113818,44.210245,0
                28.108199,44.206219,0
                28.103521,44.202706,0
                28.097499,44.197822,0
                28.091422,44.192903,0
                28.087497,44.190084,0
                28.083898,44.18748,0
                28.076449,44.181704,0
                28.070843,44.178145,0
                28.064834,44.174446,0
                28.061149,44.172172,0
                28.05819,44.17031,0
                28.055639,44.168649,0
                28.052302,44.1665,0
                28.049612,44.164444,0
                28.045721,44.161442,0
                28.038932,44.156544,0
                28.033642,44.152731,0
                28.032931,44.152254,0
                28.02502,44.147167,0
                28.020158,44.144059,0
                28.016216,44.141347,0
                28.012008,44.138446,0
                28.006458,44.134646,0
                28.003617,44.132697,0
                28.000475,44.130537,0
                27.997441,44.128266,0
                27.995038,44.126484,0
                27.992221,44.12439,0
                27.990667,44.123228,0
                27.98967,44.122568,0
                27.986033,44.120288,0
                27.982966,44.118207,0
                27.980051,44.116058,0
                27.978326,44.114783,0
                27.9755,44.112717,0
                27.972878,44.110816,0
                27.971057,44.109455,0
                27.966973,44.10642,0
                27.963967,44.104163,0
                27.960751,44.10172,0
                27.959223,44.100523,0
                27.957019,44.098851,0
                27.954799,44.097167,0
                27.951908,44.095023,0
                27.948758,44.092667,0
                27.94686,44.091247,0
                27.946221,44.090768,0
                27.941444,44.087942,0
                27.93993,44.086561,0
                27.937427,44.084341,0
                27.935637,44.082721,0
                27.932683,44.080032,0
                27.931858,44.079526,0
                27.928566,44.077521,0
                27.92599,44.075602,0
                27.923221,44.073598,0
                27.920269,44.071386,0
                27.918315,44.069619,0
                27.916529,44.067985,0
                27.915299,44.066899,0
                27.913735,44.065647,0
                27.911419,44.063839,0
                27.907664,44.060861,0
                27.904626,44.058451,0
                27.901833,44.05622,0
                27.898224,44.05332,0
                27.894956,44.050711,0
                27.893424,44.049481,0
                27.889537,44.046909,0
                27.886335,44.044774,0
                27.883442,44.042791,0
                27.881292,44.041301,0
                27.879326,44.039903,0
                27.877592,44.038728,0
                27.87618,44.037712,0
                27.874205,44.036353,0
                27.871571,44.034503,0
                27.869489,44.033024,0
                27.867169,44.031425,0
                27.863495,44.028768,0
                27.860351,44.026444,0
                27.857434,44.024412,0
                27.854305,44.022446,0
                27.851935,44.020794,0
                27.849021,44.018404,0
                27.84672,44.016532,0
                27.843321,44.013762,0
                27.840401,44.011396,0
                27.838155,44.009555,0
                27.835865,44.007981,0
                27.833819,44.006684,0
                27.831167,44.004939,0
                27.828841,44.003434,0
                27.826265,44.001772,0
                27.823786,43.999649,0
                27.822152,43.998275,0
                27.821278,43.997518,0
                27.818093,43.994803,0
                27.815866,43.992742,0
                27.811279,43.990684,0
                27.81004,43.989713,0
                27.807528,43.987765,0
                27.804948,43.985768,0
                27.802413,43.983473,0
                27.800852,43.98198,0
                27.796144,43.977868,0
                27.790308,43.972653,0
                27.784552,43.967613,0
                27.781587,43.965009,0
                27.778285,43.962116,0
                27.776015,43.960184,0
                27.843853,43.966216,0
              </coordinates>
            </LinearRing>
          </outerBoundaryIs>
        </Polygon>
      </Placemark>
      <Placemark>
        <name>CR 1-1-3/2012</name>
        <description>sk = 2,0 kN/m2</description>
        <styleUrl>#poly-00FF00-1000-76</styleUrl>
        <Polygon>
          <outerBoundaryIs>
            <LinearRing>
              <tessellate>1</tessellate>
              <coordinates>
                27.356204,44.05851,0
                27.361924,44.050479,0
                27.370383,44.038429,0
                27.375805,44.033465,0
                27.381151,44.028501,0
                27.388474,44.021745,0
                27.393765,44.016903,0
                27.395894,44.014941,0
                27.39821,44.012436,0
                27.408758,44.013884,0
                27.421086,44.015601,0
                27.432852,44.017216,0
                27.441076,44.01841,0
                27.446517,44.019371,0
                27.450139,44.019811,0
                27.455498,44.020687,0
                27.466596,44.022311,0
                27.473797,44.022252,0
                27.48244,44.021539,0
                27.488764,44.021104,0
                27.498671,44.020351,0
                27.501253,44.020264,0
                27.504389,44.019933,0
                27.517295,44.019036,0
                27.557354,44.016292,0
                27.575825,44.014917,0
                27.595921,44.013401,0
                27.612167,44.012252,0
                27.617064,44.017998,0
                27.62287,44.02488,0
                27.630834,44.033916,0
                27.641405,44.046016,0
                27.643246,44.048097,0
                27.646378,44.046229,0
                27.654314,44.041333,0
                27.673477,44.029736,0
                27.679407,44.018461,0
                27.685554,44.006689,0
                27.691731,43.994948,0
                27.696152,43.986404,0
                27.69934,43.980006,0
                27.709821,43.959409,0
                27.711587,43.95886,0
                27.712422,43.958672,0
                27.714148,43.958333,0
                27.719086,43.957335,0
                27.725901,43.955767,0
                27.730101,43.954333,0
                27.734342,43.953276,0
                27.737196,43.953351,0
                27.740864,43.953893,0
                27.745848,43.95562,0
                27.748226,43.956752,0
                27.749891,43.957067,0
                27.753852,43.958214,0
                27.755663,43.958424,0
                27.761897,43.958802,0
                27.776033,43.960185,0
                27.776846,43.960908,0
                27.783865,43.967031,0
                27.788772,43.971276,0
                27.793113,43.97519,0
                27.79623,43.977978,0
                27.799736,43.981087,0
                27.801202,43.9824,0
                27.803244,43.98426,0
                27.8051,43.985893,0
                27.80628,43.98682,0
                27.811333,43.990695,0
                27.815817,43.992717,0
                27.818663,43.995292,0
                27.826294,44.001823,0
                27.83255,44.005857,0
                27.837682,44.009158,0
                27.84191,44.012635,0
                27.845456,44.015508,0
                27.847659,44.017296,0
                27.850736,44.0198,0
                27.852866,44.021556,0
                27.854738,44.022742,0
                27.858701,44.025238,0
                27.864045,44.029192,0
                27.87018,44.033537,0
                27.877773,44.038854,0
                27.885073,44.043919,0
                27.893431,44.049524,0
                27.900119,44.054848,0
                27.906427,44.059877,0
                27.912387,44.064585,0
                27.915,44.066655,0
                27.916107,44.067626,0
                27.920351,44.071497,0
                27.921613,44.072415,0
                27.925307,44.075116,0
                27.928898,44.077747,0
                27.932668,44.080041,0
                27.933239,44.080533,0
                27.941488,44.087948,0
                27.946186,44.090754,0
                27.949221,44.092994,0
                27.953937,44.096542,0
                27.958586,44.100041,0
                27.96496,44.104954,0
                27.968718,44.107734,0
                27.97418,44.11176,0
                27.976294,44.113314,0
                27.979873,44.115923,0
                27.981385,44.117016,0
                27.984474,44.11933,0
                27.987058,44.120941,0
                27.990841,44.123356,0
                27.99244,44.124561,0
                28.002419,44.131895,0
                28.006805,44.134897,0
                28.011681,44.138246,0
                28.015244,44.140765,0
                28.020867,44.144514,0
                28.027676,44.148889,0
                28.033307,44.152498,0
                28.036888,44.155078,0
                28.042793,44.159322,0
                28.046511,44.162059,0
                28.052603,44.166712,0
                28.055082,44.168316,0
                28.059685,44.171304,0
                28.063946,44.173907,0
                28.071092,44.178322,0
                28.076584,44.181796,0
                28.079462,44.184068,0
                28.083629,44.187307,0
                28.086801,44.189579,0
                28.091595,44.193,0
                28.09687,44.197321,0
                28.101507,44.201118,0
                28.105885,44.204528,0
                28.107642,44.205808,0
                28.110803,44.208093,0
                28.112888,44.209615,0
                28.114877,44.210943,0
                28.119604,44.213898,0
                28.127321,44.21951,0
                28.133391,44.224054,0
                28.136373,44.225953,0
                28.143266,44.230292,0
                28.14726,44.233417,0
                28.155677,44.239771,0
                28.160545,44.243369,0
                28.161878,44.244235,0
                28.168935,44.248675,0
                28.172406,44.250861,0
                28.173824,44.251564,0
                28.176614,44.252944,0
                28.178584,44.253942,0
                28.181692,44.255783,0
                28.187225,44.259092,0
                28.189558,44.260145,0
                28.19384,44.262103,0
                28.19984,44.264821,0
                28.202865,44.266396,0
                28.212524,44.271386,0
                28.222121,44.276597,0
                28.22998,44.279963,0
                28.237609,44.283311,0
                28.247358,44.287884,0
                28.254158,44.29109,0
                28.266424,44.297006,0
                28.274747,44.300676,0
                28.287021,44.306352,0
                28.298829,44.31184,0
                28.308495,44.31652,0
                28.316965,44.320861,0
                28.328431,44.326725,0
                28.334037,44.329609,0
                28.344382,44.334495,0
                28.353808,44.338374,0
                28.358934,44.341207,0
                28.362104,44.342644,0
                28.365066,44.343996,0
                28.375218,44.348636,0
                28.387589,44.354352,0
                28.391678,44.35617,0
                28.403157,44.361301,0
                28.408106,44.363481,0
                28.415571,44.366807,0
                28.425349,44.370943,0
                28.429594,44.372666,0
                28.437767,44.376027,0
                28.444039,44.378976,0
                28.451211,44.382341,0
                28.459779,44.385669,0
                28.464714,44.387657,0
                28.472615,44.390834,0
                28.479925,44.393416,0
                28.486084,44.395526,0
                28.494946,44.398503,0
                28.502941,44.401061,0
                28.509832,44.403328,0
                28.519459,44.406622,0
                28.526067,44.409324,0
                28.530022,44.410349,0
                28.536409,44.411986,0
                28.543443,44.414214,0
                28.548352,44.415837,0
                28.561103,44.418272,0
                28.565849,44.419044,0
                28.575345,44.42046,0
                28.584349,44.421353,0
                28.59453,44.423026,0
                28.607645,44.424708,0
                28.618606,44.425591,0
                28.632301,44.427601,0
                28.643114,44.428851,0
                28.665991,44.431662,0
                28.690393,44.434351,0
                28.703831,44.434659,0
                28.719829,44.433763,0
                28.731716,44.431017,0
                28.741035,44.427597,0
                28.750116,44.423411,0
                28.756513,44.42109,0
                28.765476,44.4274,0
                28.768032,44.429522,0
                28.769466,44.429945,0
                28.773017,44.433975,0
                28.794929,44.454142,0
                28.812513,44.468697,0
                28.833061,44.486453,0
                28.854012,44.507557,0
                28.878084,44.536804,0
                28.894799,44.560515,0
                28.91531,44.590201,0
                28.929885,44.610605,0
                28.972802,44.66036,0
                28.993998,44.680134,0
                29.020245,44.703462,0
                29.052663,44.728128,0
                29.078716,44.746077,0
                29.116454,44.76393,0
                29.136532,44.771142,0
                29.153188,44.775168,0
                29.189574,44.784186,0
                29.232853,44.795295,0
                29.270139,44.800199,0
                29.342686,44.808948,0
                29.391539,44.812134,0
                29.44815,44.816946,0
                29.511741,44.82156,0
                29.541604,44.824982,0
                29.550464,44.823449,0
                29.562295,44.826875,0
                29.572632,44.834519,0
                29.577509,44.834701,0
                29.583068,44.833927,0
                29.60037,44.838935,0
                29.607124,44.84646,0
                29.61609,44.862438,0
                29.617532,44.873597,0
                29.62206,44.882087,0
                29.623448,44.901106,0
                29.631362,44.949552,0
                29.639196,45.001348,0
                29.642744,45.024139,0
                29.649663,45.068485,0
                29.640903,45.069185,0
                29.629472,45.070197,0
                29.611697,45.071933,0
                29.597029,45.073222,0
                29.578483,45.074611,0
                29.566309,45.075604,0
                29.552072,45.076712,0
                29.537152,45.077881,0
                29.529013,45.078451,0
                29.509912,45.079335,0
                29.502907,45.079559,0
                29.486698,45.079929,0
                29.478424,45.080018,0
                29.471848,45.079896,0
                29.456166,45.080252,0
                29.446293,45.079975,0
                29.42978,45.079619,0
                29.40938,45.078918,0
                29.397727,45.07856,0
                29.376508,45.078102,0
                29.35473,45.077752,0
                29.332929,45.077161,0
                29.319359,45.076117,0
                29.311179,45.075543,0
                29.309045,45.075469,0
                29.294559,45.075418,0
                29.281978,45.075209,0
                29.276221,45.074611,0
                29.273019,45.074449,0
                29.262979,45.073785,0
                29.252461,45.072706,0
                29.244222,45.071522,0
                29.23243,45.070822,0
                29.219726,45.07079,0
                29.211474,45.070297,0
                29.19664,45.068333,0
                29.178498,45.065724,0
                29.158748,45.062893,0
                29.142734,45.059689,0
                29.113617,45.054832,0
                29.064809,45.048386,0
                29.030251,45.043521,0
                29.008171,45.040629,0
                28.966022,45.033716,0
                28.9088,45.023777,0
                28.875136,45.01828,0
                28.857701,45.015805,0
                28.825789,45.010897,0
                28.80043,45.005962,0
                28.776181,45.000754,0
                28.753711,44.996451,0
                28.735988,44.993691,0
                28.69712,44.987457,0
                28.672326,44.984165,0
                28.652178,44.980674,0
                28.645416,44.979123,0
                28.630415,44.976114,0
                28.602132,44.970513,0
                28.589198,44.967441,0
                28.583715,44.965467,0
                28.574158,44.961479,0
                28.55451,44.949854,0
                28.545473,44.944264,0
                28.527967,44.934049,0
                28.501848,44.9161,0
                28.487925,44.90625,0
                28.472472,44.89601,0
                28.4645,44.891447,0
                28.460983,44.889042,0
                28.44913,44.88143,0
                28.436055,44.873296,0
                28.428641,44.868018,0
                28.4142,44.855724,0
                28.402881,44.84589,0
                28.391283,44.835273,0
                28.385652,44.831345,0
                28.375593,44.822822,0
                28.360494,44.809423,0
                28.344011,44.79335,0
                28.332002,44.782248,0
                28.325963,44.775067,0
                28.318137,44.76504,0
                28.30981,44.753291,0
                28.302599,44.742435,0
                28.293645,44.729671,0
                28.285875,44.718775,0
                28.279105,44.707851,0
                28.275771,44.70293,0
                28.26881,44.693103,0
                28.25856,44.676096,0
                28.249193,44.663712,0
                28.240999,44.652332,0
                28.234003,44.64341,0
                28.2246,44.628903,0
                28.211423,44.609048,0
                28.199675,44.593272,0
                28.185139,44.571856,0
                28.172748,44.553232,0
                28.15411,44.527286,0
                28.133043,44.502412,0
                28.119017,44.48591,0
                28.111849,44.477533,0
                28.095482,44.457938,0
                28.085015,44.447138,0
                28.071426,44.432546,0
                28.063209,44.42419,0
                28.044512,44.407048,0
                28.034152,44.397282,0
                28.026499,44.390452,0
                28.006478,44.369873,0
                27.995291,44.357152,0
                27.983241,44.343384,0
                27.974844,44.333352,0
                27.960699,44.318159,0
                27.948614,44.30691,0
                27.942121,44.302594,0
                27.913298,44.281527,0
                27.868806,44.249752,0
                27.850337,44.2379,0
                27.823755,44.223151,0
                27.800346,44.210779,0
                27.756929,44.187732,0
                27.699794,44.156738,0
                27.673897,44.144416,0
                27.629354,44.123689,0
                27.604751,44.111906,0
                27.583955,44.102385,0
                27.550362,44.091102,0
                27.53748,44.088527,0
                27.517246,44.083626,0
                27.480465,44.074817,0
                27.466491,44.071517,0
                27.459091,44.0706,0
                27.451681,44.070039,0
                27.435187,44.069356,0
                27.428487,44.068242,0
                27.398034,44.065488,0
                27.341557,44.062155,0
                27.356204,44.05851,0
              </coordinates>
            </LinearRing>
          </outerBoundaryIs>
        </Polygon>
      </Placemark>
      <Placemark>
        <name>CR 1-1-3/2012</name>
        <description>sk = 2,5 kN/m2</description>
        <styleUrl>#poly-FFFF00-1000-76</styleUrl>
        <Polygon>
          <outerBoundaryIs>
            <LinearRing>
              <tessellate>1</tessellate>
              <coordinates>
                27.061767,44.147035,0
                27.075504,44.146279,0
                27.082879,44.142705,0
                27.087797,44.141017,0
                27.09826,44.137298,0
                27.111735,44.138501,0
                27.11564,44.139151,0
                27.118288,44.139281,0
                27.130186,44.139339,0
                27.139123,44.138131,0
                27.165665,44.129406,0
                27.169292,44.127815,0
                27.181138,44.120546,0
                27.194213,44.11864,0
                27.211346,44.117097,0
                27.216091,44.116399,0
                27.229959,44.11566,0
                27.239318,44.116202,0
                27.254047,44.121369,0
                27.255116,44.122942,0
                27.264789,44.126463,0
                27.270929,44.126733,0
                27.27753,44.122169,0
                27.276399,44.1204,0
                27.275711,44.116887,0
                27.276322,44.115428,0
                27.278513,44.113713,0
                27.283928,44.110184,0
                27.284282,44.109583,0
                27.284061,44.108966,0
                27.282515,44.108292,0
                27.279019,44.107687,0
                27.276879,44.106004,0
                27.276266,44.104311,0
                27.276307,44.101954,0
                27.277518,44.097034,0
                27.279285,44.094092,0
                27.283697,44.090481,0
                27.284626,44.090004,0
                27.287273,44.086759,0
                27.289695,44.084335,0
                27.290277,44.08343,0
                27.29016,44.077007,0
                27.291263,44.074839,0
                27.306314,44.070866,0
                27.311277,44.069531,0
                27.341414,44.062181,0
                27.370057,44.063793,0
                27.388715,44.065271,0
                27.404962,44.066117,0
                27.42001,44.067555,0
                27.427319,44.068158,0
                27.435799,44.069441,0
                27.445945,44.069817,0
                27.455457,44.070284,0
                27.45901,44.070642,0
                27.466293,44.071474,0
                27.474145,44.073427,0
                27.487016,44.076287,0
                27.503973,44.080699,0
                27.518317,44.083814,0
                27.522419,44.084641,0
                27.535646,44.088048,0
                27.54828,44.090692,0
                27.560258,44.093975,0
                27.573046,44.098401,0
                27.578167,44.100075,0
                27.590221,44.105189,0
                27.598746,44.108961,0
                27.608611,44.113914,0
                27.614847,44.117136,0
                27.619938,44.119407,0
                27.626904,44.12235,0
                27.637654,44.127618,0
                27.648023,44.132014,0
                27.656719,44.136119,0
                27.662492,44.138925,0
                27.670968,44.14276,0
                27.678323,44.146682,0
                27.687676,44.151103,0
                27.693899,44.153906,0
                27.696831,44.155133,0
                27.709236,44.161937,0
                27.721658,44.168793,0
                27.733364,44.174946,0
                27.740408,44.178829,0
                27.754115,44.186081,0
                27.770811,44.194957,0
                27.783974,44.202146,0
                27.79305,44.206659,0
                27.802088,44.211712,0
                27.815258,44.218444,0
                27.827178,44.224786,0
                27.838347,44.230894,0
                27.850084,44.237776,0
                27.865076,44.247159,0
                27.875784,44.254396,0
                27.890059,44.264476,0
                27.893994,44.267538,0
                27.904175,44.274765,0
                27.912642,44.280936,0
                27.932218,44.295446,0
                27.934967,44.297553,0
                27.942339,44.302721,0
                27.948693,44.307062,0
                27.956025,44.313229,0
                27.964096,44.321486,0
                27.969038,44.327048,0
                27.975381,44.333774,0
                27.980536,44.340129,0
                27.989312,44.350315,0
                28.002629,44.365618,0
                28.007052,44.370762,0
                28.01112,44.375032,0
                28.016003,44.379969,0
                28.022965,44.386751,0
                28.027531,44.391588,0
                28.035534,44.398709,0
                28.042442,44.405132,0
                28.044753,44.407337,0
                28.048641,44.410475,0
                28.056291,44.417812,0
                28.065281,44.426333,0
                28.072145,44.432916,0
                28.076866,44.438553,0
                28.08195,44.443899,0
                28.08882,44.451246,0
                28.098164,44.460493,0
                28.106624,44.471233,0
                28.11019,44.475652,0
                28.114624,44.48143,0
                28.118772,44.485705,0
                28.124635,44.492919,0
                28.129593,44.498518,0
                28.137295,44.50697,0
                28.141705,44.511749,0
                28.148875,44.520456,0
                28.154408,44.527649,0
                28.160215,44.53542,0
                28.166951,44.544885,0
                28.176554,44.558876,0
                28.181278,44.566313,0
                28.186842,44.574223,0
                28.196064,44.587764,0
                28.204307,44.599531,0
                28.208632,44.605208,0
                28.213654,44.612144,0
                28.218416,44.619602,0
                28.22951,44.636218,0
                28.233902,44.642937,0
                28.239201,44.649757,0
                28.244435,44.657106,0
                28.250798,44.665916,0
                28.255498,44.672349,0
                28.258524,44.676205,0
                28.264535,44.685699,0
                28.268452,44.692605,0
                28.274422,44.701612,0
                28.279782,44.708646,0
                28.286186,44.71926,0
                28.293745,44.730078,0
                28.303623,44.744097,0
                28.308777,44.75195,0
                28.310655,44.754902,0
                28.313729,44.758937,0
                28.318029,44.764957,0
                28.320325,44.767514,0
                28.326208,44.775671,0
                28.331367,44.781509,0
                28.335892,44.785801,0
                28.346574,44.795771,0
                28.35299,44.801721,0
                28.36044,44.809261,0
                28.367566,44.815733,0
                28.375234,44.822594,0
                28.382348,44.828511,0
                28.38587,44.831342,0
                28.390806,44.834927,0
                28.397537,44.840721,0
                28.402998,44.845906,0
                28.408898,44.851372,0
                28.412417,44.854187,0
                28.416821,44.857828,0
                28.423539,44.863779,0
                28.428042,44.867662,0
                28.435833,44.873115,0
                28.443128,44.877371,0
                28.451926,44.883209,0
                28.460083,44.888422,0
                28.46372,44.891078,0
                28.472693,44.896266,0
                28.483114,44.903306,0
                28.490007,44.907756,0
                28.495794,44.911806,0
                28.506487,44.919477,0
                28.518411,44.927452,0
                28.528165,44.934188,0
                28.534198,44.937795,0
                28.542268,44.942502,0
                28.549952,44.947128,0
                28.549997,44.947109,0
                28.558659,44.95241,0
                28.573632,44.96116,0
                28.580784,44.96432,0
                28.583039,44.965262,0
                28.588986,44.967422,0
                28.602333,44.970628,0
                28.616285,44.973548,0
                28.625201,44.975207,0
                28.637129,44.977332,0
                28.645511,44.979117,0
                28.652521,44.980761,0
                28.660842,44.982229,0
                28.674168,44.984457,0
                28.693136,44.986851,0
                28.71332,44.990101,0
                28.739185,44.994193,0
                28.752395,44.996199,0
                28.764753,44.998448,0
                28.777657,45.001105,0
                28.790698,45.003912,0
                28.790658,45.003852,0
                28.79989,45.005748,0
                28.811081,45.008105,0
                28.811088,45.008146,0
                28.821289,45.010061,0
                28.832158,45.011929,0
                28.842446,45.013584,0
                28.853406,45.015235,0
                28.874445,45.018126,0
                28.885228,45.019758,0
                28.896592,45.021694,0
                28.907662,45.023609,0
                28.907668,45.023652,0
                28.920624,45.02592,0
                28.932282,45.028076,0
                28.945918,45.03048,0
                28.958705,45.032556,0
                28.970515,45.034624,0
                28.981022,45.03658,0
                28.99418,45.038613,0
                29.013682,45.041427,0
                29.025273,45.042941,0
                29.03378,45.044139,0
                29.041635,45.045362,0
                29.05062,45.04661,0
                29.064875,45.048416,0
                29.072088,45.049303,0
                29.086257,45.051241,0
                29.09838,45.052775,0
                29.108253,45.054098,0
                29.11998,45.055847,0
                29.130209,45.057513,0
                29.142745,45.059701,0
                29.151459,45.061397,0
                29.159634,45.063121,0
                29.17513,45.065235,0
                29.187249,45.067052,0
                29.194805,45.068223,0
                29.205184,45.069448,0
                29.211698,45.070347,0
                29.21872,45.07073,0
                29.228949,45.070861,0
                29.233224,45.07083,0
                29.243882,45.071469,0
                29.250941,45.072497,0
                29.259203,45.073435,0
                29.264085,45.07392,0
                29.27006,45.074438,0
                29.275744,45.074569,0
                29.28165,45.075194,0
                29.290363,45.075408,0
                29.298954,45.075377,0
                29.306848,45.075416,0
                29.310894,45.075479,0
                29.31689,45.075957,0
                29.32372,45.076444,0
                29.332704,45.077167,0
                29.352985,45.077724,0
                29.367945,45.078033,0
                29.378631,45.078112,0
                29.38862,45.078324,0
                29.400368,45.078777,0
                29.411667,45.078917,0
                29.418774,45.079227,0
                29.430317,45.079659,0
                29.444348,45.079891,0
                29.450263,45.080155,0
                29.462744,45.080095,0
                29.473162,45.079934,0
                29.481452,45.079966,0
                29.493536,45.079794,0
                29.504644,45.079549,0
                29.528502,45.078472,0
                29.550221,45.076883,0
                29.561963,45.075923,0
                29.573739,45.075115,0
                29.584927,45.074137,0
                29.594306,45.073432,0
                29.605694,45.072453,0
                29.618602,45.071183,0
                29.626654,45.070432,0
                29.64169,45.069145,0
                29.645697,45.068755,0
                29.649663,45.068478,0
                29.652479,45.08431,0
                29.656245,45.10062,0
                29.659697,45.110105,0
                29.663894,45.117334,0
                29.667593,45.12492,0
                29.673797,45.133094,0
                29.680845,45.14084,0
                29.683724,45.143706,0
                29.692001,45.149934,0
                29.690924,45.151051,0
                29.697127,45.156701,0
                29.704476,45.160647,0
                29.694095,45.191764,0
                29.689398,45.192728,0
                29.683661,45.207496,0
                29.67747,45.21173,0
                29.675959,45.213449,0
                29.670501,45.221165,0
                29.667503,45.230113,0
                29.662313,45.237775,0
                29.660848,45.242858,0
                29.659463,45.247152,0
                29.658949,45.249163,0
                29.659244,45.251262,0
                29.663186,45.259744,0
                29.673097,45.266202,0
                29.676844,45.268107,0
                29.678091,45.269147,0
                29.678301,45.270289,0
                29.675543,45.279513,0
                29.673294,45.286591,0
                29.668765,45.298172,0
                29.669474,45.303966,0
                29.66912,45.308136,0
                29.668323,45.310548,0
                29.6661,45.312564,0
                29.663645,45.316693,0
                29.661437,45.321797,0
                29.661359,45.322951,0
                29.660265,45.325007,0
                29.65747,45.329437,0
                29.656893,45.331787,0
                29.655752,45.334374,0
                29.653851,45.336444,0
                29.65119,45.338016,0
                29.651314,45.339286,0
                29.650885,45.340115,0
                29.648208,45.341863,0
                29.636293,45.349887,0
                29.626986,45.357378,0
                29.622378,45.362195,0
                29.610466,45.373525,0
                29.605219,45.378247,0
                29.603255,45.379666,0
                29.598459,45.382531,0
                29.597654,45.383348,0
                29.594966,45.387942,0
                29.594092,45.388475,0
                29.591001,45.389378,0
                29.580609,45.394114,0
                29.565138,45.400969,0
                29.56516,45.400999,0
                29.553228,45.407058,0
                29.550185,45.409177,0
                29.546586,45.409346,0
                29.533199,45.41205,0
                29.520429,45.414401,0
                29.510932,45.416348,0
                29.500655,45.418713,0
                29.498368,45.419084,0
                29.494526,45.420185,0
                29.4836,45.421329,0
                29.475723,45.423128,0
                29.459016,45.429393,0
                29.45541,45.430122,0
                29.453669,45.430778,0
                29.447633,45.431917,0
                29.444331,45.432716,0
                29.438975,45.434221,0
                29.436804,45.435782,0
                29.431754,45.441321,0
                29.429963,45.442511,0
                29.42896,45.44293,0
                29.427511,45.443134,0
                29.424083,45.443066,0
                29.404497,45.438728,0
                29.402998,45.438696,0
                29.399561,45.439175,0
                29.398675,45.438806,0
                29.39885,45.437007,0
                29.39484,45.436179,0
                29.391174,45.436037,0
                29.389308,45.436371,0
                29.383795,45.439114,0
                29.381802,45.43963,0
                29.3796,45.439496,0
                29.374054,45.437904,0
                29.369179,45.437675,0
                29.364074,45.43768,0
                29.357403,45.437144,0
                29.353647,45.437226,0
                29.350168,45.437741,0
                29.343417,45.442082,0
                29.337692,45.446181,0
                29.335396,45.447172,0
                29.331453,45.448002,0
                29.327064,45.448228,0
                29.32277,45.447353,0
                29.317221,45.44502,0
                29.312358,45.44108,0
                29.311696,45.439881,0
                29.30931,45.43764,0
                29.301557,45.43137,0
                29.2992,45.430141,0
                29.295995,45.428868,0
                29.292096,45.427773,0
                29.288281,45.426896,0
                29.283347,45.426727,0
                29.279075,45.42697,0
                29.271916,45.42911,0
                29.258299,45.433699,0
                29.256259,45.434084,0
                29.255063,45.434062,0
                29.250104,45.435078,0
                29.248297,45.435288,0
                29.247327,45.435071,0
                29.242319,45.432932,0
                29.237538,45.431796,0
                29.235268,45.430704,0
                29.227625,45.424779,0
                29.224193,45.422345,0
                29.216604,45.419041,0
                29.212477,45.417544,0
                29.202286,45.417156,0
                29.195472,45.415259,0
                29.187998,45.412116,0
                29.185586,45.410855,0
                29.184427,45.409599,0
                29.183205,45.40777,0
                29.181894,45.405433,0
                29.179477,45.399877,0
                29.177865,45.398285,0
                29.174152,45.396146,0
                29.168765,45.394131,0
                29.158381,45.390974,0
                29.149004,45.387928,0
                29.145925,45.386825,0
                29.13754,45.384398,0
                29.129339,45.382654,0
                29.125865,45.382521,0
                29.123542,45.382188,0
                29.118025,45.380527,0
                29.116897,45.380025,0
                29.110673,45.376282,0
                29.107442,45.374981,0
                29.104427,45.374267,0
                29.098154,45.374381,0
                29.094516,45.374624,0
                29.086259,45.374075,0
                29.084242,45.373806,0
                29.081951,45.373159,0
                29.077793,45.36924,0
                29.074284,45.366936,0
                29.06744,45.364234,0
                29.061349,45.361599,0
                29.056721,45.360003,0
                29.053917,45.359551,0
                29.048938,45.35967,0
                29.046429,45.360193,0
                29.044641,45.360374,0
                29.042615,45.36008,0
                29.040102,45.358761,0
                29.033558,45.353627,0
                29.029923,45.351705,0
                29.01407,45.346513,0
                29.008273,45.344523,0
                29.002988,45.341709,0
                28.998362,45.337702,0
                28.987793,45.333356,0
                28.984541,45.331299,0
                28.981805,45.33147,0
                28.976464,45.332312,0
                28.972835,45.332613,0
                28.96885,45.331673,0
                28.962246,45.326872,0
                28.958493,45.322677,0
                28.954266,45.317291,0
                28.951038,45.311241,0
                28.950285,45.30658,0
                28.953458,45.30085,0
                28.955111,45.297432,0
                28.955198,45.293438,0
                28.953916,45.288735,0
                28.952546,45.285895,0
                28.95038,45.283794,0
                28.945078,45.280664,0
                28.936832,45.280014,0
                28.929754,45.28067,0
                28.925886,45.28141,0
                28.916737,45.285819,0
                28.893118,45.302014,0
                28.887415,45.306577,0
                28.87977,45.31263,0
                28.877567,45.314753,0
                28.873586,45.316541,0
                28.868013,45.31733,0
                28.863891,45.316621,0
                28.854042,45.316086,0
                28.844768,45.317245,0
                28.838942,45.319679,0
                28.829088,45.327738,0
                28.822673,45.333637,0
                28.815411,45.336255,0
                28.808547,45.336293,0
                28.803939,45.335606,0
                28.797631,45.334071,0
                28.796044,45.333309,0
                28.791602,45.331881,0
                28.787881,45.330799,0
                28.78395,45.32933,0
                28.780563,45.32748,0
                28.779251,45.325708,0
                28.779213,45.323441,0
                28.780059,45.320515,0
                28.782027,45.318756,0
                28.786699,45.317353,0
                28.790672,45.316072,0
                28.79499,45.315188,0
                28.799135,45.313827,0
                28.804176,45.311911,0
                28.805616,45.309735,0
                28.806074,45.307068,0
                28.804794,45.303289,0
                28.803767,45.300922,0
                28.801125,45.298986,0
                28.798264,45.296621,0
                28.795002,45.293516,0
                28.791705,45.291162,0
                28.78801,45.289937,0
                28.773033,45.290741,0
                28.762325,45.289337,0
                28.758476,45.288347,0
                28.75548,45.287033,0
                28.754098,45.28574,0
                28.753346,45.284258,0
                28.752845,45.282576,0
                28.754247,45.277535,0
                28.760852,45.268683,0
                28.763708,45.26501,0
                28.769725,45.260943,0
                28.787089,45.254947,0
                28.791857,45.251119,0
                28.793093,45.248364,0
                28.793481,45.24576,0
                28.792852,45.242607,0
                28.791318,45.239883,0
                28.785691,45.237536,0
                28.775955,45.236236,0
                28.761485,45.234603,0
                28.739253,45.231242,0
                28.719476,45.223948,0
                28.710877,45.224045,0
                28.703174,45.225751,0
                28.690107,45.230012,0
                28.674722,45.235734,0
                28.67088,45.237094,0
                28.660535,45.239009,0
                28.630388,45.244797,0
                28.616984,45.245397,0
                28.602516,45.246106,0
                28.583894,45.247062,0
                28.565985,45.24817,0
                28.562464,45.248855,0
                28.546931,45.25667,0
                28.535002,45.260873,0
                28.522883,45.26521,0
                28.506632,45.270873,0
                28.498388,45.273862,0
                28.496814,45.27393,0
                28.49495,45.274452,0
                28.492249,45.275663,0
                28.480865,45.279266,0
                28.471306,45.282254,0
                28.460029,45.285826,0
                28.453693,45.288057,0
                28.436688,45.291944,0
                28.43141,45.293543,0
                28.427291,45.295002,0
                28.418084,45.297936,0
                28.407264,45.301717,0
                28.393055,45.305907,0
                28.380463,45.309643,0
                28.349817,45.320153,0
                28.341162,45.325867,0
                28.334944,45.33104,0
                28.329284,45.338918,0
                28.31802,45.356989,0
                28.309975,45.367976,0
                28.304765,45.375614,0
                28.300061,45.381369,0
                28.295596,45.385849,0
                28.287188,45.391766,0
                28.284222,45.394325,0
                28.282304,45.396585,0
                28.281685,45.400761,0
                28.281921,45.401777,0
                28.283618,45.404034,0
                28.283958,45.405536,0
                28.28459,45.411045,0
                28.286504,45.42441,0
                28.286813,45.430091,0
                28.286014,45.433772,0
                28.283662,45.4383,0
                28.282195,45.441302,0
                28.27862,45.445649,0
                28.272736,45.450678,0
                28.269887,45.452329,0
                28.265527,45.454268,0
                28.251173,45.458142,0
                28.248482,45.458802,0
                28.243372,45.460552,0
                28.241141,45.461407,0
                28.23645,45.462954,0
                28.224594,45.46515,0
                28.219404,45.466144,0
                28.211403,45.466904,0
                28.20938,45.46774,0
                28.207395,45.468874,0
                28.203592,45.470168,0
                28.196565,45.471405,0
                28.192509,45.472401,0
                28.187311,45.47348,0
                28.186254,45.474094,0
                28.185366,45.475008,0
                28.18351,45.480634,0
                28.182656,45.482113,0
                28.179525,45.483852,0
                28.178347,45.485891,0
                28.177141,45.492277,0
                28.176498,45.494535,0
                28.17327,45.500407,0
                28.171206,45.501556,0
                28.169806,45.501512,0
                28.167411,45.500831,0
                28.164267,45.500487,0
                28.162883,45.500566,0
                28.162411,45.500911,0
                28.162462,45.501645,0
                28.164266,45.506747,0
                28.16421,45.508141,0
                28.163411,45.508563,0
                28.161894,45.508826,0
                28.157169,45.509062,0
                28.155337,45.509438,0
                28.154316,45.510081,0
                28.154606,45.510713,0
                28.15564,45.511139,0
                28.159381,45.511099,0
                28.161872,45.511527,0
                28.165292,45.516857,0
                28.166595,45.519687,0
                28.166376,45.520563,0
                28.165498,45.521162,0
                28.162121,45.521991,0
                28.158523,45.523323,0
                28.157357,45.524056,0
                28.156929,45.524869,0
                28.157411,45.525398,0
                28.159993,45.525565,0
                28.16205,45.525395,0
                28.164257,45.524244,0
                28.164968,45.524296,0
                28.16552,45.524857,0
                28.166472,45.528346,0
                28.165308,45.530939,0
                28.163923,45.532418,0
                28.162417,45.533298,0
                28.162056,45.533746,0
                28.162569,45.534248,0
                28.164194,45.535059,0
                28.165087,45.535721,0
                28.165674,45.536626,0
                28.165957,45.540058,0
                28.165733,45.544426,0
                28.165308,45.54583,0
                28.164696,45.546201,0
                28.16228,45.546519,0
                28.161051,45.547136,0
                28.160216,45.548292,0
                28.159196,45.550531,0
                28.157776,45.552154,0
                28.155803,45.553927,0
                28.155375,45.554838,0
                28.155939,45.556363,0
                28.156953,45.557944,0
                28.158879,45.559848,0
                28.159169,45.560789,0
                28.158575,45.561272,0
                28.156088,45.561406,0
                28.153825,45.561051,0
                28.151819,45.560928,0
                28.150484,45.561121,0
                28.149384,45.561627,0
                28.148765,45.56253,0
                28.148917,45.563377,0
                28.149667,45.56393,0
                28.152284,45.56441,0
                28.154572,45.564981,0
                28.155617,45.565987,0
                28.156318,45.568472,0
                28.157226,45.570823,0
                28.157108,45.574601,0
                28.156533,45.575576,0
                28.154866,45.57507,0
                28.153289,45.573718,0
                28.151199,45.571482,0
                28.149726,45.569153,0
                28.147801,45.56696,0
                28.146587,45.566338,0
                28.144847,45.566791,0
                28.144003,45.567888,0
                28.143581,45.569743,0
                28.141349,45.575087,0
                28.140921,45.576474,0
                28.139144,45.577533,0
                28.137412,45.577655,0
                28.135918,45.577392,0
                28.135093,45.576976,0
                28.134922,45.576274,0
                28.135655,45.573292,0
                28.135412,45.572141,0
                28.134752,45.571356,0
                28.13372,45.571173,0
                28.132263,45.572242,0
                28.132399,45.57456,0
                28.132148,45.575178,0
                28.130881,45.575277,0
                28.130122,45.574861,0
                28.127985,45.572239,0
                28.127036,45.571433,0
                28.126157,45.571462,0
                28.125875,45.571986,0
                28.125851,45.573852,0
                28.124773,45.573869,0
                28.122574,45.572533,0
                28.121742,45.572518,0
                28.120539,45.57318,0
                28.118603,45.574915,0
                28.117594,45.576184,0
                28.11794,45.57699,0
                28.118795,45.577636,0
                28.120596,45.578384,0
                28.121436,45.579024,0
                28.121137,45.579424,0
                28.119825,45.579862,0
                28.118421,45.580833,0
                28.117096,45.582714,0
                28.114604,45.58541,0
                28.112485,45.586879,0
                28.110916,45.587307,0
                28.10736,45.587742,0
                28.106136,45.588393,0
                28.104321,45.591337,0
                28.101545,45.594793,0
                28.100411,45.595696,0
                28.098976,45.596297,0
                28.0954,45.597123,0
                28.092881,45.598114,0
                28.091496,45.599402,0
                28.089657,45.602925,0
                28.089048,45.60466,0
                28.088864,45.606333,0
                28.08899,45.608075,0
                28.090016,45.610244,0
                28.093722,45.612488,0
                28.098892,45.615257,0
                28.100364,45.616951,0
                28.100412,45.617882,0
                28.100878,45.618505,0
                28.108434,45.620433,0
                28.110193,45.621568,0
                28.111056,45.622847,0
                28.112403,45.626211,0
                28.114305,45.6267,0
                28.118167,45.627216,0
                28.119698,45.627229,0
                28.121555,45.626661,0
                28.122331,45.623827,0
                28.122996,45.622852,0
                28.127456,45.620176,0
                28.130538,45.618979,0
                28.131599,45.619042,0
                28.132083,45.619434,0
                28.131637,45.621465,0
                28.130366,45.623054,0
                28.130817,45.623917,0
                28.134027,45.624305,0
                28.138028,45.625766,0
                28.139892,45.625566,0
                28.140553,45.625154,0
                28.14157,45.622393,0
                28.142358,45.621826,0
                28.143681,45.621494,0
                28.145333,45.621581,0
                28.145885,45.622293,0
                28.14564,45.623704,0
                28.145822,45.624659,0
                28.146326,45.625281,0
                28.149312,45.626297,0
                28.149988,45.626694,0
                28.150339,45.627723,0
                28.152823,45.632234,0
                28.154877,45.633908,0
                28.156178,45.635832,0
                28.15718,45.636797,0
                28.158579,45.637376,0
                28.161054,45.637796,0
                28.164005,45.638132,0
                28.164845,45.638459,0
                28.167023,45.640234,0
                28.168186,45.640279,0
                28.171925,45.640831,0
                28.174063,45.644091,0
                28.174327,45.645551,0
                28.173888,45.646984,0
                28.172985,45.648051,0
                28.170639,45.64911,0
                28.169412,45.649091,0
                28.167423,45.648589,0
                28.166301,45.648649,0
                28.164332,45.649078,0
                28.162662,45.649728,0
                28.159826,45.649834,0
                28.158142,45.651071,0
                28.158162,45.651619,0
                28.15916,45.651969,0
                28.163019,45.652106,0
                28.16473,45.652546,0
                28.165668,45.653214,0
                28.166158,45.654119,0
                28.165936,45.655166,0
                28.164976,45.656898,0
                28.162454,45.659401,0
                28.162805,45.660988,0
                28.164144,45.662825,0
                28.165951,45.664704,0
                28.166814,45.665906,0
                28.166944,45.666683,0
                28.166789,45.669559,0
                28.166959,45.670868,0
                28.167381,45.672038,0
                28.168978,45.673764,0
                28.169886,45.675061,0
                28.169343,45.676595,0
                28.169261,45.677754,0
                28.17062,45.679466,0
                28.170392,45.680061,0
                28.16788,45.680941,0
                28.166578,45.681891,0
                28.165848,45.684021,0
                28.165636,45.686057,0
                28.165204,45.687546,0
                28.163929,45.689237,0
                28.162701,45.691498,0
                28.162072,45.693247,0
                28.162241,45.69435,0
                28.162906,45.695736,0
                28.163853,45.696907,0
                28.1636,45.69872,0
                28.162427,45.700304,0
                28.160271,45.702519,0
                28.159564,45.70381,0
                28.159871,45.705001,0
                28.16277,45.705134,0
                28.16415,45.705455,0
                28.165927,45.706176,0
                28.169613,45.708317,0
                28.170298,45.709011,0
                28.170291,45.709852,0
                28.169741,45.710923,0
                28.165609,45.715116,0
                28.164257,45.716827,0
                28.16395,45.717844,0
                28.163972,45.718896,0
                28.164452,45.719841,0
                28.166452,45.72263,0
                28.16675,45.723419,0
                28.166466,45.72398,0
                28.164973,45.724524,0
                28.161987,45.724393,0
                28.160451,45.725285,0
                28.160453,45.725849,0
                28.162275,45.729264,0
                28.163134,45.729717,0
                28.165191,45.730273,0
                28.165815,45.730995,0
                28.164837,45.732429,0
                28.164852,45.733152,0
                28.166512,45.735986,0
                28.166314,45.736822,0
                28.1654,45.737461,0
                28.163758,45.73798,0
                28.15997,45.738949,0
                28.15729,45.740165,0
                28.156624,45.740972,0
                28.155669,45.744019,0
                28.154768,45.744652,0
                28.152472,45.744361,0
                28.151318,45.744405,0
                28.150525,45.745423,0
                28.150598,45.74822,0
                28.149695,45.751553,0
                28.150121,45.752312,0
                28.151406,45.753229,0
                28.151709,45.754458,0
                28.148496,45.755819,0
                28.145544,45.758708,0
                28.143603,45.760095,0
                28.143299,45.760855,0
                28.14428,45.7636,0
                28.145461,45.764494,0
                28.147369,45.763891,0
                28.148503,45.763848,0
                28.149486,45.764145,0
                28.149759,45.765484,0
                28.148448,45.766599,0
                28.148108,45.768316,0
                28.149572,45.770224,0
                28.150124,45.771243,0
                28.150067,45.773004,0
                28.150261,45.773729,0
                28.150846,45.773979,0
                28.153261,45.773943,0
                28.15413,45.77431,0
                28.155226,45.775514,0
                28.155652,45.777529,0
                28.155485,45.77863,0
                28.154636,45.77928,0
                28.15262,45.779985,0
                28.152644,45.780582,0
                28.153613,45.781351,0
                28.153955,45.782009,0
                28.153574,45.782649,0
                28.152452,45.783452,0
                28.151493,45.783462,0
                28.150391,45.783079,0
                28.148845,45.782111,0
                28.14718,45.781395,0
                28.144291,45.781187,0
                28.143175,45.780891,0
                28.140505,45.779541,0
                28.137469,45.779155,0
                28.135895,45.778613,0
                28.1345,45.778515,0
                28.132622,45.779789,0
                28.128616,45.78199,0
                28.126567,45.783828,0
                28.124452,45.786183,0
                28.120411,45.789876,0
                28.119315,45.791086,0
                28.118868,45.791103,0
                28.115606,45.790158,0
                28.114495,45.790246,0
                28.113651,45.790816,0
                28.112932,45.791823,0
                28.112337,45.794168,0
                28.112529,45.79554,0
                28.113429,45.796208,0
                28.11447,45.796087,0
                28.117732,45.794591,0
                28.118419,45.794651,0
                28.120648,45.795985,0
                28.121703,45.7974,0
                28.122061,45.798696,0
                28.120794,45.800135,0
                28.119573,45.802167,0
                28.119465,45.802841,0
                28.120022,45.803951,0
                28.120563,45.805759,0
                28.120694,45.807451,0
                28.118612,45.813382,0
                28.117827,45.814643,0
                28.117162,45.814937,0
                28.114694,45.814682,0
                28.110457,45.814678,0
                28.108861,45.814978,0
                28.107544,45.816029,0
                28.108331,45.817185,0
                28.111544,45.819574,0
                28.112402,45.820518,0
                28.111548,45.821971,0
                28.109356,45.823472,0
                28.109545,45.824526,0
                28.111303,45.825877,0
                28.111095,45.8274,0
                28.108464,45.83045,0
                28.108554,45.830949,0
                28.11066,45.831831,0
                28.112048,45.833315,0
                28.11239,45.835313,0
                28.111543,45.836579,0
                28.109797,45.838422,0
                28.109072,45.84039,0
                28.108312,45.841894,0
                28.106076,45.842719,0
                28.105853,45.843902,0
                28.107741,45.844607,0
                28.110471,45.844794,0
                28.111903,45.84502,0
                28.112445,45.845585,0
                28.112239,45.847897,0
                28.113585,45.849703,0
                28.113449,45.850217,0
                28.110474,45.852072,0
                28.108649,45.855564,0
                28.105819,45.859259,0
                28.10573,45.859788,0
                28.106667,45.86047,0
                28.108074,45.860748,0
                28.111411,45.86074,0
                28.113403,45.860506,0
                28.115165,45.860694,0
                28.11774,45.861961,0
                28.119084,45.863033,0
                28.120441,45.863353,0
                28.121955,45.863411,0
                28.125851,45.862834,0
                28.127112,45.863105,0
                28.127532,45.863697,0
                28.127663,45.865104,0
                28.127221,45.869357,0
                28.127609,45.870644,0
                28.128622,45.87257,0
                28.129931,45.874121,0
                28.132661,45.876317,0
                28.132446,45.876903,0
                28.131059,45.87751,0
                28.128818,45.87754,0
                28.128231,45.87778,0
                28.128206,45.87891,0
                28.129356,45.880019,0
                28.130552,45.881717,0
                28.130345,45.882495,0
                28.129107,45.883608,0
                28.127581,45.88469,0
                28.125627,45.885057,0
                28.125179,45.884792,0
                28.123904,45.882533,0
                28.1231,45.882559,0
                28.121278,45.883503,0
                28.120428,45.883626,0
                28.117339,45.882658,0
                28.115073,45.882843,0
                28.113149,45.884325,0
                28.112953,45.885094,0
                28.113283,45.885682,0
                28.115468,45.886489,0
                28.11834,45.887024,0
                28.118394,45.887667,0
                28.116859,45.88974,0
                28.116479,45.892513,0
                28.115813,45.893175,0
                28.113752,45.894335,0
                28.113103,45.894979,0
                28.112296,45.898029,0
                28.112358,45.899146,0
                28.113843,45.899779,0
                28.116116,45.900053,0
                28.118411,45.899859,0
                28.119439,45.900261,0
                28.120206,45.901113,0
                28.120098,45.902782,0
                28.119253,45.904385,0
                28.117048,45.907079,0
                28.116384,45.908521,0
                28.116419,45.909837,0
                28.116938,45.910712,0
                28.120252,45.913557,0
                28.120345,45.914561,0
                28.12018,45.917581,0
                28.120814,45.918467,0
                28.123369,45.92038,0
                28.125569,45.921459,0
                28.126055,45.922434,0
                28.125836,45.923386,0
                28.125102,45.924254,0
                28.12355,45.9256,0
                28.122067,45.927247,0
                28.121683,45.929969,0
                28.120715,45.931449,0
                28.118576,45.933252,0
                28.115545,45.934965,0
                28.114716,45.936091,0
                28.114581,45.936816,0
                28.116773,45.939996,0
                28.118414,45.942949,0
                28.118677,45.943876,0
                28.11827,45.945063,0
                28.115699,45.949249,0
                28.115098,45.953049,0
                28.114519,45.954263,0
                28.111347,45.958026,0
                28.108331,45.959998,0
                28.106375,45.961055,0
                28.105558,45.962017,0
                28.105233,45.962847,0
                28.105431,45.964539,0
                28.106142,45.965357,0
                28.108642,45.966779,0
                28.108923,45.967549,0
                28.1086,45.968578,0
                28.10769,45.969515,0
                28.105792,45.970539,0
                28.102143,45.972167,0
                28.102029,45.973279,0
                28.102942,45.973915,0
                28.106653,45.975456,0
                28.107457,45.977584,0
                28.107366,45.978415,0
                28.106439,45.978784,0
                28.105231,45.978814,0
                28.100311,45.977802,0
                28.099094,45.978006,0
                28.098576,45.978461,0
                28.098693,45.980869,0
                28.09909,45.981739,0
                28.102753,45.983389,0
                28.104164,45.984891,0
                28.105027,45.986802,0
                28.105274,45.988414,0
                28.104897,45.989225,0
                28.104058,45.989664,0
                28.100877,45.99006,0
                28.099598,45.990382,0
                28.09869,45.991122,0
                28.097524,45.993069,0
                28.096599,45.995173,0
                28.096114,45.997455,0
                28.095152,45.999739,0
                28.0945,46.000921,0
                28.090823,46.005415,0
                28.08943,46.005991,0
                28.086866,46.006691,0
                28.085765,46.00786,0
                28.085579,46.008593,0
                28.086049,46.009229,0
                28.091829,46.012108,0
                28.095142,46.014246,0
                28.095506,46.014849,0
                28.095135,46.016416,0
                28.094458,46.017215,0
                28.092255,46.017757,0
                28.089229,46.019088,0
                28.087663,46.020252,0
                28.088788,46.02289,0
                28.089241,46.026984,0
                28.090866,46.030357,0
                28.09042,46.033566,0
                28.090632,46.03494,0
                28.091098,46.036102,0
                28.095628,46.039595,0
                28.096718,46.042088,0
                28.097619,46.043221,0
                28.098732,46.043442,0
                28.101288,46.042565,0
                28.102916,46.042614,0
                28.104034,46.043264,0
                28.104003,46.043898,0
                28.101005,46.045831,0
                28.100632,46.046821,0
                28.100867,46.047698,0
                28.102075,46.049378,0
                28.105125,46.052574,0
                28.10469,46.053301,0
                28.103304,46.053744,0
                28.101355,46.054084,0
                28.099186,46.053941,0
                28.09615,46.053267,0
                28.093622,46.052892,0
                28.092386,46.053618,0
                28.090119,46.056379,0
                28.088997,46.058806,0
                28.088943,46.059375,0
                28.089976,46.059843,0
                28.091669,46.060193,0
                28.093897,46.060209,0
                28.096789,46.06004,0
                28.097934,46.060222,0
                28.099865,46.062298,0
                28.100716,46.063935,0
                28.100021,46.065104,0
                28.097193,46.065314,0
                28.093197,46.066644,0
                28.089929,46.068182,0
                28.08951,46.068801,0
                28.089448,46.069966,0
                28.090206,46.071641,0
                28.091405,46.072791,0
                28.093124,46.073655,0
                28.093293,46.07513,0
                28.092341,46.078374,0
                28.092705,46.079138,0
                28.094047,46.079348,0
                28.096318,46.078431,0
                28.097341,46.078474,0
                28.097821,46.078933,0
                28.098294,46.080261,0
                28.099817,46.08113,0
                28.100967,46.081013,0
                28.102009,46.080555,0
                28.103464,46.079331,0
                28.104931,46.078559,0
                28.107292,46.078185,0
                28.108666,46.07841,0
                28.109104,46.07913,0
                28.10878,46.080078,0
                28.106989,46.083209,0
                28.107229,46.083753,0
                28.110812,46.085981,0
                28.111591,46.086706,0
                28.1112,46.087481,0
                28.110168,46.088051,0
                28.106716,46.08909,0
                28.105717,46.089842,0
                28.105509,46.091332,0
                28.1069,46.093649,0
                28.107184,46.094881,0
                28.106933,46.096139,0
                28.106019,46.096827,0
                28.103397,46.097703,0
                28.102332,46.098338,0
                28.102269,46.098879,0
                28.102929,46.099163,0
                28.105495,46.09862,0
                28.10703,46.098617,0
                28.107886,46.098923,0
                28.109306,46.102572,0
                28.110153,46.103646,0
                28.111069,46.103869,0
                28.112097,46.103702,0
                28.113271,46.102676,0
                28.114765,46.102133,0
                28.1166,46.102067,0
                28.118875,46.102206,0
                28.12003,46.102611,0
                28.122401,46.104264,0
                28.122942,46.105147,0
                28.122208,46.105837,0
                28.117888,46.107126,0
                28.116409,46.107796,0
                28.116071,46.108516,0
                28.116137,46.109452,0
                28.116794,46.1109,0
                28.11825,46.11253,0
                28.119756,46.11257,0
                28.122635,46.11153,0
                28.123939,46.111359,0
                28.124664,46.111586,0
                28.125026,46.112205,0
                28.124323,46.115958,0
                28.124537,46.116924,0
                28.125874,46.120129,0
                28.125867,46.121156,0
                28.125024,46.125462,0
                28.125722,46.126409,0
                28.127608,46.12632,0
                28.128948,46.125535,0
                28.13044,46.125961,0
                28.133215,46.128379,0
                28.134681,46.130271,0
                28.134074,46.131028,0
                28.132925,46.131203,0
                28.128929,46.131129,0
                28.128455,46.13155,0
                28.125634,46.137736,0
                28.125976,46.139367,0
                28.128419,46.141283,0
                28.128892,46.142248,0
                28.129125,46.14362,0
                28.128757,46.144685,0
                28.127987,46.145586,0
                28.1247,46.147132,0
                28.12401,46.147769,0
                28.123819,46.148539,0
                28.124181,46.150437,0
                28.126331,46.155081,0
                28.127015,46.1555,0
                28.128963,46.155177,0
                28.130449,46.154451,0
                28.13146,46.154201,0
                28.13299,46.154642,0
                28.134608,46.158975,0
                28.135385,46.160502,0
                28.136286,46.161577,0
                28.137872,46.162812,0
                28.139563,46.163591,0
                28.141647,46.163773,0
                28.143045,46.164531,0
                28.142787,46.165319,0
                28.141868,46.166584,0
                28.139197,46.169319,0
                28.137072,46.171089,0
                28.133582,46.172809,0
                28.130168,46.174304,0
                28.128956,46.175673,0
                28.128372,46.177054,0
                28.128607,46.178096,0
                28.129328,46.178771,0
                28.130479,46.178786,0
                28.131831,46.178427,0
                28.135159,46.176882,0
                28.138555,46.175926,0
                28.140381,46.175775,0
                28.142067,46.176212,0
                28.143404,46.176819,0
                28.143876,46.177921,0
                28.14384,46.179284,0
                28.14304,46.179635,0
                28.136885,46.18032,0
                28.133435,46.181012,0
                28.1317,46.18258,0
                28.13119,46.183911,0
                28.131082,46.185121,0
                28.131806,46.185703,0
                28.133109,46.185892,0
                28.134772,46.185727,0
                28.136158,46.18504,0
                28.139454,46.182845,0
                28.140376,46.18284,0
                28.14158,46.184676,0
                28.141427,46.186242,0
                28.141427,46.191075,0
                28.140962,46.192214,0
                28.139445,46.192244,0
                28.138481,46.191721,0
                28.13773,46.191838,0
                28.136707,46.19267,0
                28.135068,46.195053,0
                28.134268,46.195433,0
                28.133274,46.195378,0
                28.130961,46.194846,0
                28.123289,46.19227,0
                28.120575,46.191586,0
                28.119044,46.191652,0
                28.117804,46.193294,0
                28.11759,46.195748,0
                28.120501,46.197641,0
                28.123691,46.199859,0
                28.124995,46.201967,0
                28.125719,46.203861,0
                28.1261,46.206808,0
                28.125457,46.208702,0
                28.1237,46.210682,0
                28.121629,46.211792,0
                28.119856,46.212205,0
                28.117715,46.211851,0
                28.11668,46.211251,0
                28.116395,46.210053,0
                28.116706,46.208412,0
                28.117604,46.206337,0
                28.117759,46.205242,0
                28.116916,46.20375,0
                28.115274,46.202552,0
                28.113631,46.202068,0
                28.112793,46.202185,0
                28.111481,46.2029,0
                28.109867,46.204807,0
                28.109851,46.206021,0
                28.11039,46.207098,0
                28.112298,46.208964,0
                28.114319,46.210592,0
                28.114717,46.211395,0
                28.114342,46.212027,0
                28.109858,46.214413,0
                28.108379,46.214644,0
                28.107251,46.215099,0
                28.107363,46.215521,0
                28.109764,46.2159,0
                28.11054,46.216228,0
                28.111455,46.217297,0
                28.11194,46.218328,0
                28.112015,46.220396,0
                28.111011,46.220728,0
                28.10799,46.221071,0
                28.106787,46.221462,0
                28.106609,46.222283,0
                28.107432,46.223445,0
                28.109226,46.225054,0
                28.110453,46.226809,0
                28.111732,46.23047,0
                28.112007,46.232466,0
                28.111612,46.234709,0
                28.110284,46.237404,0
                28.1097,46.240049,0
                28.109778,46.241893,0
                28.110602,46.243626,0
                28.112172,46.245431,0
                28.113266,46.246071,0
                28.114314,46.245755,0
                28.115023,46.244901,0
                28.116651,46.240465,0
                28.117786,46.239107,0
                28.118942,46.238833,0
                28.119665,46.239179,0
                28.119909,46.239975,0
                28.119654,46.241272,0
                28.118878,46.242594,0
                28.11905,46.24323,0
                28.120414,46.242872,0
                28.120976,46.241806,0
                28.121835,46.241561,0
                28.123063,46.241863,0
                28.124248,46.242836,0
                28.127619,46.246174,0
                28.133605,46.250758,0
                28.135216,46.25078,0
                28.137514,46.248374,0
                28.138548,46.24796,0
                28.140266,46.248188,0
                28.143835,46.250508,0
                28.146086,46.251328,0
                28.146568,46.252091,0
                28.146306,46.253366,0
                28.143961,46.255268,0
                28.142022,46.257102,0
                28.140906,46.257423,0
                28.139806,46.257337,0
                28.132471,46.256013,0
                28.130658,46.255868,0
                28.130296,46.256117,0
                28.129021,46.259276,0
                28.126609,46.261381,0
                28.126547,46.262227,0
                28.127675,46.262496,0
                28.129902,46.262506,0
                28.132209,46.262774,0
                28.134534,46.263269,0
                28.136046,46.263989,0
                28.136468,46.265093,0
                28.134551,46.266768,0
                28.13416,46.267479,0
                28.135563,46.267834,0
                28.136354,46.268402,0
                28.13716,46.271703,0
                28.136864,46.279321,0
                28.137185,46.281612,0
                28.138314,46.283363,0
                28.140015,46.284867,0
                28.142086,46.285858,0
                28.144293,46.286384,0
                28.145983,46.286269,0
                28.147341,46.285933,0
                28.147547,46.285086,0
                28.144793,46.28143,0
                28.143881,46.279725,0
                28.144273,46.278707,0
                28.145681,46.278132,0
                28.148263,46.278065,0
                28.151545,46.278298,0
                28.15252,46.27903,0
                28.153185,46.280394,0
                28.15347,46.281572,0
                28.152833,46.283566,0
                28.151657,46.285626,0
                28.149546,46.289847,0
                28.149089,46.291236,0
                28.149872,46.292137,0
                28.151099,46.292396,0
                28.152615,46.292211,0
                28.153872,46.291575,0
                28.15489,46.290231,0
                28.155966,46.286842,0
                28.156829,46.286142,0
                28.158107,46.286144,0
                28.162616,46.286853,0
                28.164097,46.286664,0
                28.164847,46.286104,0
                28.164556,46.28507,0
                28.162377,46.282827,0
                28.162152,46.282197,0
                28.16265,46.281773,0
                28.164111,46.281783,0
                28.169604,46.282717,0
                28.169906,46.283566,0
                28.169026,46.289082,0
                28.16898,46.292176,0
                28.16919,46.294441,0
                28.170317,46.296889,0
                28.171294,46.297731,0
                28.172634,46.297894,0
                28.173965,46.29738,0
                28.175581,46.296483,0
                28.176833,46.29553,0
                28.176897,46.294366,0
                28.176243,46.293274,0
                28.172371,46.290484,0
                28.175619,46.288459,0
                28.178682,46.285874,0
                28.180166,46.285303,0
                28.180878,46.285761,0
                28.180879,46.286845,0
                28.178988,46.289694,0
                28.179094,46.2905,0
                28.180801,46.291194,0
                28.182189,46.291069,0
                28.183559,46.290395,0
                28.184844,46.290539,0
                28.186179,46.291521,0
                28.18671,46.293002,0
                28.186575,46.293974,0
                28.185831,46.294609,0
                28.184239,46.294726,0
                28.182215,46.294453,0
                28.180751,46.294866,0
                28.179125,46.296007,0
                28.17828,46.297415,0
                28.177925,46.299169,0
                28.178402,46.300224,0
                28.179791,46.300536,0
                28.181705,46.299709,0
                28.182383,46.299795,0
                28.187667,46.302536,0
                28.189821,46.30311,0
                28.193831,46.302965,0
                28.195028,46.303104,0
                28.196353,46.303875,0
                28.197665,46.306124,0
                28.20209,46.31075,0
                28.205506,46.314991,0
                28.207414,46.318567,0
                28.20869,46.319425,0
                28.208975,46.320321,0
                28.208463,46.320864,0
                28.207251,46.321063,0
                28.20537,46.320788,0
                28.201522,46.320514,0
                28.201016,46.320801,0
                28.199652,46.326308,0
                28.198527,46.327827,0
                28.19727,46.32824,0
                28.196494,46.328072,0
                28.196027,46.327416,0
                28.195691,46.325979,0
                28.194782,46.32389,0
                28.193639,46.322913,0
                28.19228,46.323192,0
                28.190972,46.324542,0
                28.189082,46.325845,0
                28.186928,46.326326,0
                28.186586,46.326799,0
                28.186904,46.327568,0
                28.188121,46.328423,0
                28.19178,46.329465,0
                28.192188,46.329933,0
                28.191766,46.330451,0
                28.188629,46.331726,0
                28.185342,46.332365,0
                28.183627,46.333081,0
                28.186494,46.336346,0
                28.188055,46.33753,0
                28.188851,46.337326,0
                28.192087,46.334554,0
                28.193353,46.334057,0
                28.19489,46.333899,0
                28.196229,46.33402,0
                28.196788,46.334678,0
                28.196678,46.33563,0
                28.195024,46.337598,0
                28.194783,46.338585,0
                28.195225,46.339614,0
                28.196429,46.341003,0
                28.198267,46.34199,0
                28.199327,46.342889,0
                28.199231,46.344126,0
                28.197764,46.34564,0
                28.195622,46.346846,0
                28.193593,46.347076,0
                28.193257,46.3467,0
                28.194251,46.343139,0
                28.193585,46.342556,0
                28.192589,46.342726,0
                28.190805,46.343549,0
                28.187217,46.345561,0
                28.186749,46.346955,0
                28.185754,46.349109,0
                28.183796,46.351404,0
                28.182838,46.35223,0
                28.183121,46.352866,0
                28.185172,46.353467,0
                28.186759,46.353626,0
                28.188845,46.353329,0
                28.187813,46.352439,0
                28.185886,46.35202,0
                28.185263,46.351682,0
                28.185576,46.351254,0
                28.187014,46.350556,0
                28.189519,46.349605,0
                28.193344,46.349192,0
                28.196125,46.349658,0
                28.195999,46.350375,0
                28.193579,46.352157,0
                28.192155,46.353392,0
                28.190934,46.355045,0
                28.190628,46.356314,0
                28.190815,46.357399,0
                28.191325,46.35846,0
                28.192399,46.359447,0
                28.193447,46.359664,0
                28.193829,46.359254,0
                28.192519,46.358317,0
                28.192467,46.357782,0
                28.193082,46.357043,0
                28.19506,46.35658,0
                28.198101,46.356333,0
                28.201336,46.356462,0
                28.205031,46.35735,0
                28.207544,46.358411,0
                28.208398,46.35921,0
                28.207971,46.359773,0
                28.205955,46.360354,0
                28.203011,46.360188,0
                28.201117,46.359128,0
                28.199891,46.360105,0
                28.199045,46.364213,0
                28.19906,46.364996,0
                28.200727,46.365299,0
                28.204213,46.364456,0
                28.205558,46.364585,0
                28.205976,46.364967,0
                28.205468,46.365553,0
                28.204396,46.366003,0
                28.203843,46.36669,0
                28.20679,46.36877,0
                28.206717,46.369309,0
                28.205933,46.369578,0
                28.204057,46.369654,0
                28.199403,46.369648,0
                28.198101,46.369235,0
                28.19748,46.369605,0
                28.197289,46.370339,0
                28.197585,46.37129,0
                28.198868,46.372772,0
                28.200291,46.373908,0
                28.201564,46.37427,0
                28.20325,46.374089,0
                28.208201,46.372446,0
                28.208836,46.372785,0
                28.209078,46.37413,0
                28.210063,46.37707,0
                28.211063,46.378876,0
                28.212417,46.380278,0
                28.213994,46.38136,0
                28.214913,46.381612,0
                28.217551,46.380481,0
                28.218782,46.380478,0
                28.221053,46.381291,0
                28.220793,46.382037,0
                28.2183,46.382289,0
                28.217501,46.382972,0
                28.218485,46.384488,0
                28.220145,46.386042,0
                28.222677,46.38737,0
                28.223415,46.388089,0
                28.223415,46.389154,0
                28.217482,46.39078,0
                28.216353,46.391347,0
                28.215945,46.391931,0
                28.215835,46.392982,0
                28.217058,46.395516,0
                28.218726,46.39561,0
                28.22051,46.394554,0
                28.223794,46.392095,0
                28.226811,46.391218,0
                28.229989,46.391384,0
                28.231074,46.391597,0
                28.231884,46.391306,0
                28.233832,46.389906,0
                28.235491,46.389861,0
                28.23654,46.390503,0
                28.236966,46.391423,0
                28.237891,46.392266,0
                28.23954,46.393364,0
                28.242504,46.394564,0
                28.242763,46.395702,0
                28.240918,46.39751,0
                28.239048,46.399765,0
                28.237436,46.40081,0
                28.235489,46.400689,0
                28.234003,46.40027,0
                28.231428,46.399078,0
                28.229468,46.398442,0
                28.227863,46.39831,0
                28.226319,46.398657,0
                28.225162,46.399244,0
                28.224433,46.400141,0
                28.22457,46.401239,0
                28.225247,46.402328,0
                28.226725,46.40322,0
                28.229582,46.403985,0
                28.231016,46.404024,0
                28.23474,46.403473,0
                28.237262,46.405068,0
                28.238696,46.406507,0
                28.238516,46.407292,0
                28.237531,46.407528,0
                28.231766,46.407319,0
                28.230839,46.407533,0
                28.230064,46.408375,0
                28.229869,46.409451,0
                28.229834,46.413113,0
                28.230148,46.414837,0
                28.23088,46.41598,0
                28.232071,46.416458,0
                28.233975,46.416832,0
                28.238982,46.416957,0
                28.242858,46.416958,0
                28.248819,46.415079,0
                28.2501,46.415467,0
                28.250433,46.41706,0
                28.250371,46.420075,0
                28.250841,46.420813,0
                28.251696,46.421402,0
                28.253576,46.421805,0
                28.255222,46.422508,0
                28.257343,46.423675,0
                28.258292,46.424827,0
                28.258647,46.425956,0
                28.258573,46.42698,0
                28.257925,46.428597,0
                28.255322,46.432184,0
                28.255548,46.432947,0
                28.256261,46.433809,0
                28.259874,46.436414,0
                28.26099,46.437326,0
                28.260906,46.43805,0
                28.259893,46.439921,0
                28.25847,46.443232,0
                28.257103,46.446671,0
                28.255863,46.447373,0
                28.252765,46.447041,0
                28.250606,46.446935,0
                28.24671,46.447435,0
                28.242008,46.447739,0
                28.24126,46.448517,0
                28.240133,46.452188,0
                28.240242,46.452786,0
                28.2425,46.454161,0
                28.245362,46.455608,0
                28.248381,46.456817,0
                28.253983,46.457832,0
                28.256553,46.459087,0
                28.257532,46.460317,0
                28.257979,46.46152,0
                28.257491,46.462219,0
                28.256206,46.46258,0
                28.252207,46.462583,0
                28.249295,46.462886,0
                28.246406,46.463555,0
                28.245302,46.464468,0
                28.246538,46.465144,0
                28.25061,46.465838,0
                28.251761,46.46672,0
                28.251411,46.467191,0
                28.247278,46.468066,0
                28.245458,46.469154,0
                28.244921,46.469708,0
                28.245071,46.472566,0
                28.246435,46.475034,0
                28.246504,46.475994,0
                28.246071,46.476847,0
                28.244008,46.478317,0
                28.241805,46.479448,0
                28.240504,46.479871,0
                28.239029,46.479536,0
                28.236872,46.477787,0
                28.235883,46.476331,0
                28.235151,46.47603,0
                28.232977,46.476633,0
                28.230485,46.477879,0
                28.225948,46.479108,0
                28.225015,46.479663,0
                28.224742,46.480213,0
                28.225463,46.481097,0
                28.22702,46.481958,0
                28.231317,46.483845,0
                28.232048,46.484522,0
                28.23199,46.485138,0
                28.229538,46.486546,0
                28.228747,46.487341,0
                28.228451,46.489122,0
                28.228695,46.490963,0
                28.230243,46.494065,0
                28.23055,46.495124,0
                28.230124,46.495497,0
                28.228793,46.495634,0
                28.225118,46.495172,0
                28.223975,46.495177,0
                28.223364,46.495632,0
                28.223196,46.496551,0
                28.223391,46.497995,0
                28.222622,46.500535,0
                28.222069,46.501662,0
                28.221277,46.502472,0
                28.219583,46.5026,0
                28.218021,46.501267,0
                28.217003,46.49956,0
                28.216419,46.499026,0
                28.215257,46.498641,0
                28.212122,46.499021,0
                28.21095,46.499622,0
                28.211381,46.500258,0
                28.213311,46.501535,0
                28.214637,46.502187,0
                28.213905,46.503062,0
                28.212957,46.503591,0
                28.209934,46.50448,0
                28.209007,46.505076,0
                28.208971,46.505878,0
                28.209941,46.507201,0
                28.212872,46.509877,0
                28.215093,46.512159,0
                28.215774,46.512057,0
                28.219959,46.510129,0
                28.221567,46.510036,0
                28.222382,46.510634,0
                28.222571,46.511378,0
                28.221146,46.514501,0
                28.218813,46.518507,0
                28.214619,46.52094,0
                28.213889,46.521777,0
                28.214444,46.522457,0
                28.215617,46.52288,0
                28.217561,46.522973,0
                28.219291,46.522369,0
                28.220885,46.52101,0
                28.22206,46.520327,0
                28.223457,46.520328,0
                28.2252,46.520755,0
                28.226916,46.521815,0
                28.228658,46.52371,0
                28.229275,46.525277,0
                28.229913,46.530192,0
                28.228648,46.530498,0
                28.226904,46.529395,0
                28.226092,46.529186,0
                28.225244,46.529483,0
                28.224753,46.530345,0
                28.224881,46.531524,0
                28.225688,46.533137,0
                28.227039,46.535146,0
                28.226372,46.535972,0
                28.225206,46.536381,0
                28.223505,46.536009,0
                28.223179,46.535082,0
                28.223475,46.533771,0
                28.222803,46.533602,0
                28.221509,46.533853,0
                28.217785,46.535933,0
                28.215332,46.536234,0
                28.214824,46.536619,0
                28.2152,46.537525,0
                28.216256,46.538932,0
                28.218354,46.540885,0
                28.222504,46.543479,0
                28.222746,46.544326,0
                28.222181,46.544917,0
                28.221341,46.545044,0
                28.220714,46.545568,0
                28.220919,46.546595,0
                28.221591,46.547885,0
                28.226725,46.553502,0
                28.228159,46.55343,0
                28.229428,46.553098,0
                28.230795,46.551975,0
                28.233128,46.551131,0
                28.23471,46.550878,0
                28.235571,46.551626,0
                28.2335,46.555046,0
                28.232781,46.557534,0
                28.232868,46.562702,0
                28.232514,46.563259,0
                28.231647,46.563305,0
                28.227659,46.562593,0
                28.226423,46.562594,0
                28.225476,46.563022,0
                28.225075,46.563799,0
                28.225308,46.564833,0
                28.22732,46.567262,0
                28.227413,46.568373,0
                28.225967,46.56971,0
                28.225115,46.571072,0
                28.224517,46.573167,0
                28.223473,46.575714,0
                28.222505,46.57895,0
                28.222678,46.57959,0
                28.224853,46.580441,0
                28.226953,46.580516,0
                28.233484,46.580047,0
                28.238263,46.579952,0
                28.24035,46.580672,0
                28.241273,46.581214,0
                28.24105,46.581735,0
                28.239821,46.582331,0
                28.234689,46.583756,0
                28.231445,46.584545,0
                28.23169,46.585548,0
                28.233676,46.586401,0
                28.236264,46.587116,0
                28.238263,46.588438,0
                28.239933,46.590254,0
                28.240647,46.591634,0
                28.241047,46.592961,0
                28.240177,46.594044,0
                28.238174,46.595327,0
                28.237913,46.595734,0
                28.238351,46.597195,0
                28.240218,46.599907,0
                28.242081,46.601612,0
                28.244704,46.602666,0
                28.24925,46.603467,0
                28.250249,46.603884,0
                28.24994,46.604534,0
                28.248647,46.605073,0
                28.245401,46.605938,0
                28.244329,46.606416,0
                28.244119,46.607073,0
                28.244545,46.607953,0
                28.246564,46.609533,0
                28.251575,46.611607,0
                28.252198,46.612368,0
                28.25184,46.613361,0
                28.249207,46.615455,0
                28.249534,46.616887,0
                28.251026,46.618733,0
                28.251355,46.619787,0
                28.251362,46.621043,0
                28.250358,46.623436,0
                28.248575,46.626531,0
                28.247115,46.627879,0
                28.24561,46.628135,0
                28.244069,46.628059,0
                28.241862,46.62748,0
                28.240926,46.627677,0
                28.239977,46.628389,0
                28.239182,46.629816,0
                28.239412,46.630959,0
                28.2403,46.632148,0
                28.242941,46.633464,0
                28.243759,46.634421,0
                28.244458,46.636065,0
                28.244213,46.638649,0
                28.243477,46.6402,0
                28.241487,46.641636,0
                28.23862,46.642943,0
                28.237972,46.643656,0
                28.238255,46.644473,0
                28.239324,46.645371,0
                28.240191,46.645527,0
                28.244245,46.644713,0
                28.24512,46.644767,0
                28.245722,46.64552,0
                28.245111,46.646133,0
                28.23903,46.649825,0
                28.237445,46.651337,0
                28.237204,46.652067,0
                28.237708,46.654483,0
                28.237854,46.656252,0
                28.236552,46.659502,0
                28.236399,46.66392,0
                28.235229,46.666903,0
                28.235269,46.667344,0
                28.236212,46.66732,0
                28.237378,46.666561,0
                28.238504,46.666478,0
                28.23951,46.666807,0
                28.239935,46.667606,0
                28.239801,46.669004,0
                28.239259,46.670486,0
                28.235538,46.674284,0
                28.235229,46.675062,0
                28.236173,46.676689,0
                28.236524,46.678008,0
                28.236044,46.679588,0
                28.234602,46.680831,0
                28.232572,46.681783,0
                28.230316,46.681705,0
                28.229723,46.681017,0
                28.229993,46.679959,0
                28.230975,46.678755,0
                28.231607,46.677079,0
                28.231552,46.675369,0
                28.231127,46.674305,0
                28.230183,46.673665,0
                28.22889,46.673471,0
                28.227291,46.674014,0
                28.223472,46.676504,0
                28.224649,46.678615,0
                28.224756,46.679985,0
                28.224136,46.681707,0
                28.222465,46.684182,0
                28.221904,46.6868,0
                28.221478,46.689761,0
                28.220468,46.69046,0
                28.219561,46.690454,0
                28.217713,46.689878,0
                28.215998,46.688574,0
                28.215244,46.687284,0
                28.214588,46.683567,0
                28.213963,46.683234,0
                28.212559,46.683523,0
                28.210623,46.684282,0
                28.208476,46.685929,0
                28.207855,46.686984,0
                28.207993,46.6876,0
                28.209055,46.687739,0
                28.210656,46.687392,0
                28.212357,46.687323,0
                28.212731,46.687751,0
                28.214467,46.69162,0
                28.215056,46.694027,0
                28.214439,46.696101,0
                28.212783,46.697435,0
                28.210588,46.697969,0
                28.205133,46.698663,0
                28.203277,46.699224,0
                28.202743,46.699946,0
                28.202898,46.700929,0
                28.203864,46.701727,0
                28.205304,46.702217,0
                28.208252,46.702881,0
                28.20972,46.70366,0
                28.210347,46.704361,0
                28.210538,46.706035,0
                28.210298,46.709183,0
                28.209668,46.711676,0
                28.208859,46.713041,0
                28.205886,46.715004,0
                28.20264,46.71534,0
                28.201881,46.715829,0
                28.201441,46.716615,0
                28.201685,46.717979,0
                28.202925,46.720573,0
                28.202793,46.721125,0
                28.200646,46.721286,0
                28.195459,46.720434,0
                28.194613,46.72068,0
                28.194728,46.722284,0
                28.193483,46.723175,0
                28.192075,46.723465,0
                28.187771,46.723278,0
                28.186885,46.724319,0
                28.187158,46.725681,0
                28.188183,46.727345,0
                28.189787,46.728477,0
                28.191476,46.729164,0
                28.195261,46.729504,0
                28.195759,46.730016,0
                28.195747,46.731602,0
                28.195382,46.733445,0
                28.194569,46.734478,0
                28.193573,46.735279,0
                28.191915,46.735497,0
                28.190116,46.735314,0
                28.188262,46.734742,0
                28.185376,46.733623,0
                28.184158,46.733955,0
                28.182136,46.735443,0
                28.180356,46.737429,0
                28.178879,46.742604,0
                28.179179,46.743325,0
                28.18116,46.74353,0
                28.182732,46.743115,0
                28.183677,46.743113,0
                28.184246,46.743578,0
                28.184427,46.744532,0
                28.183854,46.745869,0
                28.183068,46.746962,0
                28.181777,46.747548,0
                28.178229,46.747537,0
                28.177245,46.748033,0
                28.177127,46.748969,0
                28.17756,46.75073,0
                28.176897,46.75092,0
                28.173994,46.750487,0
                28.173419,46.750774,0
                28.173599,46.751792,0
                28.175834,46.755585,0
                28.176935,46.756287,0
                28.178378,46.756279,0
                28.180611,46.755439,0
                28.182193,46.755408,0
                28.183116,46.755775,0
                28.185255,46.759403,0
                28.184697,46.759928,0
                28.183999,46.759877,0
                28.181112,46.758648,0
                28.179418,46.758311,0
                28.1783,46.758812,0
                28.177859,46.759608,0
                28.17804,46.761008,0
                28.178821,46.763339,0
                28.179247,46.767574,0
                28.178882,46.769719,0
                28.177948,46.770581,0
                28.176107,46.770628,0
                28.17255,46.768776,0
                28.171222,46.768457,0
                28.168742,46.769423,0
                28.168001,46.770316,0
                28.167998,46.771224,0
                28.168725,46.772261,0
                28.171042,46.773217,0
                28.173018,46.774323,0
                28.173456,46.775,0
                28.172812,46.775685,0
                28.17039,46.775854,0
                28.168658,46.775355,0
                28.166133,46.774149,0
                28.165009,46.774015,0
                28.163927,46.774571,0
                28.161314,46.776863,0
                28.161578,46.777733,0
                28.16361,46.777945,0
                28.167934,46.777999,0
                28.176361,46.77733,0
                28.176591,46.778653,0
                28.175729,46.77973,0
                28.17381,46.781257,0
                28.1709,46.78269,0
                28.166235,46.783988,0
                28.165625,46.784755,0
                28.165684,46.785798,0
                28.166605,46.78913,0
                28.166474,46.790314,0
                28.165104,46.791201,0
                28.162845,46.791668,0
                28.16197,46.791496,0
                28.161281,46.79074,0
                28.161472,46.789369,0
                28.16242,46.787288,0
                28.162661,46.785116,0
                28.162135,46.784527,0
                28.161019,46.78453,0
                28.160223,46.784912,0
                28.156652,46.790221,0
                28.154674,46.792154,0
                28.150295,46.793808,0
                28.149188,46.794544,0
                28.14954,46.795645,0
                28.151798,46.797304,0
                28.15288,46.798343,0
                28.152614,46.799215,0
                28.151748,46.799785,0
                28.15063,46.799944,0
                28.14711,46.799549,0
                28.146301,46.799907,0
                28.145096,46.801328,0
                28.143846,46.802336,0
                28.142174,46.802614,0
                28.140285,46.802017,0
                28.137218,46.801817,0
                28.134797,46.802315,0
                28.132496,46.803543,0
                28.129875,46.806043,0
                28.128548,46.807711,0
                28.128428,46.808999,0
                28.128966,46.810503,0
                28.130153,46.812104,0
                28.130142,46.813279,0
                28.129403,46.813628,0
                28.126919,46.813407,0
                28.12447,46.813737,0
                28.123644,46.814523,0
                28.123832,46.815269,0
                28.125814,46.818917,0
                28.125754,46.822246,0
                28.125373,46.82306,0
                28.123497,46.82282,0
                28.122399,46.821886,0
                28.120625,46.819728,0
                28.119583,46.818912,0
                28.118358,46.818782,0
                28.117321,46.819237,0
                28.114849,46.821832,0
                28.114374,46.823306,0
                28.115354,46.825451,0
                28.11591,46.827386,0
                28.115952,46.830713,0
                28.115462,46.834728,0
                28.115008,46.83703,0
                28.113691,46.838574,0
                28.110469,46.840384,0
                28.107973,46.841543,0
                28.107571,46.842087,0
                28.107646,46.842875,0
                28.108429,46.843922,0
                28.109069,46.844309,0
                28.110243,46.843958,0
                28.111429,46.841976,0
                28.112125,46.841268,0
                28.113072,46.841265,0
                28.113685,46.841669,0
                28.114162,46.843018,0
                28.114532,46.845363,0
                28.115169,46.846969,0
                28.116069,46.848147,0
                28.118108,46.84943,0
                28.119208,46.849818,0
                28.120802,46.848838,0
                28.121883,46.847759,0
                28.123053,46.847251,0
                28.123873,46.847458,0
                28.124248,46.848005,0
                28.124354,46.849381,0
                28.12485,46.850217,0
                28.12619,46.851523,0
                28.126431,46.852108,0
                28.126097,46.852805,0
                28.125272,46.853097,0
                28.120753,46.85282,0
                28.118928,46.852987,0
                28.11782,46.853356,0
                28.117241,46.85458,0
                28.117747,46.855233,0
                28.118934,46.855564,0
                28.122529,46.85596,0
                28.122875,46.856468,0
                28.121332,46.857883,0
                28.115603,46.860185,0
                28.112617,46.861714,0
                28.107795,46.865428,0
                28.10775,46.866619,0
                28.109401,46.867474,0
                28.111626,46.868376,0
                28.111938,46.868994,0
                28.111397,46.869639,0
                28.110012,46.869813,0
                28.102743,46.869487,0
                28.099609,46.869635,0
                28.098662,46.869883,0
                28.0988,46.871326,0
                28.099717,46.872265,0
                28.101002,46.873117,0
                28.102699,46.873545,0
                28.104472,46.873691,0
                28.108114,46.873273,0
                28.109295,46.873486,0
                28.111124,46.87454,0
                28.113948,46.876944,0
                28.1158,46.877559,0
                28.117958,46.87755,0
                28.118639,46.878522,0
                28.117681,46.879317,0
                28.115517,46.880383,0
                28.113252,46.881668,0
                28.112278,46.883507,0
                28.112583,46.884729,0
                28.113474,46.886261,0
                28.114169,46.888322,0
                28.114253,46.890373,0
                28.113533,46.892964,0
                28.111475,46.895237,0
                28.110511,46.895473,0
                28.109689,46.895263,0
                28.109362,46.894643,0
                28.109927,46.891273,0
                28.109464,46.889801,0
                28.108605,46.889368,0
                28.107297,46.889934,0
                28.106456,46.891363,0
                28.105556,46.893619,0
                28.103925,46.89529,0
                28.102848,46.895661,0
                28.100994,46.89471,0
                28.098131,46.892558,0
                28.096845,46.892121,0
                28.096233,46.892442,0
                28.094347,46.895412,0
                28.092912,46.89609,0
                28.091307,46.896289,0
                28.08898,46.896073,0
                28.086209,46.895504,0
                28.085697,46.895903,0
                28.085788,46.89703,0
                28.088289,46.899613,0
                28.088676,46.900467,0
                28.087988,46.90097,0
                28.086452,46.900968,0
                28.084279,46.901371,0
                28.083467,46.902177,0
                28.083138,46.903153,0
                28.083687,46.904122,0
                28.087284,46.907278,0
                28.088045,46.90728,0
                28.089866,46.906235,0
                28.092008,46.905247,0
                28.094115,46.904859,0
                28.09563,46.904992,0
                28.095923,46.905557,0
                28.094488,46.908336,0
                28.094408,46.909391,0
                28.095048,46.91006,0
                28.096076,46.910464,0
                28.099083,46.910218,0
                28.101602,46.909663,0
                28.102979,46.90956,0
                28.103929,46.909899,0
                28.105578,46.911898,0
                28.106914,46.914327,0
                28.108939,46.916109,0
                28.112088,46.920586,0
                28.112778,46.921796,0
                28.112482,46.922736,0
                28.111697,46.923072,0
                28.10727,46.924362,0
                28.099158,46.927132,0
                28.09727,46.928297,0
                28.096871,46.928924,0
                28.097532,46.929357,0
                28.100162,46.929833,0
                28.102003,46.929751,0
                28.103379,46.929126,0
                28.104797,46.929171,0
                28.105912,46.929525,0
                28.105722,46.930518,0
                28.105019,46.931418,0
                28.103416,46.932355,0
                28.101596,46.932858,0
                28.099588,46.933177,0
                28.096754,46.933414,0
                28.089725,46.933636,0
                28.084069,46.934669,0
                28.082982,46.935699,0
                28.082221,46.936802,0
                28.082352,46.93763,0
                28.083162,46.938219,0
                28.084812,46.938154,0
                28.086435,46.937482,0
                28.087438,46.936146,0
                28.088473,46.935455,0
                28.089193,46.935669,0
                28.090171,46.936682,0
                28.090397,46.937711,0
                28.089768,46.939315,0
                28.088478,46.9411,0
                28.089036,46.941832,0
                28.090056,46.941909,0
                28.091692,46.94001,0
                28.092541,46.939705,0
                28.094234,46.93984,0
                28.095643,46.940354,0
                28.09648,46.941072,0
                28.097187,46.942193,0
                28.09766,46.944715,0
                28.098647,46.94807,0
                28.098538,46.949137,0
                28.09788,46.949766,0
                28.096139,46.949931,0
                28.09483,46.949827,0
                28.093799,46.949367,0
                28.09213,46.947472,0
                28.091243,46.947205,0
                28.090498,46.947487,0
                28.089857,46.949252,0
                28.090339,46.950738,0
                28.091663,46.95236,0
                28.093645,46.954434,0
                28.094074,46.955429,0
                28.093956,46.956239,0
                28.093241,46.956801,0
                28.090356,46.956221,0
                28.088625,46.956139,0
                28.085254,46.956703,0
                28.083159,46.957542,0
                28.081575,46.958648,0
                28.08028,46.95991,0
                28.079156,46.961673,0
                28.078691,46.962991,0
                28.078876,46.963668,0
                28.08215,46.965119,0
                28.084195,46.965385,0
                28.085372,46.965767,0
                28.085987,46.966439,0
                28.086147,46.967378,0
                28.084563,46.970972,0
                28.084617,46.971758,0
                28.086383,46.973251,0
                28.088303,46.974057,0
                28.09212,46.974805,0
                28.094646,46.975632,0
                28.095736,46.976204,0
                28.096419,46.977252,0
                28.096252,46.978922,0
                28.09474,46.9797,0
                28.091198,46.98075,0
                28.088767,46.981945,0
                28.085507,46.98449,0
                28.083937,46.984871,0
                28.079836,46.985219,0
                28.078495,46.985425,0
                28.078085,46.985879,0
                28.078593,46.986693,0
                28.081342,46.989822,0
                28.08047,46.990899,0
                28.076111,46.991731,0
                28.073997,46.992357,0
                28.070555,46.99383,0
                28.065887,46.996109,0
                28.060014,46.998351,0
                28.054737,46.999913,0
                28.054166,47.000727,0
                28.055584,47.002687,0
                28.055581,47.003668,0
                28.054864,47.004787,0
                28.053855,47.005612,0
                28.052567,47.005989,0
                28.051635,47.005813,0
                28.051254,47.005113,0
                28.051623,47.003924,0
                28.052607,47.002855,0
                28.052821,47.002071,0
                28.052433,47.001484,0
                28.051524,47.001176,0
                28.049838,47.001675,0
                28.047663,47.002571,0
                28.045429,47.003662,0
                28.040913,47.007177,0
                28.040568,47.008227,0
                28.043049,47.00891,0
                28.042988,47.009331,0
                28.039949,47.01133,0
                28.038701,47.011754,0
                28.037449,47.011754,0
                28.036411,47.011407,0
                28.035104,47.010227,0
                28.034249,47.010229,0
                28.033102,47.010808,0
                28.032486,47.011627,0
                28.032471,47.012523,0
                28.033097,47.013608,0
                28.034471,47.014924,0
                28.039441,47.018634,0
                28.040765,47.019029,0
                28.042547,47.019071,0
                28.044423,47.018691,0
                28.046894,47.017577,0
                28.049305,47.015926,0
                28.051393,47.014183,0
                28.052767,47.01381,0
                28.053994,47.014648,0
                28.053854,47.015726,0
                28.052414,47.019856,0
                28.049532,47.023717,0
                28.04836,47.024703,0
                28.047433,47.024834,0
                28.045562,47.023988,0
                28.044386,47.022554,0
                28.043608,47.021256,0
                28.042553,47.020834,0
                28.041672,47.02082,0
                28.040987,47.02129,0
                28.040436,47.022705,0
                28.040226,47.025391,0
                28.039471,47.026948,0
                28.038519,47.028284,0
                28.03591,47.030166,0
                28.034917,47.030577,0
                28.031571,47.03011,0
                28.028616,47.030477,0
                28.026794,47.030011,0
                28.02544,47.029015,0
                28.024144,47.027568,0
                28.022969,47.025749,0
                28.022627,47.023527,0
                28.020168,47.023056,0
                28.01791,47.023169,0
                28.013322,47.024205,0
                28.010508,47.025421,0
                28.007344,47.026593,0
                28.000169,47.028315,0
                27.998469,47.028536,0
                27.996075,47.028515,0
                27.995002,47.02872,0
                27.994618,47.029523,0
                27.995905,47.033627,0
                27.995648,47.034873,0
                27.99464,47.035798,0
                27.991166,47.037084,0
                27.98955,47.037277,0
                27.988433,47.036788,0
                27.987374,47.035742,0
                27.98685,47.034318,0
                27.985904,47.033853,0
                27.983987,47.034003,0
                27.981081,47.03491,0
                27.978201,47.036748,0
                27.976701,47.03838,0
                27.974562,47.042267,0
                27.973185,47.04352,0
                27.971858,47.043888,0
                27.968829,47.043838,0
                27.964201,47.043234,0
                27.961093,47.042052,0
                27.959978,47.041167,0
                27.95867,47.041545,0
                27.958161,47.042836,0
                27.958277,47.044568,0
                27.959083,47.045766,0
                27.960317,47.046481,0
                27.963726,47.046948,0
                27.964148,47.047939,0
                27.963726,47.04858,0
                27.962469,47.048911,0
                27.959987,47.048357,0
                27.955109,47.046928,0
                27.952626,47.046568,0
                27.950956,47.046693,0
                27.948078,47.047442,0
                27.945835,47.049464,0
                27.944601,47.049601,0
                27.944456,47.050437,0
                27.944998,47.05161,0
                27.946809,47.052501,0
                27.950835,47.053473,0
                27.953994,47.05373,0
                27.955783,47.053618,0
                27.956907,47.053076,0
                27.957799,47.053242,0
                27.958812,47.053978,0
                27.959492,47.055331,0
                27.95901,47.056214,0
                27.957876,47.056937,0
                27.953217,47.058388,0
                27.945827,47.059838,0
                27.944128,47.060463,0
                27.942916,47.062352,0
                27.941785,47.06381,0
                27.940001,47.065038,0
                27.938449,47.064915,0
                27.93793,47.064234,0
                27.93779,47.06317,0
                27.936629,47.062029,0
                27.935178,47.061354,0
                27.933114,47.06128,0
                27.930473,47.062006,0
                27.926089,47.065225,0
                27.923554,47.066745,0
                27.921356,47.067287,0
                27.919322,47.06742,0
                27.916393,47.066527,0
                27.915649,47.066681,0
                27.914765,47.06847,0
                27.913944,47.069377,0
                27.908769,47.073289,0
                27.906182,47.075811,0
                27.905271,47.076135,0
                27.904322,47.076009,0
                27.900711,47.073161,0
                27.899157,47.072983,0
                27.898018,47.073321,0
                27.897378,47.074028,0
                27.897135,47.075362,0
                27.897092,47.079685,0
                27.896593,47.081798,0
                27.895235,47.084196,0
                27.892368,47.087801,0
                27.889603,47.09009,0
                27.887251,47.090702,0
                27.886012,47.090584,0
                27.884031,47.08986,0
                27.883269,47.089982,0
                27.881287,47.090813,0
                27.879972,47.091557,0
                27.879961,47.092904,0
                27.884089,47.097673,0
                27.884193,47.098511,0
                27.883503,47.09902,0
                27.87897,47.100211,0
                27.875648,47.101968,0
                27.873333,47.102745,0
                27.871614,47.102859,0
                27.868501,47.102015,0
                27.867563,47.102437,0
                27.867491,47.103257,0
                27.868433,47.104017,0
                27.870284,47.104397,0
                27.873009,47.104286,0
                27.874371,47.105079,0
                27.875424,47.106458,0
                27.875097,47.107264,0
                27.873616,47.10771,0
                27.871347,47.107628,0
                27.864503,47.107141,0
                27.863242,47.106708,0
                27.862208,47.104441,0
                27.861483,47.103726,0
                27.860099,47.103644,0
                27.858614,47.103967,0
                27.85717,47.104937,0
                27.856161,47.106156,0
                27.855028,47.1083,0
                27.855072,47.109673,0
                27.856654,47.112151,0
                27.8566,47.112645,0
                27.855533,47.113156,0
                27.854092,47.113275,0
                27.849494,47.113261,0
                27.837962,47.115316,0
                27.834325,47.115878,0
                27.831985,47.11673,0
                27.830465,47.117653,0
                27.828546,47.119511,0
                27.82676,47.121722,0
                27.826547,47.122614,0
                27.827171,47.123367,0
                27.830105,47.124147,0
                27.833287,47.124694,0
                27.835354,47.125497,0
                27.837184,47.126669,0
                27.839274,47.128888,0
                27.840657,47.128982,0
                27.84195,47.128454,0
                27.843275,47.127452,0
                27.844167,47.125773,0
                27.844621,47.123742,0
                27.845568,47.122823,0
                27.846992,47.122568,0
                27.848532,47.122918,0
                27.851443,47.125143,0
                27.852059,47.126032,0
                27.852035,47.127906,0
                27.850709,47.129376,0
                27.849571,47.130971,0
                27.848337,47.13206,0
                27.843452,47.135008,0
                27.841762,47.135809,0
                27.841006,47.135674,0
                27.8365,47.133482,0
                27.834757,47.133183,0
                27.83258,47.133256,0
                27.831042,47.133702,0
                27.829957,47.134467,0
                27.829714,47.135251,0
                27.829859,47.138505,0
                27.829042,47.139091,0
                27.827239,47.138556,0
                27.825914,47.136422,0
                27.824998,47.135532,0
                27.823553,47.135142,0
                27.82205,47.135184,0
                27.820895,47.135561,0
                27.816638,47.137533,0
                27.814897,47.138154,0
                27.81351,47.138156,0
                27.808124,47.137415,0
                27.798497,47.138219,0
                27.792225,47.139602,0
                27.78374,47.140647,0
                27.782533,47.141313,0
                27.781717,47.142485,0
                27.781383,47.143476,0
                27.781797,47.144116,0
                27.782982,47.144451,0
                27.784799,47.144377,0
                27.787332,47.143842,0
                27.79074,47.142727,0
                27.794437,47.142212,0
                27.79807,47.141927,0
                27.799425,47.142061,0
                27.800106,47.142518,0
                27.800484,47.143367,0
                27.800285,47.143947,0
                27.798006,47.14622,0
                27.796376,47.147687,0
                27.794785,47.14852,0
                27.79349,47.148715,0
                27.791934,47.148509,0
                27.788387,47.147073,0
                27.786849,47.146684,0
                27.785628,47.146884,0
                27.784738,47.147567,0
                27.784305,47.14864,0
                27.784361,47.149672,0
                27.784851,47.150535,0
                27.787135,47.15233,0
                27.788549,47.153166,0
                27.789919,47.153395,0
                27.793486,47.153088,0
                27.798138,47.152543,0
                27.800396,47.151726,0
                27.802472,47.152146,0
                27.801358,47.154125,0
                27.801231,47.154773,0
                27.802064,47.156001,0
                27.803064,47.156927,0
                27.80568,47.15834,0
                27.807329,47.160038,0
                27.81127,47.163186,0
                27.811366,47.164023,0
                27.810987,47.165368,0
                27.810304,47.16623,0
                27.809362,47.166743,0
                27.808196,47.166161,0
                27.806258,47.165672,0
                27.80391,47.166374,0
                27.80188,47.167688,0
                27.797388,47.170233,0
                27.796547,47.171038,0
                27.796164,47.172437,0
                27.796541,47.174387,0
                27.79769,47.176223,0
                27.798584,47.180271,0
                27.799282,47.181858,0
                27.800887,47.183774,0
                27.802739,47.186268,0
                27.803797,47.188437,0
                27.80382,47.189625,0
                27.803189,47.190474,0
                27.801133,47.191174,0
                27.80023,47.190922,0
                27.798392,47.189411,0
                27.795406,47.18822,0
                27.793796,47.188007,0
                27.792228,47.188059,0
                27.789896,47.18882,0
                27.787006,47.190359,0
                27.786566,47.191195,0
                27.786617,47.194912,0
                27.786436,47.197039,0
                27.787148,47.200908,0
                27.787933,47.2027,0
                27.789042,47.204365,0
                27.790711,47.206242,0
                27.790857,47.207198,0
                27.790583,47.20793,0
                27.788332,47.208404,0
                27.787159,47.208085,0
                27.785283,47.207137,0
                27.780299,47.204062,0
                27.778758,47.203511,0
                27.777898,47.20372,0
                27.777067,47.205016,0
                27.777451,47.205971,0
                27.778661,47.208,0
                27.779938,47.209487,0
                27.78455,47.213109,0
                27.786072,47.21452,0
                27.786639,47.217554,0
                27.785895,47.219188,0
                27.785292,47.219706,0
                27.779594,47.221127,0
                27.775649,47.220731,0
                27.771188,47.221075,0
                27.769948,47.22157,0
                27.769681,47.222579,0
                27.770177,47.223092,0
                27.772609,47.224377,0
                27.773605,47.22545,0
                27.775342,47.228147,0
                27.775651,47.229267,0
                27.775333,47.230203,0
                27.774407,47.231133,0
                27.773267,47.231532,0
                27.769076,47.232088,0
                27.76781,47.231986,0
                27.762482,47.230351,0
                27.760524,47.229964,0
                27.756584,47.230209,0
                27.755217,47.230626,0
                27.754465,47.231225,0
                27.754158,47.232022,0
                27.754779,47.23405,0
                27.756029,47.235443,0
                27.758438,47.237624,0
                27.759058,47.23837,0
                27.759177,47.239727,0
                27.758071,47.239981,0
                27.755617,47.240024,0
                27.75399,47.23868,0
                27.752468,47.238319,0
                27.750827,47.238362,0
                27.748432,47.239461,0
                27.746092,47.24172,0
                27.745463,47.242596,0
                27.745084,47.244622,0
                27.745993,47.246812,0
                27.747514,47.247514,0
                27.748429,47.248334,0
                27.749876,47.24859,0
                27.752166,47.247729,0
                27.755042,47.247172,0
                27.756069,47.247332,0
                27.756669,47.247934,0
                27.756832,47.250034,0
                27.755915,47.252517,0
                27.754925,47.253423,0
                27.753747,47.254046,0
                27.752237,47.254469,0
                27.749461,47.254424,0
                27.747392,47.253601,0
                27.746307,47.252527,0
                27.746138,47.251767,0
                27.744883,47.251132,0
                27.743307,47.251933,0
                27.742087,47.253884,0
                27.741894,47.255828,0
                27.74225,47.256667,0
                27.743269,47.257427,0
                27.7446,47.257734,0
                27.748292,47.257601,0
                27.75111,47.256852,0
                27.754285,47.256396,0
                27.756092,47.256268,0
                27.757266,47.256515,0
                27.75827,47.257489,0
                27.757452,47.258917,0
                27.756319,47.259557,0
                27.754567,47.26011,0
                27.750018,47.261298,0
                27.747757,47.262041,0
                27.744858,47.264133,0
                27.744099,47.265299,0
                27.744854,47.267729,0
                27.74722,47.271986,0
                27.747895,47.274018,0
                27.747765,47.27601,0
                27.747134,47.277091,0
                27.745559,47.277522,0
                27.743952,47.277269,0
                27.739543,47.275688,0
                27.738129,47.275632,0
                27.737299,47.276428,0
                27.737344,47.277567,0
                27.738024,47.2786,0
                27.738411,47.280161,0
                27.738035,47.283757,0
                27.736726,47.286663,0
                27.734713,47.289993,0
                27.732121,47.292847,0
                27.729743,47.294639,0
                27.728141,47.295411,0
                27.726918,47.295579,0
                27.725079,47.295268,0
                27.720687,47.293961,0
                27.718961,47.293831,0
                27.717749,47.293956,0
                27.716081,47.295382,0
                27.713817,47.297973,0
                27.71144,47.299158,0
                27.709127,47.299902,0
                27.707142,47.300079,0
                27.705029,47.29999,0
                27.703467,47.299434,0
                27.702733,47.298333,0
                27.7026,47.297144,0
                27.705601,47.290342,0
                27.705423,47.289794,0
                27.704413,47.289412,0
                27.702482,47.289616,0
                27.699533,47.290541,0
                27.691647,47.292046,0
                27.690346,47.291925,0
                27.689076,47.291153,0
                27.68848,47.28993,0
                27.687968,47.287765,0
                27.687978,47.285748,0
                27.686805,47.285059,0
                27.685618,47.284681,0
                27.684296,47.285095,0
                27.68324,47.286448,0
                27.682721,47.288716,0
                27.682694,47.291156,0
                27.683141,47.293536,0
                27.684314,47.296541,0
                27.68402,47.297611,0
                27.681171,47.298434,0
                27.680139,47.298986,0
                27.679433,47.29994,0
                27.680516,47.303687,0
                27.680396,47.306565,0
                27.679812,47.308789,0
                27.678876,47.3097,0
                27.677717,47.309938,0
                27.676082,47.309935,0
                27.675089,47.309614,0
                27.674531,47.308928,0
                27.674655,47.307851,0
                27.676268,47.305514,0
                27.676647,47.304489,0
                27.676295,47.303191,0
                27.675098,47.301439,0
                27.673731,47.300395,0
                27.672237,47.300046,0
                27.670886,47.300128,0
                27.669565,47.300833,0
                27.668158,47.302508,0
                27.666219,47.30546,0
                27.664266,47.307923,0
                27.662806,47.307934,0
                27.661391,47.307634,0
                27.660406,47.306927,0
                27.659275,47.305643,0
                27.658172,47.305079,0
                27.65667,47.30539,0
                27.654723,47.307542,0
                27.653775,47.307996,0
                27.652373,47.308113,0
                27.649691,47.307979,0
                27.647755,47.307646,0
                27.64645,47.307045,0
                27.646337,47.306113,0
                27.646702,47.304972,0
                27.648601,47.30285,0
                27.64874,47.301721,0
                27.64794,47.299689,0
                27.646877,47.299438,0
                27.645641,47.299712,0
                27.642203,47.301277,0
                27.636525,47.302223,0
                27.634486,47.302715,0
                27.633223,47.303247,0
                27.633119,47.30467,0
                27.637849,47.309588,0
                27.638605,47.311403,0
                27.637321,47.312661,0
                27.636235,47.313084,0
                27.634977,47.312978,0
                27.633381,47.312196,0
                27.631263,47.310616,0
                27.62977,47.309917,0
                27.627678,47.310623,0
                27.627132,47.311361,0
                27.627497,47.314887,0
                27.627103,47.317976,0
                27.626467,47.320492,0
                27.625211,47.32261,0
                27.62295,47.324962,0
                27.622233,47.325923,0
                27.62152,47.326217,0
                27.620127,47.325411,0
                27.619371,47.322833,0
                27.618369,47.321347,0
                27.616682,47.319681,0
                27.61377,47.318627,0
                27.609908,47.317467,0
                27.607674,47.317089,0
                27.606073,47.317251,0
                27.605039,47.318096,0
                27.605677,47.318968,0
                27.610419,47.323074,0
                27.610917,47.324542,0
                27.610742,47.325754,0
                27.609872,47.32696,0
                27.608826,47.327734,0
                27.607039,47.328485,0
                27.605174,47.328778,0
                27.60381,47.328542,0
                27.602398,47.327404,0
                27.601631,47.326277,0
                27.599206,47.322082,0
                27.599587,47.321236,0
                27.600977,47.319909,0
                27.601318,47.318722,0
                27.600644,47.317549,0
                27.598429,47.317275,0
                27.596831,47.317734,0
                27.59392,47.319554,0
                27.593068,47.320838,0
                27.592786,47.321855,0
                27.593072,47.32258,0
                27.595207,47.323982,0
                27.59589,47.325162,0
                27.594996,47.326996,0
                27.594183,47.327416,0
                27.592399,47.327729,0
                27.588992,47.327623,0
                27.587132,47.327232,0
                27.583668,47.327085,0
                27.582167,47.327367,0
                27.581288,47.32804,0
                27.581083,47.329519,0
                27.581697,47.33041,0
                27.582958,47.331109,0
                27.584636,47.331756,0
                27.587249,47.332108,0
                27.591785,47.332142,0
                27.595071,47.331557,0
                27.59653,47.330693,0
                27.598599,47.329102,0
                27.600309,47.329039,0
                27.601377,47.32925,0
                27.602968,47.331095,0
                27.605582,47.333092,0
                27.607343,47.334088,0
                27.61,47.335874,0
                27.611942,47.33675,0
                27.615103,47.339115,0
                27.6153,47.34025,0
                27.614363,47.341168,0
                27.61306,47.341876,0
                27.611761,47.342006,0
                27.611205,47.341484,0
                27.610492,47.33975,0
                27.609024,47.339436,0
                27.60517,47.339643,0
                27.604417,47.340242,0
                27.604324,47.341389,0
                27.604818,47.342458,0
                27.606744,47.344432,0
                27.606899,47.34654,0
                27.606437,47.349062,0
                27.605467,47.349792,0
                27.604404,47.349889,0
                27.603203,47.349487,0
                27.602036,47.348716,0
                27.598018,47.346863,0
                27.596295,47.346547,0
                27.595575,47.347047,0
                27.594894,47.348095,0
                27.594762,47.349191,0
                27.5952,47.35021,0
                27.59639,47.351954,0
                27.597622,47.354629,0
                27.59854,47.356926,0
                27.599379,47.359668,0
                27.599648,47.362583,0
                27.600008,47.364251,0
                27.601311,47.367544,0
                27.600949,47.368371,0
                27.599918,47.368705,0
                27.597858,47.368991,0
                27.596761,47.369716,0
                27.596581,47.370756,0
                27.595814,47.371253,0
                27.594712,47.371145,0
                27.593627,47.37065,0
                27.592883,47.369789,0
                27.593066,47.367449,0
                27.592758,47.366612,0
                27.590084,47.36518,0
                27.588217,47.365307,0
                27.586905,47.366053,0
                27.585628,47.367418,0
                27.58408,47.368117,0
                27.581786,47.368445,0
                27.579372,47.368577,0
                27.575802,47.368068,0
                27.574956,47.368661,0
                27.574041,47.36976,0
                27.573849,47.370497,0
                27.574523,47.371179,0
                27.578402,47.372301,0
                27.580704,47.373139,0
                27.582879,47.374191,0
                27.583959,47.375541,0
                27.583776,47.376827,0
                27.582829,47.37793,0
                27.581927,47.378509,0
                27.57933,47.378614,0
                27.57813,47.378156,0
                27.577235,47.377094,0
                27.576421,47.375656,0
                27.575486,47.374598,0
                27.574486,47.374068,0
                27.573162,47.373829,0
                27.571918,47.373977,0
                27.56966,47.374782,0
                27.56883,47.37585,0
                27.568306,47.376987,0
                27.56828,47.378183,0
                27.569087,47.381162,0
                27.568482,47.383057,0
                27.568957,47.383843,0
                27.570448,47.38449,0
                27.572698,47.385128,0
                27.572574,47.38585,0
                27.571581,47.386461,0
                27.569875,47.386756,0
                27.568757,47.387198,0
                27.568502,47.388205,0
                27.569517,47.390823,0
                27.569444,47.394358,0
                27.570329,47.395333,0
                27.571965,47.396557,0
                27.573849,47.397557,0
                27.578585,47.398933,0
                27.581231,47.398774,0
                27.582946,47.39979,0
                27.583217,47.401121,0
                27.583177,47.402633,0
                27.584619,47.406571,0
                27.584701,47.407982,0
                27.584178,47.409412,0
                27.583331,47.410116,0
                27.58213,47.410459,0
                27.580911,47.410236,0
                27.578473,47.408804,0
                27.577371,47.408647,0
                27.576063,47.409104,0
                27.574288,47.411264,0
                27.574136,47.412392,0
                27.574606,47.414635,0
                27.57524,47.419012,0
                27.574674,47.419698,0
                27.572002,47.420729,0
                27.569377,47.423127,0
                27.567864,47.424289,0
                27.566378,47.424781,0
                27.565294,47.424741,0
                27.562413,47.423051,0
                27.56075,47.423253,0
                27.559866,47.423995,0
                27.559007,47.425215,0
                27.55788,47.426238,0
                27.555956,47.427247,0
                27.554051,47.429204,0
                27.553779,47.430473,0
                27.553785,47.431842,0
                27.554493,47.434378,0
                27.554954,47.435006,0
                27.55741,47.436348,0
                27.560757,47.437385,0
                27.561654,47.438475,0
                27.561863,47.439286,0
                27.56117,47.440335,0
                27.559772,47.441788,0
                27.557711,47.446081,0
                27.558327,47.447469,0
                27.559767,47.447827,0
                27.565859,47.447611,0
                27.568442,47.448709,0
                27.569742,47.449081,0
                27.570149,47.449499,0
                27.571767,47.452312,0
                27.573444,47.455468,0
                27.574159,47.457359,0
                27.572067,47.464323,0
                27.571133,47.465167,0
                27.569563,47.465826,0
                27.568211,47.465071,0
                27.567097,47.464096,0
                27.565453,47.463261,0
                27.563469,47.462649,0
                27.561599,47.462667,0
                27.55977,47.463268,0
                27.558437,47.464105,0
                27.557667,47.465584,0
                27.557252,47.467374,0
                27.557007,47.46934,0
                27.556354,47.470255,0
                27.555367,47.47083,0
                27.553157,47.471453,0
                27.550515,47.471994,0
                27.547628,47.473074,0
                27.54581,47.474124,0
                27.542889,47.477362,0
                27.541831,47.479446,0
                27.540842,47.484146,0
                27.540162,47.486508,0
                27.539213,47.487674,0
                27.537889,47.488285,0
                27.536077,47.488655,0
                27.534918,47.488502,0
                27.533582,47.487887,0
                27.532718,47.487013,0
                27.531953,47.485675,0
                27.531676,47.484579,0
                27.532023,47.483756,0
                27.533019,47.482852,0
                27.535475,47.481712,0
                27.53709,47.480762,0
                27.537199,47.479834,0
                27.536846,47.478897,0
                27.536164,47.478245,0
                27.534856,47.477952,0
                27.533586,47.478073,0
                27.532096,47.4785,0
                27.530205,47.479387,0
                27.528643,47.480381,0
                27.526409,47.481308,0
                27.524133,47.482014,0
                27.522301,47.482173,0
                27.521337,47.48193,0
                27.520692,47.481329,0
                27.520527,47.480294,0
                27.520716,47.479032,0
                27.519092,47.476424,0
                27.517551,47.4754,0
                27.515702,47.474445,0
                27.514597,47.474363,0
                27.512713,47.475459,0
                27.512191,47.476503,0
                27.512635,47.480233,0
                27.512613,47.482527,0
                27.513193,47.484184,0
                27.514223,47.485753,0
                27.515446,47.486989,0
                27.515923,47.487958,0
                27.515616,47.489106,0
                27.514734,47.489734,0
                27.51336,47.48994,0
                27.512465,47.489693,0
                27.511781,47.489106,0
                27.511076,47.487033,0
                27.510496,47.486163,0
                27.507636,47.484777,0
                27.507108,47.483973,0
                27.507292,47.483224,0
                27.508373,47.481492,0
                27.508381,47.479602,0
                27.50783,47.478939,0
                27.506289,47.478335,0
                27.504217,47.478257,0
                27.501305,47.478545,0
                27.498645,47.479039,0
                27.496547,47.479294,0
                27.494563,47.47985,0
                27.49298,47.480706,0
                27.492268,47.481543,0
                27.491887,47.482939,0
                27.492094,47.483985,0
                27.492849,47.48473,0
                27.494881,47.485747,0
                27.496025,47.486586,0
                27.495972,47.487522,0
                27.495353,47.488284,0
                27.494188,47.488751,0
                27.492331,47.489003,0
                27.490928,47.488862,0
                27.480669,47.486372,0
                27.478077,47.485393,0
                27.476276,47.485067,0
                27.474225,47.485945,0
                27.473694,47.4867,0
                27.472985,47.489212,0
                27.472298,47.490207,0
                27.469356,47.492067,0
                27.468267,47.493024,0
                27.46756,47.49421,0
                27.467433,47.495232,0
                27.468108,47.497522,0
                27.468165,47.498746,0
                27.467284,47.499767,0
                27.465731,47.500512,0
                27.461619,47.501963,0
                27.459747,47.50281,0
                27.457615,47.503994,0
                27.4553,47.505573,0
                27.454165,47.506876,0
                27.453897,47.508116,0
                27.454214,47.50922,0
                27.456737,47.512611,0
                27.456885,47.513637,0
                27.455467,47.515805,0
                27.455638,47.518174,0
                27.456818,47.519395,0
                27.459461,47.521038,0
                27.464127,47.523723,0
                27.467236,47.525882,0
                27.466892,47.526769,0
                27.465557,47.527427,0
                27.464521,47.527333,0
                27.462876,47.526738,0
                27.460296,47.5251,0
                27.457825,47.523061,0
                27.45688,47.522996,0
                27.453182,47.521562,0
                27.452005,47.52164,0
                27.451204,47.522091,0
                27.450753,47.523028,0
                27.450853,47.525556,0
                27.450124,47.526546,0
                27.446079,47.52896,0
                27.444716,47.52988,0
                27.444365,47.530633,0
                27.44526,47.531668,0
                27.446638,47.531972,0
                27.45062,47.532339,0
                27.453425,47.532728,0
                27.454882,47.533219,0
                27.455791,47.534045,0
                27.456434,47.535275,0
                27.456595,47.536633,0
                27.455973,47.537448,0
                27.455127,47.537875,0
                27.453981,47.537812,0
                27.450964,47.536738,0
                27.448027,47.535952,0
                27.446153,47.535741,0
                27.444797,47.535872,0
                27.443476,47.536532,0
                27.442498,47.537329,0
                27.441721,47.538621,0
                27.440746,47.539763,0
                27.439335,47.540928,0
                27.43809,47.54121,0
                27.435812,47.541391,0
                27.434073,47.541872,0
                27.430808,47.544101,0
                27.430049,47.545183,0
                27.430106,47.546145,0
                27.43073,47.546931,0
                27.431653,47.547271,0
                27.433079,47.547245,0
                27.435078,47.546818,0
                27.437001,47.546638,0
                27.438074,47.546843,0
                27.439007,47.547499,0
                27.439256,47.548359,0
                27.439037,47.549335,0
                27.438165,47.550128,0
                27.436423,47.550754,0
                27.434317,47.550999,0
                27.43004,47.551235,0
                27.428117,47.552056,0
                27.424762,47.552976,0
                27.423969,47.553462,0
                27.423793,47.554083,0
                27.424871,47.555751,0
                27.426876,47.557221,0
                27.428755,47.559053,0
                27.432331,47.562967,0
                27.431771,47.563487,0
                27.430388,47.563772,0
                27.426257,47.563059,0
                27.42397,47.562807,0
                27.422268,47.562897,0
                27.420952,47.563178,0
                27.418783,47.564611,0
                27.418401,47.565373,0
                27.417985,47.568592,0
                27.417653,47.569982,0
                27.417714,47.571346,0
                27.418212,47.572544,0
                27.419135,47.573472,0
                27.421636,47.574969,0
                27.423509,47.577258,0
                27.426549,47.578474,0
                27.428182,47.580111,0
                27.428728,47.581013,0
                27.428488,47.582031,0
                27.42758,47.583122,0
                27.426528,47.58371,0
                27.424551,47.584019,0
                27.420282,47.583722,0
                27.417131,47.583296,0
                27.412783,47.582556,0
                27.410372,47.582427,0
                27.406608,47.582658,0
                27.404618,47.582909,0
                27.401771,47.584254,0
                27.398015,47.58693,0
                27.395143,47.587903,0
                27.390913,47.589637,0
                27.388394,47.591156,0
                27.385211,47.592176,0
                27.381434,47.593089,0
                27.376351,47.595211,0
                27.372592,47.597641,0
                27.371114,47.598965,0
                27.370862,47.600362,0
                27.371575,47.60093,0
                27.373085,47.601254,0
                27.373928,47.601704,0
                27.373628,47.602521,0
                27.372806,47.603145,0
                27.369575,47.603796,0
                27.368583,47.604723,0
                27.367445,47.606386,0
                27.364695,47.609872,0
                27.363416,47.612862,0
                27.363389,47.614767,0
                27.363115,47.617011,0
                27.362379,47.618255,0
                27.36072,47.619726,0
                27.359257,47.620586,0
                27.357785,47.621147,0
                27.344725,47.623804,0
                27.340811,47.624644,0
                27.339038,47.625147,0
                27.333913,47.626959,0
                27.332598,47.627756,0
                27.331516,47.628696,0
                27.322581,47.63871,0
                27.321364,47.639348,0
                27.318484,47.640343,0
                27.316956,47.641173,0
                27.315606,47.642417,0
                27.314949,47.64342,0
                27.315034,47.645637,0
                27.3155,47.647381,0
                27.315161,47.649105,0
                27.311716,47.65521,0
                27.308158,47.658604,0
                27.307742,47.659804,0
                27.306711,47.660711,0
                27.305579,47.661247,0
                27.304122,47.66137,0
                27.300564,47.661059,0
                27.298323,47.661212,0
                27.296624,47.661509,0
                27.295342,47.661967,0
                27.294863,47.662466,0
                27.294949,47.666628,0
                27.294246,47.668405,0
                27.294735,47.670151,0
                27.295613,47.670997,0
                27.296315,47.67213,0
                27.296487,47.674325,0
                27.295982,47.676093,0
                27.295933,47.678034,0
                27.296257,47.679782,0
                27.295843,47.680661,0
                27.295132,47.681155,0
                27.29296,47.68185,0
                27.288696,47.682324,0
                27.283651,47.683093,0
                27.281639,47.683769,0
                27.278322,47.685217,0
                27.276798,47.686343,0
                27.27471,47.688129,0
                27.273602,47.689868,0
                27.273396,47.690735,0
                27.275633,47.692005,0
                27.278065,47.692745,0
                27.27885,47.693319,0
                27.279201,47.695012,0
                27.279862,47.696564,0
                27.282478,47.699445,0
                27.282664,47.700331,0
                27.281909,47.701654,0
                27.280741,47.702107,0
                27.279755,47.701989,0
                27.278043,47.701104,0
                27.275768,47.700209,0
                27.274274,47.699905,0
                27.272832,47.699999,0
                27.270525,47.70105,0
                27.268619,47.702829,0
                27.267781,47.704039,0
                27.267569,47.704892,0
                27.268529,47.706107,0
                27.269183,47.707911,0
                27.267744,47.711258,0
                27.266456,47.712569,0
                27.264803,47.713241,0
                27.258003,47.714882,0
                27.252787,47.71719,0
                27.250015,47.719796,0
                27.250535,47.720681,0
                27.253338,47.720419,0
                27.254477,47.720654,0
                27.25523,47.721326,0
                27.258039,47.727617,0
                27.259556,47.729435,0
                27.261278,47.730654,0
                27.263572,47.731838,0
                27.265441,47.732195,0
                27.266541,47.732073,0
                27.268077,47.731006,0
                27.268124,47.729931,0
                27.267615,47.727465,0
                27.267856,47.726221,0
                27.268767,47.72579,0
                27.270121,47.725854,0
                27.272823,47.728009,0
                27.274243,47.728413,0
                27.277986,47.728413,0
                27.280706,47.727099,0
                27.282015,47.725404,0
                27.283834,47.723792,0
                27.285972,47.723099,0
                27.288871,47.722619,0
                27.290879,47.722668,0
                27.292499,47.723102,0
                27.294259,47.724082,0
                27.295042,47.725146,0
                27.29533,47.726433,0
                27.294846,47.727785,0
                27.292635,47.729088,0
                27.291424,47.729263,0
                27.28806,47.72928,0
                27.286526,47.729562,0
                27.284983,47.730115,0
                27.28284,47.732193,0
                27.280926,47.734767,0
                27.280805,47.736114,0
                27.2819,47.739,0
                27.2861,47.744143,0
                27.287018,47.744867,0
                27.289382,47.74563,0
                27.293816,47.745778,0
                27.297154,47.74654,0
                27.29841,47.747791,0
                27.29815,47.749847,0
                27.29661,47.751871,0
                27.294408,47.752671,0
                27.292918,47.752506,0
                27.290866,47.751931,0
                27.288697,47.749187,0
                27.287587,47.748677,0
                27.284619,47.748431,0
                27.279735,47.749758,0
                27.279234,47.750434,0
                27.279718,47.75194,0
                27.281939,47.75313,0
                27.284676,47.754007,0
                27.285469,47.754784,0
                27.285541,47.756563,0
                27.284543,47.757893,0
                27.283019,47.759158,0
                27.282399,47.760129,0
                27.281679,47.761869,0
                27.280469,47.763434,0
                27.279806,47.763935,0
                27.278599,47.763939,0
                27.276321,47.76313,0
                27.271812,47.761064,0
                27.268395,47.76007,0
                27.266867,47.759895,0
                27.265211,47.760432,0
                27.264275,47.762001,0
                27.264471,47.762935,0
                27.265644,47.764064,0
                27.267078,47.765118,0
                27.267793,47.766319,0
                27.268107,47.767909,0
                27.266174,47.771041,0
                27.265604,47.775119,0
                27.26571,47.77748,0
                27.266475,47.779337,0
                27.266112,47.779975,0
                27.265241,47.780451,0
                27.262757,47.780753,0
                27.261276,47.780254,0
                27.257368,47.778497,0
                27.255609,47.778228,0
                27.254023,47.778214,0
                27.253023,47.778603,0
                27.252652,47.780116,0
                27.254074,47.782141,0
                27.254058,47.783276,0
                27.253612,47.784332,0
                27.250549,47.786015,0
                27.248776,47.787831,0
                27.248623,47.788694,0
                27.249442,47.790745,0
                27.249757,47.792017,0
                27.249655,47.792775,0
                27.248329,47.794412,0
                27.24559,47.795501,0
                27.240135,47.797186,0
                27.237362,47.797671,0
                27.23341,47.798181,0
                27.232262,47.79862,0
                27.231241,47.800055,0
                27.231109,47.802326,0
                27.231439,47.803786,0
                27.230956,47.806122,0
                27.231504,47.806985,0
                27.233837,47.808407,0
                27.235685,47.809209,0
                27.236518,47.810664,0
                27.238235,47.811826,0
                27.241266,47.812464,0
                27.242117,47.814063,0
                27.24201,47.814735,0
                27.240815,47.816398,0
                27.239786,47.817024,0
                27.238472,47.817327,0
                27.237049,47.817236,0
                27.233588,47.816482,0
                27.231918,47.815809,0
                27.229995,47.81429,0
                27.228931,47.814175,0
                27.226294,47.814675,0
                27.222614,47.814836,0
                27.220624,47.815159,0
                27.218133,47.81664,0
                27.216402,47.818111,0
                27.215225,47.820172,0
                27.214813,47.821322,0
                27.215624,47.824121,0
                27.216941,47.827062,0
                27.217821,47.828148,0
                27.220808,47.829918,0
                27.222325,47.831664,0
                27.22417,47.831928,0
                27.226047,47.831466,0
                27.227075,47.830872,0
                27.227623,47.830148,0
                27.228848,47.827723,0
                27.230189,47.826102,0
                27.23157,47.825578,0
                27.233026,47.825286,0
                27.236792,47.825693,0
                27.23825,47.826365,0
                27.241016,47.828165,0
                27.243166,47.828752,0
                27.245482,47.829792,0
                27.246714,47.830555,0
                27.247417,47.831456,0
                27.247688,47.833443,0
                27.246537,47.835385,0
                27.243365,47.836906,0
                27.241535,47.837307,0
                27.236051,47.837733,0
                27.226596,47.838307,0
                27.224912,47.838941,0
                27.224742,47.839604,0
                27.225862,47.840177,0
                27.208436,47.848523,0
                27.199951,47.902214,0
                27.206958,47.905077,0
                27.221271,47.916483,0
                27.240507,47.891681,0
                27.250823,47.882042,0
                27.253162,47.883886,0
                27.251393,47.888363,0
                27.251748,47.890879,0
                27.259939,47.898025,0
                27.254164,47.902415,0
                27.249434,47.909902,0
                27.252884,47.911947,0
                27.245268,47.922159,0
                27.238357,47.920184,0
                27.216104,47.95149,0
                27.19238,47.940986,0
                27.176369,47.943493,0
                27.176501,47.947269,0
                27.166295,47.954931,0
                27.141234,47.966754,0
                27.153111,47.971469,0
                27.159122,47.986287,0
                27.166256,47.994793,0
                27.143765,47.992208,0
                27.136693,47.991303,0
                27.134377,47.991192,0
                27.132759,47.991388,0
                27.128265,47.992351,0
                27.123346,47.994413,0
                27.122029,47.995771,0
                27.120997,47.997188,0
                27.120319,47.999875,0
                27.120685,48.001074,0
                27.124158,48.006674,0
                27.126273,48.008603,0
                27.127634,48.009518,0
                27.128433,48.01071,0
                27.128465,48.011971,0
                27.127985,48.012979,0
                27.126872,48.013771,0
                27.12248,48.014891,0
                27.119543,48.014685,0
                27.117198,48.01428,0
                27.114968,48.013693,0
                27.111045,48.012428,0
                27.108968,48.011641,0
                27.107154,48.010618,0
                27.103795,48.008436,0
                27.102008,48.007621,0
                27.099874,48.007098,0
                27.097248,48.006906,0
                27.094486,48.007127,0
                27.091781,48.008407,0
                27.08979,48.011479,0
                27.091162,48.017771,0
                27.092436,48.020181,0
                27.094151,48.0227,0
                27.096093,48.023853,0
                27.101276,48.025084,0
                27.104257,48.02698,0
                27.106615,48.0294,0
                27.106949,48.030435,0
                27.106256,48.031631,0
                27.105092,48.032896,0
                27.104075,48.033644,0
                27.100744,48.034032,0
                27.08912,48.034436,0
                27.086888,48.034649,0
                27.085567,48.035121,0
                27.083283,48.037136,0
                27.082451,48.038666,0
                27.082388,48.040325,0
                27.082828,48.043172,0
                27.083161,48.046828,0
                27.082806,48.048558,0
                27.081294,48.050717,0
                27.079415,48.052932,0
                27.075312,48.055411,0
                27.071553,48.057197,0
                27.065498,48.060377,0
                27.056725,48.064455,0
                27.051088,48.0668,0
                27.046772,48.069078,0
                27.045167,48.070653,0
                27.043967,48.072796,0
                27.043145,48.075368,0
                27.042659,48.080666,0
                27.042072,48.081839,0
                27.04065,48.082962,0
                27.038242,48.084128,0
                27.035145,48.085365,0
                27.029876,48.087129,0
                27.027834,48.088103,0
                27.026429,48.089688,0
                27.026705,48.090736,0
                27.027494,48.091783,0
                27.028568,48.092707,0
                27.031576,48.094247,0
                27.036338,48.097376,0
                27.038977,48.09998,0
                27.040691,48.1026,0
                27.041178,48.105458,0
                27.0405,48.107799,0
                27.039336,48.110232,0
                27.037871,48.111848,0
                27.035124,48.114536,0
                27.03376,48.116168,0
                27.033988,48.118655,0
                27.035295,48.120676,0
                27.039318,48.127574,0
                27.039522,48.128705,0
                27.038908,48.129487,0
                27.037658,48.12991,0
                27.036262,48.12989,0
                27.033645,48.128637,0
                27.032513,48.127553,0
                27.030021,48.124323,0
                27.028609,48.12372,0
                27.026863,48.123682,0
                27.025158,48.124173,0
                27.023815,48.124967,0
                27.022763,48.126073,0
                27.022345,48.12707,0
                27.022847,48.128096,0
                27.02837,48.133565,0
                27.028861,48.134687,0
                27.02833,48.136594,0
                27.026351,48.137844,0
                27.024806,48.138269,0
                27.021846,48.138334,0
                27.01986,48.137906,0
                27.018215,48.137266,0
                27.01664,48.136361,0
                27.014734,48.134973,0
                27.009996,48.127825,0
                27.006481,48.124207,0
                27.003866,48.122092,0
                27.00089,48.121506,0
                26.999642,48.121674,0
                26.992041,48.126306,0
                26.98834,48.12803,0
                26.984523,48.129211,0
                26.981683,48.129671,0
                26.979456,48.12973,0
                26.976463,48.129598,0
                26.973484,48.129588,0
                26.9707,48.129792,0
                26.96827,48.130278,0
                26.960078,48.134074,0
                26.957769,48.135618,0
                26.955299,48.137774,0
                26.951758,48.144181,0
                26.951489,48.145893,0
                26.951442,48.149364,0
                26.951778,48.150134,0
                26.955605,48.152458,0
                26.957524,48.152665,0
                26.959551,48.152151,0
                26.963249,48.149947,0
                26.966786,48.148287,0
                26.977189,48.144597,0
                26.980356,48.144224,0
                26.983192,48.144437,0
                26.98609,48.145091,0
                26.988376,48.146176,0
                26.99025,48.147392,0
                26.991573,48.148766,0
                26.992109,48.150054,0
                26.991764,48.152141,0
                26.990356,48.154087,0
                26.987766,48.156414,0
                26.984989,48.158103,0
                26.981761,48.159736,0
                26.979287,48.160521,0
                26.971408,48.162616,0
                26.966208,48.162063,0
                26.961615,48.16254,0
                26.95724,48.162155,0
                26.955185,48.161706,0
                26.951898,48.161301,0
                26.948339,48.161335,0
                26.944321,48.16152,0
                26.941526,48.162075,0
                26.939183,48.162821,0
                26.936651,48.163879,0
                26.933267,48.166435,0
                26.932646,48.167483,0
                26.932389,48.168809,0
                26.932828,48.170146,0
                26.933552,48.170984,0
                26.936177,48.173089,0
                26.938084,48.174377,0
                26.943274,48.177384,0
                26.946207,48.17987,0
                26.948931,48.182991,0
                26.949723,48.185036,0
                26.949946,48.1863,0
                26.94966,48.187819,0
                26.948913,48.190026,0
                26.946447,48.193696,0
                26.942893,48.196356,0
                26.940362,48.197528,0
                26.93764,48.198392,0
                26.934873,48.199061,0
                26.928915,48.199795,0
                26.925247,48.199496,0
                26.922479,48.199381,0
                26.920321,48.199614,0
                26.915971,48.199294,0
                26.914599,48.199031,0
                26.913517,48.198481,0
                26.912854,48.196841,0
                26.913393,48.196136,0
                26.920141,48.186412,0
                26.921082,48.183209,0
                26.920723,48.182228,0
                26.919938,48.18129,0
                26.918594,48.180756,0
                26.916086,48.18029,0
                26.912549,48.18008,0
                26.907167,48.179541,0
                26.905923,48.179674,0
                26.903436,48.180398,0
                26.901532,48.181567,0
                26.898019,48.184304,0
                26.896822,48.185612,0
                26.894859,48.187061,0
                26.893183,48.188752,0
                26.892427,48.189983,0
                26.892306,48.192123,0
                26.892665,48.192964,0
                26.893508,48.193766,0
                26.894909,48.194232,0
                26.897811,48.194418,0
                26.902047,48.194505,0
                26.903152,48.194829,0
                26.904622,48.195758,0
                26.907188,48.197914,0
                26.908929,48.199599,0
                26.909118,48.200731,0
                26.90852,48.201673,0
                26.907258,48.202091,0
                26.903509,48.202187,0
                26.901379,48.202126,0
                26.898474,48.201545,0
                26.895199,48.201151,0
                26.890684,48.200833,0
                26.887797,48.200984,0
                26.885761,48.201422,0
                26.884033,48.202274,0
                26.882903,48.203229,0
                26.881034,48.20534,0
                26.880149,48.205826,0
                26.877379,48.206659,0
                26.876699,48.207208,0
                26.876168,48.208228,0
                26.874197,48.210379,0
                26.869931,48.212672,0
                26.865333,48.214755,0
                26.860276,48.218105,0
                26.859851,48.218829,0
                26.859269,48.220679,0
                26.857536,48.22287,0
                26.857501,48.226084,0
                26.856583,48.229997,0
                26.856054,48.231025,0
                26.85486,48.232125,0
                26.853201,48.233153,0
                26.851406,48.234001,0
                26.850257,48.234267,0
                26.849013,48.234057,0
                26.846925,48.233069,0
                26.844577,48.231425,0
                26.843626,48.230035,0
                26.842141,48.228569,0
                26.840438,48.227805,0
                26.835451,48.226149,0
                26.83331,48.22591,0
                26.831281,48.226651,0
                26.829617,48.228613,0
                26.829039,48.229795,0
                26.828866,48.230869,0
                26.828786,48.234139,0
                26.82842,48.238104,0
                26.827677,48.241518,0
                26.826316,48.244306,0
                26.825326,48.244704,0
                26.822335,48.245444,0
                26.820466,48.245072,0
                26.819221,48.24527,0
                26.815607,48.247093,0
                26.815192,48.24778,0
                26.815288,48.249024,0
                26.812483,48.250441,0
                26.811464,48.251503,0
                26.810316,48.253316,0
                26.808451,48.254185,0
                26.806724,48.254242,0
                26.803606,48.253575,0
                26.801488,48.252444,0
                26.799079,48.250183,0
                26.797459,48.249562,0
                26.79604,48.249405,0
                26.789729,48.249761,0
                26.786929,48.249579,0
                26.785204,48.24893,0
                26.784881,48.247959,0
                26.785055,48.246723,0
                26.785525,48.245563,0
                26.785487,48.244539,0
                26.784711,48.243628,0
                26.783713,48.243113,0
                26.782235,48.242973,0
                26.780306,48.243408,0
                26.776784,48.244882,0
                26.774782,48.24596,0
                26.769799,48.247455,0
                26.765465,48.247994,0
                26.763793,48.247946,0
                26.761343,48.24732,0
                26.75868,48.246918,0
                26.75701,48.247151,0
                26.754912,48.247804,0
                26.753643,48.247911,0
                26.748683,48.247087,0
                26.744812,48.245866,0
                26.739257,48.244937,0
                26.737125,48.24513,0
                26.73544,48.24554,0
                26.734197,48.246135,0
                26.734102,48.24797,0
                26.734952,48.248772,0
                26.738593,48.250079,0
                26.740392,48.251331,0
                26.743017,48.253888,0
                26.742673,48.254961,0
                26.741695,48.255684,0
                26.736416,48.257343,0
                26.733859,48.258316,0
                26.731222,48.258724,0
                26.728949,48.258649,0
                26.727537,48.257759,0
                26.726841,48.256846,0
                26.727046,48.25576,0
                26.72988,48.252336,0
                26.731445,48.250061,0
                26.731624,48.248974,0
                26.731084,48.247925,0
                26.729811,48.247191,0
                26.727403,48.246568,0
                26.724712,48.246339,0
                26.721225,48.246815,0
                26.719,48.247649,0
                26.716353,48.249485,0
                26.715365,48.25047,0
                26.713325,48.251439,0
                26.710732,48.252273,0
                26.708603,48.25339,0
                26.706905,48.256956,0
                26.705356,48.260736,0
                26.705046,48.262632,0
                26.704384,48.264024,0
                26.702959,48.264985,0
                26.701167,48.265277,0
                26.699464,48.265258,0
                26.697808,48.264598,0
                26.696628,48.263741,0
                26.695305,48.262124,0
                26.693894,48.257618,0
                26.692431,48.255295,0
                26.691045,48.254053,0
                26.688801,48.252903,0
                26.686292,48.252041,0
                26.685227,48.251315,0
                26.683617,48.249498,0
                26.68267,48.24906,0
                26.680389,48.248602,0
                26.67808,48.248447,0
                26.674726,48.248426,0
                26.672409,48.248093,0
                26.667913,48.247061,0
                26.665064,48.247881,0
                26.663984,48.248797,0
                26.663449,48.252237,0
                26.66398,48.254228,0
                26.665802,48.257049,0
                26.666575,48.258505,0
                26.666872,48.260101,0
                26.666621,48.26138,0
                26.665314,48.263228,0
                26.664272,48.263649,0
                26.661771,48.264271,0
                26.66057,48.264288,0
                26.65852,48.263324,0
                26.65794,48.262564,0
                26.657768,48.260115,0
                26.656806,48.257618,0
                26.654213,48.255262,0
                26.652839,48.254375,0
                26.64927,48.253105,0
                26.64597,48.25263,0
                26.644529,48.25324,0
                26.644265,48.256476,0
                26.643895,48.257321,0
                26.642564,48.258641,0
                26.640409,48.260017,0
                26.639204,48.261037,0
                26.637668,48.261783,0
                26.636151,48.262144,0
                26.634698,48.262159,0
                26.633223,48.261765,0
                26.631709,48.260913,0
                26.630247,48.259815,0
                26.629477,48.258603,0
                26.629448,48.256072,0
                26.63084,48.253423,0
                26.63113,48.252163,0
                26.629494,48.248869,0
                26.628986,48.247312,0
                26.627885,48.246635,0
                26.626556,48.246413,0
                26.625236,48.246876,0
                26.623153,48.249053,0
                26.621665,48.250054,0
                26.619329,48.251077,0
                26.617888,48.251447,0
                26.615855,48.251049,0
                26.614415,48.249492,0
                26.614819,48.248746,0
                26.617211,48.246917,0
                26.618413,48.245141,0
                26.619094,48.24341,0
                26.620297,48.241944,0
                26.620893,48.240622,0
                26.620083,48.239363,0
                26.619183,48.239142,0
                26.617402,48.239182,0
                26.615225,48.239682,0
                26.613344,48.240408,0
                26.611097,48.240464,0
                26.607322,48.239664,0
                26.602967,48.239561,0
                26.597672,48.23899,0
                26.59587,48.239285,0
                26.594443,48.240852,0
                26.592868,48.241905,0
                26.591452,48.243506,0
                26.59026,48.245193,0
                26.588505,48.246607,0
                26.587562,48.246901,0
                26.586179,48.246822,0
                26.585028,48.246292,0
                26.580707,48.243038,0
                26.578813,48.242665,0
                26.57682,48.243223,0
                26.575303,48.242661,0
                26.571272,48.238834,0
                26.570792,48.236976,0
                26.571039,48.235707,0
                26.570964,48.234411,0
                26.569232,48.231186,0
                26.568832,48.230091,0
                26.569016,48.229316,0
                26.571213,48.227175,0
                26.572268,48.225931,0
                26.572969,48.224221,0
                26.572994,48.221533,0
                26.572456,48.219695,0
                26.570526,48.219466,0
                26.568615,48.21991,0
                26.565623,48.221152,0
                26.558274,48.222475,0
                26.556289,48.223473,0
                26.554378,48.224799,0
                26.553216,48.225022,0
                26.550484,48.224699,0
                26.548368,48.223597,0
                26.547873,48.22256,0
                26.548094,48.22106,0
                26.549445,48.218126,0
                26.549409,48.217143,0
                26.548809,48.21626,0
                26.545761,48.214799,0
                26.542387,48.214342,0
                26.540007,48.214579,0
                26.538317,48.214176,0
                26.526552,48.208872,0
                26.524903,48.208425,0
                26.522925,48.208377,0
                26.52246,48.20935,0
                26.523468,48.212286,0
                26.523349,48.212976,0
                26.521759,48.21354,0
                26.518992,48.212822,0
                26.517802,48.212113,0
                26.515602,48.211458,0
                26.51174,48.211839,0
                26.508539,48.213335,0
                26.504709,48.216441,0
                26.502304,48.216911,0
                26.498347,48.217203,0
                26.494542,48.217851,0
                26.491576,48.217912,0
                26.488253,48.216434,0
                26.485646,48.215608,0
                26.483373,48.215282,0
                26.480442,48.215343,0
                26.476518,48.216266,0
                26.475179,48.217129,0
                26.471906,48.219928,0
                26.470675,48.220571,0
                26.467646,48.220868,0
                26.466643,48.220342,0
                26.464953,48.21613,0
                26.464175,48.215532,0
                26.463059,48.215223,0
                26.459397,48.214981,0
                26.457698,48.214484,0
                26.455894,48.21333,0
                26.455648,48.212314,0
                26.456211,48.21141,0
                26.458019,48.209967,0
                26.458463,48.209256,0
                26.458347,48.208161,0
                26.457353,48.20654,0
                26.456392,48.205939,0
                26.454776,48.205513,0
                26.447418,48.204137,0
                26.437465,48.204554,0
                26.435061,48.204182,0
                26.433676,48.203413,0
                26.433186,48.202732,0
                26.432542,48.200814,0
                26.432909,48.200146,0
                26.437164,48.198121,0
                26.439031,48.197067,0
                26.439534,48.195754,0
                26.439496,48.194642,0
                26.439047,48.193943,0
                26.437453,48.193388,0
                26.433253,48.192875,0
                26.432616,48.193018,0
                26.431894,48.19422,0
                26.43177,48.195407,0
                26.430828,48.196734,0
                26.427378,48.198505,0
                26.423333,48.201024,0
                26.422558,48.20127,0
                26.420744,48.201186,0
                26.419415,48.200792,0
                26.418361,48.199873,0
                26.417183,48.197572,0
                26.415202,48.195745,0
                26.410824,48.193368,0
                26.405995,48.190228,0
                26.40451,48.189654,0
                26.401126,48.188692,0
                26.398494,48.188364,0
                26.393983,48.18912,0
                26.391887,48.188867,0
                26.388462,48.187382,0
                26.387413,48.186584,0
                26.386378,48.186365,0
                26.385144,48.186513,0
                26.381957,48.188832,0
                26.379802,48.190252,0
                26.379388,48.191189,0
                26.379774,48.19196,0
                26.380713,48.192691,0
                26.38288,48.193624,0
                26.384137,48.194826,0
                26.383958,48.195484,0
                26.382773,48.196532,0
                26.376394,48.197796,0
                26.374786,48.197767,0
                26.372391,48.197032,0
                26.371127,48.196058,0
                26.370121,48.194491,0
                26.369792,48.193209,0
                26.370293,48.191896,0
                26.369952,48.19097,0
                26.366209,48.188969,0
                26.362622,48.186757,0
                26.358588,48.184992,0
                26.356985,48.184782,0
                26.355537,48.185529,0
                26.354513,48.187081,0
                26.353479,48.189615,0
                26.352959,48.190377,0
                26.352024,48.191,0
                26.350648,48.191396,0
                26.349395,48.191329,0
                26.347978,48.190563,0
                26.3476,48.188834,0
                26.34971,48.185634,0
                26.349787,48.184655,0
                26.349,48.183893,0
                26.347194,48.182905,0
                26.345777,48.182452,0
                26.342893,48.182421,0
                26.33461,48.183358,0
                26.333028,48.184211,0
                26.332882,48.182055,0
                26.330928,48.181076,0
                26.329131,48.179861,0
                26.327734,48.176588,0
                26.32774,48.176033,0
                26.333659,48.16639,0
                26.334184,48.165205,0
                26.334975,48.161446,0
                26.334975,48.160746,0
                26.334063,48.158622,0
                26.328153,48.152721,0
                26.315935,48.148065,0
                26.309455,48.143578,0
                26.302022,48.136522,0
                26.297759,48.1333,0
                26.295051,48.129271,0
                26.287587,48.118744,0
                26.284866,48.11348,0
                26.284636,48.112136,0
                26.284353,48.106782,0
                26.282269,48.100521,0
                26.277752,48.094952,0
                26.276824,48.091684,0
                26.275615,48.086816,0
                26.274943,48.085394,0
                26.271741,48.080757,0
                26.267258,48.076866,0
                26.266119,48.076163,0
                26.261473,48.074593,0
                26.255653,48.072027,0
                26.24898,48.069221,0
                26.241585,48.065884,0
                26.231865,48.061423,0
                26.230692,48.060688,0
                26.22323,48.056789,0
                26.22158,48.056119,0
                26.217276,48.054121,0
                26.213603,48.052274,0
                26.212498,48.051422,0
                26.211938,48.050578,0
                26.210627,48.04489,0
                26.209633,48.039504,0
                26.207833,48.028533,0
                26.20498,48.021979,0
                26.202688,48.016319,0
                26.20218,48.01541,0
                26.19893,48.007605,0
                26.194529,48.002411,0
                26.192844,48.00076,0
                26.18697,47.996168,0
                26.185651,47.995462,0
                26.185121,47.994901,0
                26.182961,47.994091,0
                26.170617,47.990583,0
                26.163301,47.988878,0
                26.159508,47.98827,0
                26.152537,47.987318,0
                26.143644,47.985908,0
                26.138767,47.98462,0
                26.137618,47.984107,0
                26.136932,47.984272,0
                26.13093,47.986993,0
                26.126443,47.987784,0
                26.117733,47.981971,0
                26.115013,47.981547,0
                26.101152,47.978236,0
                26.082757,47.983009,0
                26.072322,47.985805,0
                26.061136,47.988007,0
                26.056563,47.98738,0
                26.034354,47.984059,0
                26.022192,47.982208,0
                26.015711,47.981134,0
                25.998192,47.978762,0
                25.99611,47.978369,0
                25.986079,47.976856,0
                25.974362,47.975165,0
                25.964995,47.97328,0
                25.960141,47.972378,0
                25.952157,47.970722,0
                25.951141,47.970904,0
                25.944177,47.973205,0
                25.941747,47.974679,0
                25.940375,47.975801,0
                25.934488,47.976408,0
                25.929828,47.976998,0
                25.925294,47.977298,0
                25.915485,47.977435,0
                25.914507,47.977354,0
                25.909515,47.969118,0
                25.907818,47.964877,0
                25.891872,47.961248,0
                25.887097,47.961839,0
                25.879887,47.962954,0
                25.873409,47.966227,0
                25.868663,47.967602,0
                25.861182,47.970104,0
                25.849638,47.968723,0
                25.836868,47.966881,0
                25.825728,47.963796,0
                25.822091,47.958902,0
                25.818581,47.954011,0
                25.812052,47.951511,0
                25.801904,47.947819,0
                25.795289,47.945291,0
                25.78824,47.943213,0
                25.774566,47.939397,0
                25.762021,47.940185,0
                25.759287,47.940266,0
                25.750561,47.940768,0
                25.737773,47.941656,0
                25.733347,47.945743,0
                25.729464,47.944764,0
                25.725055,47.943903,0
                25.720561,47.94441,0
                25.717942,47.940918,0
                25.715726,47.94112,0
                25.715162,47.940977,0
                25.713795,47.941437,0
                25.713018,47.94083,0
                25.711245,47.941379,0
                25.710521,47.940687,0
                25.709633,47.941336,0
                25.708551,47.941529,0
                25.708407,47.942554,0
                25.705865,47.942703,0
                25.705612,47.943475,0
                25.702866,47.943565,0
                25.700169,47.944411,0
                25.697436,47.945532,0
                25.695617,47.944855,0
                25.693205,47.945517,0
                25.692752,47.945439,0
                25.692544,47.94425,0
                25.690412,47.944065,0
                25.689617,47.944678,0
                25.689776,47.94515,0
                25.688862,47.945982,0
                25.687283,47.945965,0
                25.68733,47.945074,0
                25.686866,47.944248,0
                25.686019,47.943846,0
                25.681613,47.944653,0
                25.680623,47.944984,0
                25.679631,47.944804,0
                25.67923,47.945901,0
                25.676082,47.945555,0
                25.675578,47.946209,0
                25.674401,47.946115,0
                25.673663,47.946385,0
                25.672576,47.946139,0
                25.670912,47.946425,0
                25.669425,47.946463,0
                25.669348,47.94698,0
                25.6677,47.947215,0
                25.667091,47.947616,0
                25.666302,47.947439,0
                25.665254,47.948059,0
                25.664735,47.94761,0
                25.664241,47.948304,0
                25.662891,47.948288,0
                25.661429,47.948634,0
                25.660945,47.948459,0
                25.667168,47.943984,0
                25.67037,47.941827,0
                25.683172,47.933478,0
                25.686442,47.93118,0
                25.692976,47.925983,0
                25.695751,47.923545,0
                25.703719,47.917163,0
                25.708752,47.913069,0
                25.716643,47.907567,0
                25.72108,47.904802,0
                25.725142,47.902371,0
                25.729128,47.899841,0
                25.73142,47.898492,0
                25.737624,47.894673,0
                25.743563,47.890829,0
                25.748989,47.887485,0
                25.754979,47.88413,0
                25.757887,47.882394,0
                25.764137,47.878161,0
                25.765749,47.877235,0
                25.773171,47.873459,0
                25.785066,47.867798,0
                25.792729,47.864384,0
                25.801529,47.860597,0
                25.811639,47.856331,0
                25.820143,47.852188,0
                25.83251,47.846596,0
                25.839224,47.843088,0
                25.84563,47.839498,0
                25.852148,47.836137,0
                25.858009,47.832571,0
                25.861995,47.830432,0
                25.8674,47.827372,0
                25.882945,47.81663,0
                25.886064,47.814534,0
                25.89162,47.810174,0
                25.896144,47.807023,0
                25.899049,47.804916,0
                25.902584,47.80195,0
                25.906549,47.79825,0
                25.912387,47.793291,0
                25.915498,47.790918,0
                25.917598,47.789125,0
                25.921406,47.786252,0
                25.926137,47.782167,0
                25.927643,47.781036,0
                25.939401,47.771787,0
                25.948318,47.764393,0
                25.953487,47.760032,0
                25.957641,47.756641,0
                25.961532,47.753278,0
                25.965761,47.749791,0
                25.973293,47.743666,0
                25.979936,47.737939,0
                25.986889,47.73223,0
                25.992988,47.727142,0
                26.00143,47.720021,0
                26.00797,47.714703,0
                26.016637,47.707418,0
                26.034293,47.692687,0
                26.050604,47.679045,0
                26.05646,47.674065,0
                26.065911,47.666213,0
                26.074909,47.658674,0
                26.09211,47.644335,0
                26.095331,47.641565,0
                26.104747,47.633733,0
                26.115453,47.624673,0
                26.118715,47.622042,0
                26.121244,47.619863,0
                26.127546,47.614592,0
                26.130056,47.612419,0
                26.13831,47.605472,0
                26.144564,47.600426,0
                26.148131,47.59705,0
                26.151749,47.593831,0
                26.156481,47.589398,0
                26.162026,47.582972,0
                26.165407,47.57939,0
                26.168613,47.576218,0
                26.169889,47.574745,0
                26.173255,47.571742,0
                26.189508,47.556798,0
                26.197987,47.54907,0
                26.202023,47.545148,0
                26.211395,47.535549,0
                26.219246,47.527201,0
                26.223764,47.52224,0
                26.227198,47.518218,0
                26.231492,47.512542,0
                26.235666,47.507659,0
                26.239024,47.50397,0
                26.242789,47.499983,0
                26.246766,47.496036,0
                26.250495,47.492237,0
                26.253761,47.489403,0
                26.259741,47.483995,0
                26.2689,47.47535,0
                26.27365,47.470718,0
                26.280062,47.464945,0
                26.28251,47.463001,0
                26.285852,47.4605,0
                26.29036,47.456885,0
                26.294167,47.453961,0
                26.299794,47.449535,0
                26.303127,47.44702,0
                26.310744,47.440839,0
                26.315903,47.436591,0
                26.320233,47.432834,0
                26.32686,47.426706,0
                26.328463,47.425043,0
                26.337345,47.415472,0
                26.340155,47.412513,0
                26.343861,47.408127,0
                26.348635,47.402623,0
                26.353189,47.397932,0
                26.357343,47.394612,0
                26.359008,47.392556,0
                26.364921,47.385672,0
                26.36993,47.3789,0
                26.371495,47.376221,0
                26.374667,47.372205,0
                26.380751,47.364211,0
                26.386142,47.358132,0
                26.391912,47.350188,0
                26.394017,47.347029,0
                26.39634,47.343056,0
                26.399202,47.338444,0
                26.402997,47.333124,0
                26.405436,47.329052,0
                26.408384,47.323919,0
                26.410555,47.320827,0
                26.412915,47.317673,0
                26.415317,47.31469,0
                26.418966,47.309522,0
                26.424275,47.303514,0
                26.427642,47.299199,0
                26.430999,47.295387,0
                26.43529,47.290385,0
                26.43774,47.28726,0
                26.442834,47.281037,0
                26.44427,47.278528,0
                26.447026,47.273452,0
                26.450012,47.268459,0
                26.458105,47.256425,0
                26.463437,47.247818,0
                26.4683,47.240166,0
                26.473676,47.232309,0
                26.483405,47.217417,0
                26.486715,47.211404,0
                26.490507,47.204756,0
                26.496178,47.195164,0
                26.497431,47.192728,0
                26.503665,47.183565,0
                26.508689,47.174785,0
                26.511917,47.169221,0
                26.515865,47.162206,0
                26.520747,47.153038,0
                26.52488,47.143512,0
                26.526826,47.139542,0
                26.529874,47.133883,0
                26.535357,47.124207,0
                26.538755,47.117439,0
                26.542904,47.108535,0
                26.547007,47.100944,0
                26.54941,47.097163,0
                26.551061,47.094094,0
                26.554892,47.089355,0
                26.562061,47.081112,0
                26.565905,47.076166,0
                26.569221,47.071654,0
                26.57238,47.065668,0
                26.575214,47.060112,0
                26.580876,47.048281,0
                26.582992,47.044145,0
                26.587271,47.036145,0
                26.589955,47.032305,0
                26.591497,47.02968,0
                26.593463,47.025504,0
                26.596018,47.020809,0
                26.598451,47.016691,0
                26.600515,47.01379,0
                26.606148,47.005347,0
                26.609241,47.000045,0
                26.611254,46.995868,0
                26.613453,46.991885,0
                26.617861,46.984086,0
                26.623884,46.974434,0
                26.626205,46.971178,0
                26.630598,46.964626,0
                26.634315,46.958674,0
                26.641129,46.94747,0
                26.643944,46.942001,0
                26.645565,46.93919,0
                26.647393,46.935748,0
                26.649452,46.931503,0
                26.651376,46.927779,0
                26.653958,46.923554,0
                26.656018,46.919984,0
                26.657981,46.915772,0
                26.660744,46.910517,0
                26.663127,46.906334,0
                26.66872,46.897165,0
                26.670162,46.894009,0
                26.672926,46.888654,0
                26.676689,46.882092,0
                26.679572,46.876947,0
                26.680795,46.874891,0
                26.684241,46.869722,0
                26.686734,46.865239,0
                26.689351,46.861088,0
                26.69598,46.851237,0
                26.699946,46.846161,0
                26.703275,46.841241,0
                26.708022,46.833987,0
                26.710773,46.829117,0
                26.715518,46.820896,0
                26.720992,46.810433,0
                26.726518,46.800858,0
                26.733308,46.788668,0
                26.737219,46.781104,0
                26.740136,46.775963,0
                26.747996,46.760748,0
                26.754377,46.748296,0
                26.757167,46.743535,0
                26.761772,46.735478,0
                26.764592,46.73027,0
                26.769575,46.722089,0
                26.772142,46.718061,0
                26.77714,46.709916,0
                26.779814,46.706271,0
                26.782489,46.702078,0
                26.789881,46.69099,0
                26.794384,46.683314,0
                26.795629,46.68071,0
                26.797047,46.678413,0
                26.800435,46.672064,0
                26.801852,46.668309,0
                26.80412,46.662588,0
                26.808656,46.653267,0
                26.810315,46.650188,0
                26.8139,46.642669,0
                26.816999,46.636272,0
                26.819524,46.630551,0
                26.821516,46.624884,0
                26.824001,46.618749,0
                26.825165,46.615317,0
                26.82795,46.606705,0
                26.829651,46.60257,0
                26.832675,46.594853,0
                26.839926,46.584685,0
                26.843134,46.580084,0
                26.846201,46.575815,0
                26.847608,46.57303,0
                26.851075,46.56671,0
                26.853683,46.561442,0
                26.85602,46.556466,0
                26.858476,46.55081,0
                26.862265,46.542861,0
                26.865725,46.535803,0
                26.86818,46.531226,0
                26.870661,46.524895,0
                26.873153,46.518147,0
                26.875004,46.512567,0
                26.876279,46.508952,0
                26.880226,46.499618,0
                26.882316,46.495351,0
                26.884008,46.492086,0
                26.890108,46.478629,0
                26.893304,46.471813,0
                26.896586,46.463724,0
                26.899564,46.456598,0
                26.902,46.451528,0
                26.903651,46.447219,0
                26.908314,46.436817,0
                26.909347,46.434348,0
                26.912345,46.427926,0
                26.917377,46.417394,0
                26.918888,46.414449,0
                26.920996,46.410103,0
                26.925572,46.402016,0
                26.928081,46.397039,0
                26.931051,46.39073,0
                26.932125,46.387691,0
                26.934387,46.382242,0
                26.93723,46.375022,0
                26.937568,46.373792,0
                26.939344,46.370356,0
                26.941839,46.366252,0
                26.943841,46.362452,0
                26.945998,46.358005,0
                26.948474,46.351668,0
                26.950848,46.346166,0
                26.95278,46.341876,0
                26.954271,46.337613,0
                26.959253,46.324448,0
                26.961637,46.318906,0
                26.963457,46.31401,0
                26.966285,46.308764,0
                26.968349,46.305073,0
                26.970025,46.302544,0
                26.970944,46.299547,0
                26.972835,46.2951,0
                26.97445,46.290162,0
                26.975744,46.287451,0
                26.978019,46.283488,0
                26.981531,46.276608,0
                26.983774,46.272486,0
                26.987576,46.26442,0
                26.989797,46.258103,0
                26.991284,46.254706,0
                26.992884,46.251313,0
                26.994279,46.24869,0
                26.996385,46.243809,0
                26.998566,46.239164,0
                27.001356,46.234788,0
                27.004677,46.228468,0
                27.013289,46.20995,0
                27.016016,46.204949,0
                27.01818,46.199856,0
                27.020972,46.194142,0
                27.022023,46.190367,0
                27.024051,46.185602,0
                27.025901,46.181429,0
                27.029375,46.173976,0
                27.032231,46.168457,0
                27.034077,46.162986,0
                27.03721,46.155167,0
                27.039939,46.148656,0
                27.043414,46.141694,0
                27.04587,46.13721,0
                27.047346,46.134779,0
                27.049328,46.13101,0
                27.052439,46.124214,0
                27.053534,46.121479,0
                27.054374,46.118818,0
                27.055901,46.114707,0
                27.057326,46.110293,0
                27.059113,46.105902,0
                27.063621,46.097624,0
                27.066191,46.09229,0
                27.068736,46.08824,0
                27.070857,46.08373,0
                27.074044,46.073703,0
                27.07478,46.071162,0
                27.076583,46.065873,0
                27.078703,46.060254,0
                27.07971,46.05779,0
                27.08171,46.050834,0
                27.08362,46.044575,0
                27.08457,46.041727,0
                27.085898,46.038288,0
                27.089588,46.029233,0
                27.09214,46.023374,0
                27.093691,46.019977,0
                27.096763,46.014325,0
                27.099805,46.007841,0
                27.101303,46.004136,0
                27.103528,45.998001,0
                27.10528,45.993729,0
                27.107446,45.986201,0
                27.11049,45.978765,0
                27.113024,45.974473,0
                27.115968,45.969032,0
                27.118007,45.963823,0
                27.120107,45.955613,0
                27.121721,45.951712,0
                27.123335,45.948125,0
                27.126733,45.940835,0
                27.129529,45.935967,0
                27.134248,45.928389,0
                27.138471,45.921265,0
                27.142071,45.913175,0
                27.14353,45.910098,0
                27.145089,45.907338,0
                27.147796,45.901991,0
                27.149765,45.897726,0
                27.150814,45.895226,0
                27.153214,45.887789,0
                27.155327,45.881982,0
                27.158846,45.873503,0
                27.162692,45.867461,0
                27.164401,45.863708,0
                27.165849,45.859247,0
                27.166704,45.857174,0
                27.170178,45.850385,0
                27.174378,45.844035,0
                27.176461,45.841154,0
                27.178908,45.837061,0
                27.180685,45.834667,0
                27.181735,45.83243,0
                27.182514,45.831212,0
                27.183851,45.827303,0
                27.184589,45.824834,0
                27.185193,45.82174,0
                27.187744,45.81262,0
                27.189043,45.808344,0
                27.190171,45.804959,0
                27.192526,45.796058,0
                27.195091,45.788556,0
                27.197262,45.783547,0
                27.199825,45.778704,0
                27.202369,45.772957,0
                27.203699,45.77017,0
                27.206185,45.764042,0
                27.208284,45.759133,0
                27.209408,45.755845,0
                27.211264,45.752452,0
                27.213937,45.746704,0
                27.215077,45.74245,0
                27.216176,45.736771,0
                27.218439,45.722179,0
                27.219729,45.71406,0
                27.220129,45.71065,0
                27.221361,45.704078,0
                27.222468,45.698699,0
                27.224541,45.687087,0
                27.225117,45.680681,0
                27.225767,45.674677,0
                27.226259,45.669578,0
                27.228346,45.65525,0
                27.228655,45.649891,0
                27.228802,45.645348,0
                27.228763,45.642212,0
                27.228597,45.638408,0
                27.228006,45.633364,0
                27.226775,45.623886,0
                27.226106,45.617252,0
                27.225742,45.610232,0
                27.225353,45.604971,0
                27.224687,45.598992,0
                27.223962,45.588404,0
                27.223965,45.581755,0
                27.223594,45.568581,0
                27.223569,45.561023,0
                27.223061,45.551956,0
                27.222587,45.546948,0
                27.221927,45.541455,0
                27.21996,45.528282,0
                27.218982,45.520203,0
                27.218166,45.512958,0
                27.217523,45.504172,0
                27.216546,45.494328,0
                27.215793,45.488152,0
                27.214329,45.478649,0
                27.21306,45.46985,0
                27.210503,45.45341,0
                27.209681,45.448558,0
                27.208494,45.443047,0
                27.207201,45.436473,0
                27.206711,45.43358,0
                27.206003,45.427116,0
                27.205572,45.422381,0
                27.205249,45.411755,0
                27.205203,45.408529,0
                27.204499,45.40316,0
                27.203274,45.396366,0
                27.201336,45.389575,0
                27.198982,45.382905,0
                27.1971,45.376977,0
                27.195758,45.369335,0
                27.195258,45.364279,0
                27.194524,45.356045,0
                27.193877,45.353143,0
                27.192603,45.348257,0
                27.192367,45.34659,0
                27.191514,45.338398,0
                27.190407,45.331075,0
                27.189335,45.32718,0
                27.187107,45.32018,0
                27.186254,45.31807,0
                27.184714,45.31385,0
                27.183239,45.310444,0
                27.182083,45.306256,0
                27.180322,45.301263,0
                27.179085,45.296441,0
                27.177613,45.291496,0
                27.177019,45.287608,0
                27.175727,45.28455,0
                27.173316,45.278564,0
                27.171728,45.274842,0
                27.170571,45.272553,0
                27.168269,45.26698,0
                27.16582,45.262016,0
                27.164662,45.258238,0
                27.161562,45.248571,0
                27.159312,45.242041,0
                27.15619,45.234049,0
                27.154142,45.226047,0
                27.152025,45.218138,0
                27.145657,45.202076,0
                27.139593,45.186348,0
                27.137031,45.179308,0
                27.134294,45.170517,0
                27.128629,45.151899,0
                27.126154,45.143333,0
                27.121178,45.12995,0
                27.11844,45.122084,0
                27.113061,45.10848,0
                27.10835,45.094796,0
                27.106945,45.091149,0
                27.104126,45.082557,0
                27.102421,45.071487,0
                27.100753,45.064031,0
                27.098597,45.055631,0
                27.097018,45.049723,0
                27.095843,45.042212,0
                27.095082,45.028587,0
                27.094656,45.022672,0
                27.093546,45.014517,0
                27.09236,45.007271,0
                27.090848,45.000975,0
                27.089603,44.994762,0
                27.088141,44.98375,0
                27.086308,44.970303,0
                27.085197,44.963549,0
                27.083955,44.957022,0
                27.082817,44.950412,0
                27.081672,44.944499,0
                27.079599,44.93767,0
                27.078455,44.932232,0
                27.076605,44.922006,0
                27.075998,44.91597,0
                27.074229,44.906554,0
                27.073056,44.898318,0
                27.071998,44.885606,0
                27.071453,44.877551,0
                27.070652,44.869411,0
                27.070057,44.860476,0
                27.069745,44.854081,0
                27.069292,44.84277,0
                27.068473,44.831548,0
                27.067881,44.823868,0
                27.067397,44.816276,0
                27.066306,44.809014,0
                27.065343,44.800248,0
                27.064981,44.795615,0
                27.064722,44.789928,0
                27.064492,44.783235,0
                27.064713,44.776285,0
                27.064122,44.768716,0
                27.063859,44.759092,0
                27.063745,44.751889,0
                27.063199,44.737874,0
                27.062381,44.730597,0
                27.061512,44.721953,0
                27.060404,44.714163,0
                27.059712,44.708266,0
                27.059006,44.701395,0
                27.058876,44.69864,0
                27.057712,44.68827,0
                27.056063,44.672818,0
                27.055184,44.663469,0
                27.054366,44.653074,0
                27.053282,44.643344,0
                27.052241,44.635761,0
                27.05129,44.629217,0
                27.050047,44.622029,0
                27.048528,44.612762,0
                27.046659,44.599101,0
                27.045789,44.59123,0
                27.045229,44.583691,0
                27.044176,44.575404,0
                27.043578,44.568355,0
                27.04313,44.562369,0
                27.042994,44.555744,0
                27.042723,44.547865,0
                27.042503,44.533759,0
                27.0426,44.528552,0
                27.042805,44.522356,0
                27.042924,44.51201,0
                27.042857,44.500673,0
                27.04267,44.488052,0
                27.042618,44.482222,0
                27.042758,44.475487,0
                27.042948,44.469453,0
                27.04324,44.457115,0
                27.043086,44.449274,0
                27.04319,44.444022,0
                27.043216,44.43807,0
                27.043462,44.431826,0
                27.043768,44.426027,0
                27.04359,44.418115,0
                27.043587,44.410648,0
                27.043411,44.398061,0
                27.043463,44.392493,0
                27.04377,44.387073,0
                27.043605,44.383257,0
                27.043518,44.378384,0
                27.04352,44.371186,0
                27.043438,44.367384,0
                27.043509,44.361271,0
                27.043741,44.351704,0
                27.043743,44.345933,0
                27.044298,44.340479,0
                27.044448,44.336674,0
                27.044491,44.33313,0
                27.044701,44.328271,0
                27.045702,44.317119,0
                27.04632,44.305707,0
                27.046539,44.298771,0
                27.04741,44.284939,0
                27.047796,44.279968,0
                27.048865,44.269826,0
                27.049724,44.26343,0
                27.050274,44.258445,0
                27.050803,44.252055,0
                27.051521,44.246216,0
                27.051947,44.24122,0
                27.051901,44.236558,0
                27.052411,44.230568,0
                27.053524,44.219516,0
                27.054013,44.214355,0
                27.054581,44.206836,0
                27.054755,44.198053,0
                27.055063,44.192006,0
                27.056986,44.174541,0
                27.058425,44.146336,0
                27.061767,44.147035,0
              </coordinates>
            </LinearRing>
          </outerBoundaryIs>
        </Polygon>
      </Placemark>
      <Placemark>
        <name>CR 1-1-3/2012</name>
        <description>sk = 2,5 kN/m2</description>
        <styleUrl>#poly-FFFF00-1000-76</styleUrl>
        <Polygon>
          <outerBoundaryIs>
            <LinearRing>
              <tessellate>1</tessellate>
              <coordinates>
                22.723581,44.202133,0
                22.73064,44.200432,0
                22.742119,44.197729,0
                22.749617,44.195269,0
                22.756556,44.191892,0
                22.759025,44.189903,0
                22.762237,44.186632,0
                22.784277,44.169694,0
                22.799537,44.161418,0
                22.804088,44.159132,0
                22.814615,44.153349,0
                22.818067,44.152116,0
                22.833627,44.149071,0
                22.838245,44.147042,0
                22.844167,44.143402,0
                22.845614,44.142918,0
                22.852026,44.139994,0
                22.862151,44.137324,0
                22.866461,44.135263,0
                22.879097,44.128108,0
                22.883787,44.125117,0
                22.887716,44.122626,0
                22.895056,44.116934,0
                22.899113,44.114402,0
                22.909644,44.109876,0
                22.915274,44.106534,0
                22.923308,44.1025,0
                22.955251,44.098345,0
                22.979726,44.098808,0
                22.988391,44.098333,0
                23.003234,44.093991,0
                23.009562,44.092699,0
                23.029056,44.085985,0
                23.033734,44.082894,0
                23.040073,44.076644,0
                23.043852,44.070437,0
                23.045401,44.060871,0
                23.037338,44.045615,0
                23.034287,44.037897,0
                23.017743,44.021472,0
                23.008913,44.012825,0
                23.003597,44.010387,0
                22.997265,44.009213,0
                22.96418,44.006716,0
                22.948159,44.004799,0
                22.926312,44.000361,0
                22.890612,43.989463,0
                22.882838,43.984269,0
                22.871352,43.956405,0
                22.862049,43.933964,0
                22.860237,43.923492,0
                22.84785,43.904783,0
                22.838338,43.886046,0
                22.838504,43.87144,0
                22.843457,43.862586,0
                22.85358,43.850501,0
                22.866389,43.838961,0
                22.875855,43.833662,0
                22.905948,43.826476,0
                22.907996,43.826024,0
                22.90954,43.825695,0
                22.91742,43.825054,0
                22.928451,43.824922,0
                22.93158,43.824625,0
                22.934905,43.823592,0
                22.938055,43.82194,0
                22.951586,43.816087,0
                22.960048,43.812722,0
                22.966911,43.811443,0
                22.97201,43.810125,0
                22.974943,43.809649,0
                22.984999,43.809413,0
                22.9903,43.808969,0
                22.994275,43.808153,0
                22.996404,43.807873,0
                23.012067,43.804865,0
                23.020929,43.805416,0
                23.026786,43.803869,0
                23.037443,43.800228,0
                23.044431,43.797585,0
                23.052868,43.795623,0
                23.066387,43.797504,0
                23.082049,43.79827,0
                23.102608,43.802126,0
                23.122635,43.804326,0
                23.131916,43.80332,0
                23.142546,43.807551,0
                23.149855,43.809719,0
                23.15588,43.813392,0
                23.162568,43.816903,0
                23.176651,43.821565,0
                23.195171,43.826876,0
                23.207347,43.830956,0
                23.217524,43.836019,0
                23.24929,43.839762,0
                23.254508,43.842325,0
                23.263265,43.845788,0
                23.26971,43.846971,0
                23.279137,43.848251,0
                23.295004,43.847837,0
                23.303873,43.848239,0
                23.313205,43.849113,0
                23.317759,43.849355,0
                23.326025,43.849428,0
                23.337835,43.850367,0
                23.342722,43.850493,0
                23.351855,43.849765,0
                23.357151,43.8487,0
                23.365853,43.848087,0
                23.369454,43.847569,0
                23.375742,43.847786,0
                23.388188,43.849472,0
                23.395175,43.850234,0
                23.400102,43.850965,0
                23.402858,43.851715,0
                23.405707,43.852074,0
                23.415487,43.852626,0
                23.419889,43.854122,0
                23.427261,43.852555,0
                23.429192,43.851842,0
                23.438624,43.850813,0
                23.451133,43.846775,0
                23.455837,43.842679,0
                23.460728,43.840091,0
                23.469065,43.839105,0
                23.472081,43.83901,0
                23.486862,43.836748,0
                23.488798,43.836695,0
                23.492566,43.837921,0
                23.495072,43.83897,0
                23.497503,43.839137,0
                23.508511,43.837615,0
                23.513586,43.83585,0
                23.518333,43.833005,0
                23.524447,43.827931,0
                23.526685,43.825764,0
                23.529529,43.823338,0
                23.531527,43.822287,0
                23.532945,43.820973,0
                23.546211,43.812931,0
                23.549425,43.811214,0
                23.557866,43.807883,0
                23.568928,43.804679,0
                23.577336,43.802878,0
                23.594211,43.797108,0
                23.600219,43.794616,0
                23.619744,43.790486,0
                23.627212,43.79041,0
                23.63609,43.791667,0
                23.640644,43.794202,0
                23.65046,43.796245,0
                23.65052,43.796246,0
                23.657786,43.797296,0
                23.668817,43.800296,0
                23.682392,43.802457,0
                23.689092,43.803429,0
                23.698519,43.805587,0
                23.712661,43.80593,0
                23.721773,43.804628,0
                23.729158,43.80401,0
                23.735345,43.803892,0
                23.748387,43.801744,0
                23.751781,43.797364,0
                23.757693,43.791345,0
                23.764857,43.786681,0
                23.77246,43.782809,0
                23.780081,43.780273,0
                23.810798,43.775016,0
                23.813396,43.774534,0
                23.819688,43.772943,0
                23.823548,43.770471,0
                23.83061,43.767687,0
                23.846497,43.760861,0
                23.8594,43.756942,0
                23.871746,43.753943,0
                23.877866,43.753123,0
                23.88547,43.75154,0
                23.890418,43.751642,0
                23.897661,43.748992,0
                23.903482,43.747489,0
                23.91035,43.746907,0
                23.914569,43.746244,0
                23.919032,43.745947,0
                23.927047,43.74507,0
                23.933422,43.745977,0
                23.94716,43.745636,0
                23.957458,43.74574,0
                23.960188,43.745372,0
                23.964971,43.744233,0
                23.972096,43.74313,0
                23.979287,43.74141,0
                23.989701,43.738545,0
                23.993532,43.737822,0
                24.005136,43.733857,0
                24.019616,43.72991,0
                24.032003,43.724621,0
                24.038717,43.722827,0
                24.043971,43.722027,0
                24.049034,43.722371,0
                24.05873,43.717897,0
                24.070076,43.713904,0
                24.074642,43.708661,0
                24.085404,43.703478,0
                24.092117,43.70184,0
                24.099209,43.700263,0
                24.104333,43.699746,0
                24.107888,43.69971,0
                24.117965,43.698273,0
                24.127736,43.696245,0
                24.13884,43.692929,0
                24.150293,43.688153,0
                24.160545,43.684801,0
                24.167033,43.683246,0
                24.172418,43.682365,0
                24.177426,43.68193,0
                24.184487,43.682186,0
                24.193716,43.683219,0
                24.202965,43.684467,0
                24.207194,43.685384,0
                24.214236,43.685972,0
                24.240857,43.690381,0
                24.245518,43.690805,0
                24.253039,43.690941,0
                24.256144,43.691163,0
                24.262656,43.692006,0
                24.266981,43.693253,0
                24.272142,43.694099,0
                24.276364,43.694796,0
                24.283812,43.696415,0
                24.289329,43.697365,0
                24.291425,43.698091,0
                24.302646,43.699653,0
                24.312008,43.700548,0
                24.316772,43.699951,0
                24.32177,43.698758,0
                24.331974,43.696618,0
                24.337833,43.695905,0
                24.342595,43.696276,0
                24.352571,43.698683,0
                24.358192,43.701128,0
                24.366266,43.705114,0
                24.37288,43.708572,0
                24.3759,43.709938,0
                24.380505,43.71381,0
                24.382696,43.717408,0
                24.383673,43.719996,0
                24.390819,43.723352,0
                24.394945,43.725809,0
                24.395363,43.727261,0
                24.404172,43.734412,0
                24.407046,43.736122,0
                24.410265,43.737265,0
                24.414244,43.738215,0
                24.417735,43.739196,0
                24.422804,43.740054,0
                24.427752,43.741053,0
                24.435669,43.742901,0
                24.439916,43.742846,0
                24.443224,43.743939,0
                24.448733,43.744345,0
                24.457936,43.745439,0
                24.460945,43.745755,0
                24.464091,43.746696,0
                24.467048,43.747493,0
                24.482573,43.754602,0
                24.494115,43.760769,0
                24.499495,43.76251,0
                24.502398,43.762687,0
                24.508724,43.762842,0
                24.517075,43.763065,0
                24.518974,43.763367,0
                24.525784,43.762436,0
                24.533086,43.760841,0
                24.542478,43.759958,0
                24.545367,43.759431,0
                24.553089,43.757619,0
                24.563176,43.755566,0
                24.566165,43.755891,0
                24.568488,43.755772,0
                24.577595,43.753863,0
                24.587768,43.752388,0
                24.590948,43.751682,0
                24.594363,43.749911,0
                24.599931,43.748104,0
                24.606006,43.747003,0
                24.610024,43.746224,0
                24.61432,43.745603,0
                24.616855,43.745015,0
                24.620811,43.743226,0
                24.62462,43.742422,0
                24.630133,43.739786,0
                24.635192,43.736212,0
                24.64062,43.734445,0
                24.652644,43.72636,0
                24.656209,43.724738,0
                24.660295,43.721765,0
                24.660359,43.721766,0
                24.666317,43.719205,0
                24.676376,43.711269,0
                24.676311,43.711177,0
                24.681742,43.706864,0
                24.686897,43.704018,0
                24.692622,43.70015,0
                24.692687,43.70015,0
                24.702051,43.69537,0
                24.709467,43.691223,0
                24.720421,43.687042,0
                24.72536,43.685731,0
                24.729403,43.685159,0
                24.732234,43.685088,0
                24.737496,43.684758,0
                24.741165,43.684738,0
                24.747392,43.684462,0
                24.748726,43.686464,0
                24.75516,43.688098,0
                24.773028,43.694394,0
                24.772964,43.69444,0
                24.784881,43.700421,0
                24.790777,43.702942,0
                24.799028,43.707491,0
                24.807666,43.710398,0
                24.819601,43.712742,0
                24.829071,43.712952,0
                24.837611,43.711573,0
                24.842576,43.710409,0
                24.855081,43.706881,0
                24.864012,43.706043,0
                24.872351,43.706373,0
                24.883445,43.707414,0
                24.889527,43.708658,0
                24.896156,43.710271,0
                24.902468,43.711479,0
                24.908983,43.713397,0
                24.912245,43.715067,0
                24.918695,43.717348,0
                24.932598,43.724778,0
                24.933783,43.725795,0
                24.940875,43.7277,0
                24.95834,43.730105,0
                24.965009,43.730202,0
                24.969391,43.728983,0
                24.976315,43.729125,0
                24.986964,43.72831,0
                24.992454,43.727063,0
                24.992373,43.727063,0
                24.998442,43.726867,0
                25.001022,43.726359,0
                25.007745,43.722996,0
                25.011636,43.720342,0
                25.015254,43.715967,0
                25.019101,43.712392,0
                25.024707,43.709143,0
                25.036529,43.70217,0
                25.045396,43.696488,0
                25.05877,43.691198,0
                25.066418,43.690051,0
                25.078175,43.688747,0
                25.078178,43.688806,0
                25.088645,43.685737,0
                25.088726,43.685738,0
                25.097842,43.684843,0
                25.105896,43.684412,0
                25.114695,43.685852,0
                25.120933,43.68774,0
                25.12453,43.68822,0
                25.130235,43.690109,0
                25.135748,43.692418,0
                25.148083,43.698283,0
                25.154132,43.700566,0
                25.163184,43.7028,0
                25.169088,43.702943,0
                25.177896,43.701658,0
                25.182884,43.700613,0
                25.192154,43.696185,0
                25.194997,43.695023,0
                25.202066,43.692886,0
                25.213146,43.690601,0
                25.220666,43.688145,0
                25.236151,43.685976,0
                25.248582,43.684032,0
                25.276831,43.66585,0
                25.288093,43.656557,0
                25.299779,43.651946,0
                25.307586,43.650074,0
                25.314965,43.647865,0
                25.321519,43.644563,0
                25.341137,43.631661,0
                25.34767,43.6286,0
                25.365875,43.623454,0
                25.370788,43.622656,0
                25.387044,43.619065,0
                25.392651,43.618565,0
                25.401303,43.618863,0
                25.417798,43.621542,0
                25.427194,43.6235,0
                25.450714,43.629373,0
                25.457721,43.632319,0
                25.466422,43.636981,0
                25.483829,43.642065,0
                25.490112,43.6437,0
                25.498598,43.644406,0
                25.503392,43.645868,0
                25.511015,43.646632,0
                25.521123,43.646348,0
                25.526299,43.645242,0
                25.537046,43.643679,0
                25.549554,43.64322,0
                25.563779,43.645029,0
                25.569019,43.647349,0
                25.576609,43.650137,0
                25.586295,43.65571,0
                25.614963,43.669273,0
                25.617146,43.670166,0
                25.620526,43.670986,0
                25.621537,43.67169,0
                25.63333,43.674493,0
                25.642574,43.678867,0
                25.649267,43.681427,0
                25.659232,43.685061,0
                25.661175,43.685768,0
                25.671798,43.689254,0
                25.683549,43.690828,0
                25.6921,43.690822,0
                25.700401,43.690817,0
                25.705645,43.691394,0
                25.711407,43.690923,0
                25.724154,43.690676,0
                25.737207,43.693994,0
                25.76034,43.702273,0
                25.776056,43.708956,0
                25.783717,43.713425,0
                25.789961,43.718284,0
                25.793667,43.723061,0
                25.796324,43.729042,0
                25.802192,43.736824,0
                25.810491,43.743588,0
                25.821322,43.749618,0
                25.830513,43.752175,0
                25.841497,43.755912,0
                25.851959,43.758959,0
                25.863819,43.766452,0
                25.875091,43.77478,0
                25.879196,43.779025,0
                25.883379,43.785059,0
                25.887569,43.792907,0
                25.892439,43.799554,0
                25.907192,43.812228,0
                25.912996,43.819666,0
                25.916008,43.824332,0
                25.918638,43.827144,0
                25.919987,43.829175,0
                25.921357,43.831527,0
                25.923473,43.833523,0
                25.926746,43.838412,0
                25.932781,43.841981,0
                25.947426,43.855688,0
                25.952685,43.859441,0
                25.958748,43.862978,0
                25.964243,43.865431,0
                25.969042,43.866728,0
                25.976732,43.870584,0
                25.985302,43.876056,0
                25.995848,43.882115,0
                25.998408,43.882968,0
                25.999381,43.883893,0
                26.001807,43.884876,0
                26.009961,43.888008,0
                26.017832,43.891442,0
                26.029487,43.896257,0
                26.039557,43.89911,0
                26.045814,43.902758,0
                26.050567,43.904262,0
                26.055875,43.907427,0
                26.060632,43.910797,0
                26.070677,43.924795,0
                26.075945,43.934834,0
                26.079247,43.942844,0
                26.089745,43.953941,0
                26.105813,43.968064,0
                26.120685,43.973498,0
                26.129481,43.97746,0
                26.130922,43.978087,0
                26.136338,43.981212,0
                26.138372,43.981785,0
                26.132366,43.983654,0
                26.122904,43.98586,0
                26.112756,43.988095,0
                26.101982,43.990291,0
                26.092349,43.992357,0
                26.082531,43.99455,0
                26.073706,43.996718,0
                26.066767,43.998549,0
                26.061596,43.999924,0
                26.055717,44.001729,0
                26.052263,44.002774,0
                26.045053,44.005142,0
                26.040433,44.006728,0
                26.035131,44.008364,0
                26.030642,44.00984,0
                26.026185,44.011152,0
                26.022201,44.012178,0
                26.019565,44.012861,0
                26.017671,44.013366,0
                26.01566,44.013899,0
                26.013132,44.014513,0
                26.00969,44.015382,0
                26.007177,44.015934,0
                26.002435,44.016946,0
                25.998102,44.017804,0
                25.994581,44.018407,0
                25.990535,44.019102,0
                25.986784,44.019806,0
                25.98299,44.020541,0
                25.979407,44.021351,0
                25.974243,44.022401,0
                25.970742,44.023109,0
                25.966175,44.023981,0
                25.963604,44.024434,0
                25.960663,44.025029,0
                25.95749,44.025756,0
                25.952658,44.026807,0
                25.950217,44.027287,0
                25.945718,44.028165,0
                25.941284,44.029023,0
                25.937792,44.029774,0
                25.935418,44.030353,0
                25.932098,44.031207,0
                25.929731,44.031723,0
                25.927371,44.032303,0
                25.924672,44.032974,0
                25.923149,44.033368,0
                25.92058,44.033937,0
                25.917988,44.0345,0
                25.915438,44.035132,0
                25.912686,44.035816,0
                25.909864,44.036545,0
                25.908397,44.036938,0
                25.906089,44.037545,0
                25.903587,44.038183,0
                25.901102,44.038796,0
                25.899037,44.039316,0
                25.89768,44.039683,0
                25.895247,44.040315,0
                25.892444,44.041034,0
                25.889209,44.041817,0
                25.886501,44.042471,0
                25.88323,44.043283,0
                25.879376,44.044244,0
                25.875158,44.04537,0
                25.871145,44.046395,0
                25.871144,44.046405,0
                25.868183,44.047168,0
                25.865624,44.047831,0
                25.862096,44.048722,0
                25.859788,44.049332,0
                25.857724,44.049748,0
                25.855074,44.050284,0
                25.85247,44.050921,0
                25.850104,44.051484,0
                25.847133,44.052196,0
                25.844073,44.052907,0
                25.841529,44.053594,0
                25.837997,44.05447,0
                25.835759,44.05501,0
                25.833713,44.05544,0
                25.832139,44.055794,0
                25.830353,44.056205,0
                25.828297,44.056739,0
                25.826352,44.057248,0
                25.824835,44.057631,0
                25.823264,44.057956,0
                25.821345,44.058387,0
                25.818589,44.058962,0
                25.815121,44.059752,0
                25.810239,44.060974,0
                25.810251,44.060993,0
                25.806847,44.061872,0
                25.802453,44.063067,0
                25.800006,44.063703,0
                25.796156,44.064741,0
                25.792975,44.0657,0
                25.789531,44.066658,0
                25.785793,44.067719,0
                25.78327,44.068455,0
                25.778909,44.069761,0
                25.772492,44.071733,0
                25.769819,44.072439,0
                25.766788,44.07327,0
                25.76178,44.07464,0
                25.758629,44.075516,0
                25.755116,44.076472,0
                25.751297,44.077552,0
                25.747602,44.078467,0
                25.742816,44.079574,0
                25.737945,44.080696,0
                25.734391,44.081481,0
                25.734403,44.081492,0
                25.729652,44.082603,0
                25.724846,44.083785,0
                25.721504,44.084587,0
                25.720525,44.084825,0
                25.718752,44.085184,0
                25.716771,44.085571,0
                25.713481,44.086243,0
                25.707799,44.087457,0
                25.703681,44.088449,0
                25.697315,44.090161,0
                25.692001,44.091454,0
                25.685874,44.092991,0
                25.685876,44.09298,0
                25.684182,44.093431,0
                25.680501,44.094517,0
                25.67621,44.095731,0
                25.672393,44.096763,0
                25.66908,44.097596,0
                25.665814,44.098479,0
                25.66279,44.09918,0
                25.658356,44.100137,0
                25.655984,44.100659,0
                25.65208,44.101529,0
                25.647144,44.102606,0
                25.642568,44.103652,0
                25.638582,44.104499,0
                25.631052,44.106037,0
                25.6243,44.107296,0
                25.618278,44.108295,0
                25.614711,44.108895,0
                25.608857,44.109817,0
                25.604837,44.110373,0
                25.601881,44.110783,0
                25.600055,44.111142,0
                25.595854,44.111951,0
                25.591483,44.11273,0
                25.587063,44.113594,0
                25.58449,44.114134,0
                25.579755,44.115194,0
                25.574208,44.116446,0
                25.568119,44.117954,0
                25.562607,44.119442,0
                25.557742,44.120651,0
                25.550349,44.122403,0
                25.546991,44.123197,0
                25.542784,44.12423,0
                25.539293,44.125113,0
                25.534905,44.126048,0
                25.531224,44.126922,0
                25.531198,44.126902,0
                25.528336,44.127599,0
                25.524692,44.128561,0
                25.521912,44.12926,0
                25.516922,44.130444,0
                25.512614,44.131485,0
                25.506969,44.132843,0
                25.503466,44.133759,0
                25.49978,44.134607,0
                25.497525,44.13514,0
                25.494251,44.13596,0
                25.494263,44.135971,0
                25.490191,44.137025,0
                25.487587,44.137721,0
                25.483644,44.138737,0
                25.48111,44.139445,0
                25.479148,44.140045,0
                25.475894,44.140992,0
                25.473276,44.141732,0
                25.467582,44.143338,0
                25.462567,44.144742,0
                25.458868,44.145775,0
                25.453877,44.147113,0
                25.450804,44.147936,0
                25.450804,44.147944,0
                25.447319,44.148857,0
                25.446193,44.149242,0
                25.443737,44.149992,0
                25.442064,44.150506,0
                25.439804,44.151148,0
                25.438351,44.151541,0
                25.43648,44.152202,0
                25.434881,44.152807,0
                25.433493,44.153314,0
                25.431517,44.153919,0
                25.42995,44.154441,0
                25.427971,44.155091,0
                25.427143,44.155374,0
                25.4245,44.15624,0
                25.421596,44.15718,0
                25.417662,44.158433,0
                25.414674,44.15937,0
                25.411545,44.160272,0
                25.409435,44.160877,0
                25.40744,44.1615,0
                25.404683,44.162355,0
                25.401622,44.163314,0
                25.398781,44.164184,0
                25.396347,44.16495,0
                25.39399,44.165612,0
                25.391163,44.166416,0
                25.390504,44.166607,0
                25.388972,44.166941,0
                25.387853,44.167188,0
                25.386325,44.167532,0
                25.384501,44.167942,0
                25.383223,44.168256,0
                25.382102,44.168513,0
                25.381199,44.168754,0
                25.379364,44.169158,0
                25.376708,44.16978,0
                25.37385,44.170479,0
                25.369176,44.171572,0
                25.365553,44.172307,0
                25.361769,44.173119,0
                25.356283,44.174193,0
                25.350046,44.175448,0
                25.345044,44.176479,0
                25.341682,44.177132,0
                25.338834,44.177606,0
                25.334766,44.178227,0
                25.328877,44.179117,0
                25.322171,44.180218,0
                25.316221,44.181019,0
                25.309139,44.182106,0
                25.305211,44.18257,0
                25.302832,44.182852,0
                25.297884,44.183478,0
                25.293858,44.183926,0
                25.291725,44.184187,0
                25.288095,44.184646,0
                25.28505,44.185021,0
                25.282602,44.185325,0
                25.280891,44.185477,0
                25.278884,44.185634,0
                25.276696,44.185828,0
                25.276002,44.185904,0
                25.274527,44.186074,0
                25.272859,44.186277,0
                25.27038,44.186613,0
                25.267117,44.187042,0
                25.265488,44.187262,0
                25.262741,44.187629,0
                25.258892,44.187976,0
                25.2559,44.188317,0
                25.252009,44.188813,0
                25.248218,44.189369,0
                25.245908,44.189742,0
                25.242748,44.190295,0
                25.240047,44.190744,0
                25.235903,44.191454,0
                25.232183,44.191971,0
                25.230581,44.192205,0
                25.228958,44.192539,0
                25.226179,44.193056,0
                25.223334,44.193485,0
                25.221738,44.193725,0
                25.219975,44.193999,0
                25.217712,44.194431,0
                25.215433,44.194836,0
                25.211999,44.195425,0
                25.208904,44.195958,0
                25.205546,44.196416,0
                25.205556,44.196424,0
                25.200476,44.197106,0
                25.19728,44.197481,0
                25.193334,44.197903,0
                25.188872,44.198377,0
                25.185147,44.198688,0
                25.182773,44.198862,0
                25.179876,44.199068,0
                25.174384,44.199446,0
                25.1712,44.19968,0
                25.164339,44.200168,0
                25.164357,44.200195,0
                25.156328,44.200678,0
                25.146431,44.20145,0
                25.141559,44.201898,0
                25.135134,44.202472,0
                25.127179,44.203237,0
                25.122002,44.20368,0
                25.118849,44.203886,0
                25.116316,44.204014,0
                25.111521,44.20414,0
                25.106918,44.204196,0
                25.105464,44.204217,0
                25.102942,44.204354,0
                25.101334,44.204421,0
                25.100178,44.204445,0
                25.09903,44.204402,0
                25.096776,44.20433,0
                25.094171,44.204243,0
                25.092158,44.204172,0
                25.089378,44.204098,0
                25.086117,44.203991,0
                25.080263,44.203812,0
                25.075992,44.203789,0
                25.070622,44.203711,0
                25.0671,44.203685,0
                25.063006,44.203672,0
                25.059371,44.203579,0
                25.052848,44.203439,0
                25.046209,44.203331,0
                25.040826,44.203175,0
                25.034038,44.202857,0
                25.029167,44.202739,0
                25.026427,44.202555,0
                25.022982,44.202322,0
                25.019328,44.202013,0
                25.016903,44.201801,0
                25.014337,44.201458,0
                25.012761,44.201249,0
                25.010657,44.200971,0
                25.008418,44.20061,0
                25.006538,44.200335,0
                25.004241,44.200068,0
                25.001415,44.199741,0
                24.999095,44.199473,0
                24.996953,44.199176,0
                24.993914,44.198728,0
                24.990868,44.198138,0
                24.988663,44.197608,0
                24.987391,44.197301,0
                24.98621,44.196918,0
                24.985365,44.196633,0
                24.983947,44.196053,0
                24.98265,44.195539,0
                24.981158,44.19493,0
                24.980021,44.194475,0
                24.97847,44.19383,0
                24.977012,44.193226,0
                24.974656,44.192266,0
                24.974041,44.192043,0
                24.972513,44.19139,0
                24.971831,44.191115,0
                24.970472,44.190621,0
                24.969038,44.190089,0
                24.967886,44.189675,0
                24.966895,44.1893,0
                24.965748,44.188854,0
                24.965313,44.188676,0
                24.964638,44.188468,0
                24.963837,44.188211,0
                24.963038,44.18796,0
                24.961758,44.187531,0
                24.960241,44.186998,0
                24.95871,44.18647,0
                24.957443,44.186059,0
                24.956733,44.18583,0
                24.955863,44.185604,0
                24.955039,44.185389,0
                24.95298,44.184828,0
                24.952955,44.18483,0
                24.95052,44.1842,0
                24.948551,44.183676,0
                24.946789,44.183364,0
                24.94576,44.183174,0
                24.94371,44.182774,0
                24.941706,44.1824,0
                24.940437,44.182168,0
                24.938454,44.181829,0
                24.935562,44.18137,0
                24.933263,44.180943,0
                24.93116,44.18057,0
                24.929025,44.180232,0
                24.92657,44.179908,0
                24.924674,44.179717,0
                24.922461,44.179378,0
                24.920683,44.179138,0
                24.919027,44.178909,0
                24.918684,44.178859,0
                24.917663,44.178692,0
                24.916102,44.178419,0
                24.914147,44.178145,0
                24.912153,44.177865,0
                24.910616,44.177672,0
                24.908853,44.177447,0
                24.908288,44.177365,0
                24.906604,44.177069,0
                24.905027,44.176771,0
                24.902967,44.176389,0
                24.900447,44.175904,0
                24.898072,44.175431,0
                24.895937,44.174956,0
                24.893685,44.174429,0
                24.891943,44.174067,0
                24.890266,44.173631,0
                24.888391,44.173139,0
                24.887036,44.172786,0
                24.885032,44.172243,0
                24.882982,44.171713,0
                24.880791,44.171124,0
                24.879447,44.170769,0
                24.878166,44.170332,0
                24.876214,44.169688,0
                24.874902,44.169286,0
                24.873509,44.168863,0
                24.87131,44.168091,0
                24.869886,44.167557,0
                24.868525,44.167054,0
                24.867343,44.166649,0
                24.866004,44.1662,0
                24.864385,44.165651,0
                24.862822,44.165078,0
                24.861833,44.164803,0
                24.860313,44.16435,0
                24.858529,44.163817,0
                24.856401,44.163148,0
                24.85441,44.162548,0
                24.853038,44.162153,0
                24.851739,44.161816,0
                24.850098,44.161405,0
                24.849655,44.161289,0
                24.847955,44.160809,0
                24.846089,44.160255,0
                24.844584,44.15985,0
                24.842078,44.159242,0
                24.839955,44.158708,0
                24.83734,44.157997,0
                24.83396,44.157069,0
                24.833047,44.156791,0
                24.83138,44.156271,0
                24.829786,44.15579,0
                24.828114,44.155288,0
                24.826786,44.154861,0
                24.824696,44.154197,0
                24.823313,44.153771,0
                24.82179,44.15323,0
                24.820811,44.152884,0
                24.819966,44.15259,0
                24.818556,44.152148,0
                24.816885,44.151609,0
                24.816012,44.151334,0
                24.814613,44.150964,0
                24.812003,44.150258,0
                24.809061,44.149534,0
                24.806255,44.148869,0
                24.803647,44.148216,0
                24.802476,44.147945,0
                24.800569,44.147393,0
                24.798713,44.146843,0
                24.796507,44.146195,0
                24.794977,44.145707,0
                24.793476,44.145261,0
                24.792038,44.144958,0
                24.790911,44.144665,0
                24.789399,44.144249,0
                24.788512,44.144012,0
                24.787084,44.143761,0
                24.785601,44.143496,0
                24.783492,44.143106,0
                24.782294,44.142898,0
                24.780785,44.142551,0
                24.778842,44.142137,0
                24.777083,44.141733,0
                24.774987,44.141312,0
                24.774001,44.141109,0
                24.771954,44.140649,0
                24.770328,44.140242,0
                24.769123,44.139935,0
                24.767999,44.139699,0
                24.766733,44.139452,0
                24.765127,44.139067,0
                24.763313,44.138646,0
                24.761568,44.138213,0
                24.760308,44.137814,0
                24.758341,44.137203,0
                24.756756,44.136729,0
                24.754691,44.136093,0
                24.752894,44.13552,0
                24.751297,44.134937,0
                24.750022,44.134445,0
                24.748788,44.133923,0
                24.747351,44.133358,0
                24.745538,44.132632,0
                24.743885,44.131903,0
                24.742571,44.131326,0
                24.740763,44.130566,0
                24.738945,44.129745,0
                24.737236,44.128973,0
                24.73534,44.128058,0
                24.734451,44.127676,0
                24.732865,44.12701,0
                24.731524,44.12643,0
                24.729877,44.125719,0
                24.728171,44.125144,0
                24.726553,44.124538,0
                24.724168,44.123674,0
                24.722369,44.123041,0
                24.720315,44.122406,0
                24.71796,44.121834,0
                24.715593,44.121344,0
                24.713508,44.120984,0
                24.711371,44.120544,0
                24.709494,44.120137,0
                24.707136,44.119644,0
                24.705888,44.11932,0
                24.704004,44.118805,0
                24.702978,44.118498,0
                24.701355,44.118017,0
                24.699219,44.117308,0
                24.697307,44.11674,0
                24.694852,44.11599,0
                24.693642,44.115589,0
                24.690806,44.114784,0
                24.687985,44.114044,0
                24.685275,44.113289,0
                24.683474,44.112825,0
                24.681488,44.112301,0
                24.679339,44.111734,0
                24.676877,44.111068,0
                24.674243,44.110326,0
                24.67185,44.109673,0
                24.67006,44.109224,0
                24.668189,44.108622,0
                24.665755,44.107837,0
                24.663005,44.10699,0
                24.660965,44.106417,0
                24.658294,44.105597,0
                24.656188,44.104926,0
                24.654469,44.104502,0
                24.651341,44.103665,0
                24.648118,44.102695,0
                24.646003,44.10202,0
                24.644152,44.101472,0
                24.641597,44.10069,0
                24.638827,44.099825,0
                24.63711,44.099298,0
                24.634057,44.098437,0
                24.630627,44.097438,0
                24.628362,44.096779,0
                24.626116,44.096054,0
                24.623472,44.095315,0
                24.61978,44.094291,0
                24.619808,44.094304,0
                24.619826,44.094311,0
                24.618061,44.093769,0
                24.616171,44.0932,0
                24.614378,44.09267,0
                24.612908,44.092106,0
                24.611478,44.091571,0
                24.610312,44.091107,0
                24.608665,44.090393,0
                24.606106,44.089434,0
                24.604651,44.088864,0
                24.603512,44.088403,0
                24.602092,44.087841,0
                24.600104,44.087082,0
                24.598246,44.086384,0
                24.595663,44.08534,0
                24.59374,44.08461,0
                24.590947,44.083559,0
                24.588395,44.082622,0
                24.585728,44.081668,0
                24.582164,44.080518,0
                24.579122,44.079433,0
                24.576751,44.078438,0
                24.5737,44.077392,0
                24.571382,44.076602,0
                24.568482,44.075631,0
                24.566291,44.074786,0
                24.565597,44.074535,0
                24.563031,44.073633,0
                24.560913,44.072856,0
                24.558428,44.072027,0
                24.557167,44.071599,0
                24.554514,44.070748,0
                24.552422,44.070104,0
                24.547395,44.068527,0
                24.543551,44.06704,0
                24.537429,44.064894,0
                24.53369,44.063441,0
                24.532504,44.062965,0
                24.528653,44.06177,0
                24.526636,44.061045,0
                24.525919,44.060806,0
                24.523711,44.060076,0
                24.522046,44.059586,0
                24.5195,44.058895,0
                24.516156,44.057915,0
                24.512687,44.056858,0
                24.508757,44.055715,0
                24.505831,44.054717,0
                24.501903,44.053357,0
                24.498361,44.052185,0
                24.496541,44.051522,0
                24.492459,44.050104,0
                24.489578,44.049167,0
                24.486778,44.048233,0
                24.485089,44.047658,0
                24.483147,44.047049,0
                24.480781,44.046188,0
                24.478424,44.045426,0
                24.475711,44.044531,0
                24.474092,44.043956,0
                24.473227,44.04362,0
                24.471259,44.043002,0
                24.469221,44.042338,0
                24.466638,44.041543,0
                24.463806,44.040695,0
                24.461115,44.0398,0
                24.457621,44.038633,0
                24.454818,44.037615,0
                24.451988,44.036547,0
                24.44845,44.035205,0
                24.444804,44.033681,0
                24.441524,44.032333,0
                24.43887,44.031211,0
                24.435976,44.030021,0
                24.433338,44.028895,0
                24.430982,44.027904,0
                24.429439,44.02721,0
                24.428018,44.026603,0
                24.426367,44.025979,0
                24.424675,44.025348,0
                24.422866,44.024673,0
                24.421731,44.024384,0
                24.419591,44.023892,0
                24.416716,44.023149,0
                24.413446,44.02233,0
                24.410798,44.021558,0
                24.406988,44.020426,0
                24.403946,44.019562,0
                24.400692,44.018497,0
                24.398093,44.017585,0
                24.395363,44.016575,0
                24.392827,44.015486,0
                24.390288,44.014461,0
                24.388412,44.013714,0
                24.386628,44.012965,0
                24.384817,44.012106,0
                24.382947,44.01121,0
                24.381395,44.010459,0
                24.378679,44.00912,0
                24.376514,44.008142,0
                24.374323,44.007328,0
                24.37113,44.005886,0
                24.36956,44.005285,0
                24.367967,44.004611,0
                24.366055,44.003812,0
                24.363536,44.002784,0
                24.362057,44.002188,0
                24.359205,44.001384,0
                24.356754,44.000784,0
                24.353792,44.00034,0
                24.350758,43.999831,0
                24.346764,43.999414,0
                24.342378,43.998901,0
                24.338023,43.998442,0
                24.335718,43.998278,0
                24.332809,43.997974,0
                24.329088,43.997609,0
                24.325809,43.997275,0
                24.322837,43.99693,0
                24.320195,43.996557,0
                24.317208,43.995919,0
                24.315124,43.995364,0
                24.311443,43.994516,0
                24.307709,43.993562,0
                24.30383,43.992612,0
                24.301124,43.992084,0
                24.295311,43.990697,0
                24.293713,43.990278,0
                24.291429,43.989856,0
                24.288566,43.989173,0
                24.285305,43.988543,0
                24.283081,43.988097,0
                24.280549,43.987657,0
                24.277696,43.987008,0
                24.27434,43.986171,0
                24.2713,43.985391,0
                24.267587,43.984357,0
                24.264915,43.983638,0
                24.261829,43.982962,0
                24.258056,43.982078,0
                24.255163,43.981594,0
                24.2504,43.98088,0
                24.244298,43.980389,0
                24.241011,43.980205,0
                24.237808,43.97988,0
                24.235184,43.979771,0
                24.232502,43.979569,0
                24.228216,43.979378,0
                24.224471,43.979232,0
                24.220035,43.979053,0
                24.219084,43.979028,0
                24.216161,43.978879,0
                24.21301,43.978655,0
                24.208591,43.978423,0
                24.205173,43.978213,0
                24.201809,43.978011,0
                24.19875,43.977789,0
                24.195024,43.97756,0
                24.191226,43.977327,0
                24.190739,43.977318,0
                24.187184,43.977262,0
                24.183954,43.977217,0
                24.180735,43.977142,0
                24.177062,43.977158,0
                24.172976,43.977123,0
                24.170695,43.977053,0
                24.168422,43.977068,0
                24.167117,43.977071,0
                24.164247,43.977144,0
                24.163336,43.977169,0
                24.161413,43.977217,0
                24.159016,43.977333,0
                24.157244,43.977371,0
                24.153264,43.977587,0
                24.150431,43.977816,0
                24.145184,43.978132,0
                24.141628,43.978256,0
                24.138325,43.978432,0
                24.134837,43.978655,0
                24.130203,43.979057,0
                24.126374,43.979531,0
                24.123577,43.979954,0
                24.120375,43.980277,0
                24.115672,43.981029,0
                24.112532,43.981531,0
                24.110942,43.981777,0
                24.106471,43.982239,0
                24.102697,43.982458,0
                24.099614,43.982619,0
                24.094907,43.982757,0
                24.087229,43.982988,0
                24.084628,43.983015,0
                24.080675,43.982994,0
                24.076221,43.983047,0
                24.072659,43.983136,0
                24.068876,43.983206,0
                24.06742,43.983259,0
                24.062722,43.983198,0
                24.060477,43.983196,0
                24.056492,43.983146,0
                24.052729,43.983111,0
                24.04899,43.983085,0
                24.043205,43.983036,0
                24.037721,43.983078,0
                24.034652,43.983115,0
                24.031347,43.983234,0
                24.029075,43.983343,0
                24.02633,43.983315,0
                24.02264,43.983285,0
                24.019408,43.983301,0
                24.015745,43.983368,0
                24.01196,43.983352,0
                24.00904,43.983368,0
                24.007236,43.983351,0
                24.006475,43.983351,0
                24.003194,43.983455,0
                23.998161,43.983805,0
                23.994095,43.984052,0
                23.991915,43.984117,0
                23.988685,43.984317,0
                23.985943,43.984385,0
                23.985206,43.984409,0
                23.982463,43.984576,0
                23.979345,43.984673,0
                23.975346,43.984737,0
                23.971391,43.984875,0
                23.967208,43.985002,0
                23.9633,43.985124,0
                23.960551,43.985243,0
                23.955555,43.985606,0
                23.950446,43.986003,0
                23.944631,43.986623,0
                23.941473,43.987079,0
                23.938021,43.987525,0
                23.934989,43.987821,0
                23.931785,43.988087,0
                23.929525,43.988287,0
                23.924394,43.988955,0
                23.919575,43.989577,0
                23.91563,43.99052,0
                23.911949,43.991322,0
                23.908918,43.991868,0
                23.906969,43.992185,0
                23.90443,43.992574,0
                23.900031,43.993242,0
                23.896791,43.993658,0
                23.890629,43.994333,0
                23.888592,43.99461,0
                23.886428,43.995008,0
                23.883177,43.995516,0
                23.878428,43.996052,0
                23.871538,43.99675,0
                23.863944,43.997561,0
                23.862311,43.997782,0
                23.861445,43.997865,0
                23.856514,43.99857,0
                23.854566,43.998851,0
                23.853015,43.999095,0
                23.850583,43.999501,0
                23.846445,44.000056,0
                23.84361,44.000417,0
                23.840812,44.000703,0
                23.838809,44.000894,0
                23.836591,44.001097,0
                23.833737,44.001415,0
                23.83033,44.00183,0
                23.82909,44.001992,0
                23.826838,44.002379,0
                23.824152,44.002782,0
                23.820186,44.003329,0
                23.815863,44.004047,0
                23.812344,44.004673,0
                23.809864,44.005275,0
                23.80759,44.005661,0
                23.806543,44.00585,0
                23.799867,44.007515,0
                23.796843,44.008319,0
                23.794508,44.00896,0
                23.79449,44.008952,0
                23.791689,44.009538,0
                23.787467,44.010346,0
                23.783619,44.01101,0
                23.77934,44.011737,0
                23.778224,44.01191,0
                23.774172,44.012393,0
                23.771032,44.012827,0
                23.768752,44.013074,0
                23.764604,44.013467,0
                23.762646,44.013584,0
                23.759557,44.013826,0
                23.75577,44.014197,0
                23.752413,44.01441,0
                23.750078,44.014659,0
                23.746598,44.014895,0
                23.742011,44.015365,0
                23.740389,44.015551,0
                23.738961,44.01573,0
                23.736734,44.016053,0
                23.733618,44.016524,0
                23.728529,44.01724,0
                23.725183,44.017834,0
                23.721657,44.018434,0
                23.719625,44.018718,0
                23.715814,44.019272,0
                23.712549,44.019772,0
                23.709462,44.020132,0
                23.703703,44.021117,0
                23.699768,44.021816,0
                23.69131,44.023794,0
                23.688712,44.024304,0
                23.681936,44.026026,0
                23.677369,44.027145,0
                23.670801,44.028388,0
                23.66784,44.02896,0
                23.664528,44.029739,0
                23.66085,44.030322,0
                23.656125,44.031249,0
                23.651069,44.032304,0
                23.642684,44.033766,0
                23.63767,44.034824,0
                23.630889,44.036619,0
                23.622963,44.039246,0
                23.619476,44.040653,0
                23.616713,44.041583,0
                23.614001,44.042403,0
                23.611467,44.043498,0
                23.60685,44.044785,0
                23.603708,44.045942,0
                23.599476,44.047334,0
                23.596934,44.048238,0
                23.592105,44.050216,0
                23.583305,44.05402,0
                23.581407,44.054916,0
                23.578235,44.056094,0
                23.574929,44.057545,0
                23.571808,44.058622,0
                23.569192,44.059695,0
                23.566511,44.060603,0
                23.562495,44.061855,0
                23.557376,44.063198,0
                23.550929,44.064978,0
                23.546104,44.066211,0
                23.541648,44.067774,0
                23.537994,44.069057,0
                23.534235,44.070103,0
                23.530663,44.070901,0
                23.521958,44.073014,0
                23.516838,44.074234,0
                23.509612,44.075964,0
                23.505512,44.076849,0
                23.500932,44.077695,0
                23.493561,44.07963,0
                23.492195,44.079992,0
                23.490466,44.080633,0
                23.488643,44.081299,0
                23.48559,44.082607,0
                23.4803,44.084641,0
                23.476353,44.086088,0
                23.468778,44.088955,0
                23.46194,44.091181,0
                23.458683,44.09185,0
                23.457589,44.092129,0
                23.454096,44.092703,0
                23.452932,44.092921,0
                23.449431,44.093692,0
                23.446893,44.094477,0
                23.444055,44.095386,0
                23.439583,44.09694,0
                23.436584,44.097907,0
                23.435603,44.098283,0
                23.431646,44.099916,0
                23.4274,44.101696,0
                23.419248,44.105622,0
                23.41311,44.108776,0
                23.41213,44.109218,0
                23.411355,44.109668,0
                23.407886,44.111378,0
                23.403775,44.113222,0
                23.399029,44.115147,0
                23.395412,44.116403,0
                23.393231,44.117125,0
                23.390099,44.118065,0
                23.385335,44.119736,0
                23.378394,44.122156,0
                23.376072,44.122855,0
                23.371963,44.124487,0
                23.37008,44.125253,0
                23.364423,44.127874,0
                23.358547,44.130684,0
                23.353139,44.133091,0
                23.348926,44.134798,0
                23.3439,44.136978,0
                23.340006,44.138451,0
                23.335837,44.140183,0
                23.331462,44.141857,0
                23.326711,44.143945,0
                23.322252,44.146068,0
                23.313861,44.149502,0
                23.302772,44.154436,0
                23.301621,44.155058,0
                23.299582,44.155839,0
                23.291367,44.158986,0
                23.286324,44.160601,0
                23.279863,44.162886,0
                23.272037,44.165881,0
                23.266508,44.168458,0
                23.261615,44.170729,0
                23.255477,44.173557,0
                23.252823,44.174771,0
                23.250461,44.175883,0
                23.246686,44.178106,0
                23.239194,44.181625,0
                23.235075,44.183451,0
                23.23044,44.185225,0
                23.224889,44.18777,0
                23.221324,44.189469,0
                23.212869,44.193085,0
                23.203312,44.197499,0
                23.200477,44.198745,0
                23.197403,44.20041,0
                23.192574,44.203539,0
                23.18985,44.20524,0
                23.181814,44.20999,0
                23.178688,44.211779,0
                23.176731,44.212896,0
                23.17429,44.214599,0
                23.167146,44.219442,0
                23.163852,44.221721,0
                23.162564,44.222517,0
                23.160534,44.223639,0
                23.155505,44.226045,0
                23.152698,44.227432,0
                23.148561,44.229169,0
                23.143245,44.231114,0
                23.138624,44.232438,0
                23.132053,44.234066,0
                23.127144,44.235251,0
                23.120641,44.236292,0
                23.115584,44.237046,0
                23.111146,44.237664,0
                23.107118,44.238432,0
                23.100256,44.239551,0
                23.09635,44.240355,0
                23.093947,44.240821,0
                23.085198,44.242289,0
                23.074502,44.244057,0
                23.070095,44.244652,0
                23.066649,44.245013,0
                23.062159,44.24558,0
                23.058117,44.245966,0
                23.050822,44.246779,0
                23.04166,44.247782,0
                23.033452,44.248754,0
                23.023702,44.249896,0
                23.017061,44.250828,0
                23.012531,44.251643,0
                23.007766,44.252329,0
                22.997837,44.253791,0
                22.992797,44.254349,0
                22.987761,44.254965,0
                22.983862,44.255658,0
                22.980407,44.256326,0
                22.974637,44.257318,0
                22.968498,44.258577,0
                22.965733,44.259159,0
                22.961082,44.259875,0
                22.955879,44.260519,0
                22.952916,44.260808,0
                22.94806,44.261071,0
                22.943073,44.261289,0
                22.936827,44.261368,0
                22.927875,44.26168,0
                22.923689,44.261646,0
                22.920105,44.261591,0
                22.916843,44.261473,0
                22.91181,44.260998,0
                22.907486,44.260468,0
                22.901832,44.259565,0
                22.899423,44.25915,0
                22.895747,44.25829,0
                22.891987,44.257556,0
                22.887222,44.256423,0
                22.883261,44.255408,0
                22.881159,44.254887,0
                22.878503,44.254267,0
                22.874816,44.253537,0
                22.87093,44.252868,0
                22.866214,44.251952,0
                22.858586,44.250492,0
                22.85608,44.249944,0
                22.853471,44.249491,0
                22.849942,44.248798,0
                22.845973,44.247916,0
                22.840254,44.246547,0
                22.833739,44.244743,0
                22.830591,44.243803,0
                22.826884,44.242753,0
                22.820038,44.240803,0
                22.815343,44.239416,0
                22.809873,44.237731,0
                22.804338,44.236053,0
                22.797543,44.234023,0
                22.793562,44.232448,0
                22.787999,44.230295,0
                22.783743,44.2286,0
                22.78016,44.227028,0
                22.77865,44.226471,0
                22.77334,44.224422,0
                22.768425,44.222646,0
                22.760199,44.219564,0
                22.755863,44.217797,0
                22.749101,44.215199,0
                22.740397,44.211923,0
                22.732973,44.209521,0
                22.723107,44.20633,0
                22.71269,44.202592,0
                22.723581,44.202133,0
              </coordinates>
            </LinearRing>
          </outerBoundaryIs>
        </Polygon>
      </Placemark>
      <Placemark>
        <name>CR 1-1-3/2012</name>
        <description>sk = 1,5 kN/m2</description>
        <styleUrl>#poly-00FFFF-1000-76</styleUrl>
        <Polygon>
          <outerBoundaryIs>
            <LinearRing>
              <tessellate>1</tessellate>
              <coordinates>
                23.157909,48.115188,0
                23.157877,48.113446,0
                23.152518,48.113437,0
                23.151478,48.112561,0
                23.149263,48.102623,0
                23.146786,48.099964,0
                23.144344,48.098622,0
                23.141046,48.097167,0
                23.14083,48.095988,0
                23.140168,48.095766,0
                23.138947,48.095966,0
                23.138108,48.097036,0
                23.137041,48.097378,0
                23.13159,48.096409,0
                23.129947,48.094401,0
                23.127349,48.093983,0
                23.125469,48.093496,0
                23.123333,48.09264,0
                23.119504,48.091254,0
                23.11679,48.08911,0
                23.115927,48.087498,0
                23.124901,48.082667,0
                23.123674,48.081463,0
                23.123686,48.080646,0
                23.124273,48.079725,0
                23.12461,48.078918,0
                23.124129,48.07807,0
                23.122635,48.077798,0
                23.12135,48.077498,0
                23.120113,48.077034,0
                23.119338,48.076379,0
                23.118423,48.075023,0
                23.117727,48.073495,0
                23.116501,48.072222,0
                23.112408,48.069935,0
                23.108775,48.068802,0
                23.107048,48.067514,0
                23.106963,48.066844,0
                23.108487,48.064771,0
                23.112063,48.061572,0
                23.111475,48.058427,0
                23.111987,48.056956,0
                23.113033,48.056207,0
                23.113153,48.054955,0
                23.112832,48.054057,0
                23.110336,48.051745,0
                23.10825,48.050706,0
                23.105763,48.048463,0
                23.102724,48.046484,0
                23.101276,48.044892,0
                23.100062,48.042857,0
                23.104912,48.041528,0
                23.109335,48.039777,0
                23.110159,48.037713,0
                23.109927,48.036022,0
                23.108286,48.03302,0
                23.092541,48.016911,0
                23.097142,48.016295,0
                23.09898,48.015825,0
                23.093924,48.012131,0
                23.092683,48.008019,0
                23.08814,48.005478,0
                23.083902,48.004891,0
                23.079374,48.007639,0
                23.076792,48.008658,0
                23.072923,48.008587,0
                23.069074,48.007971,0
                23.06325,48.006323,0
                23.058347,48.003667,0
                23.057313,48.00356,0
                23.030107,47.999631,0
                23.028602,47.997629,0
                23.025309,47.995523,0
                23.023989,47.9919,0
                23.021556,47.992017,0
                23.020199,47.993058,0
                23.019305,47.991854,0
                23.017765,47.991161,0
                23.015605,47.992169,0
                23.01405,47.991419,0
                23.013386,47.990313,0
                23.012791,47.990617,0
                23.011261,47.993728,0
                23.005091,47.99621,0
                22.997679,47.995611,0
                22.996809,47.999482,0
                22.995216,48.002266,0
                22.992139,48.004932,0
                22.977873,48.00726,0
                22.978014,48.009724,0
                22.963136,48.011434,0
                22.959846,48.007635,0
                22.950446,48.013069,0
                22.94956,48.012625,0
                22.945192,48.01471,0
                22.944007,48.016722,0
                22.926776,48.019167,0
                22.926311,48.018084,0
                22.921199,48.01382,0
                22.921508,48.009615,0
                22.920317,48.006745,0
                22.922755,48.00382,0
                22.923157,48.001598,0
                22.924633,48.001492,0
                22.925716,48.000909,0
                22.927181,47.999669,0
                22.928407,47.9992,0
                22.935953,47.999164,0
                22.938831,47.99502,0
                22.940962,47.988458,0
                22.941111,47.98523,0
                22.944363,47.973951,0
                22.9447,47.970868,0
                22.945919,47.96947,0
                22.947125,47.968887,0
                22.947619,47.967785,0
                22.947286,47.967229,0
                22.942813,47.965607,0
                22.942666,47.964462,0
                22.940026,47.964058,0
                22.936904,47.963951,0
                22.935745,47.962848,0
                22.934321,47.961426,0
                22.9306,47.959349,0
                22.92817,47.959117,0
                22.925475,47.959473,0
                22.92459,47.960881,0
                22.923946,47.960882,0
                22.923478,47.960706,0
                22.923321,47.96032,0
                22.922901,47.960056,0
                22.922393,47.959852,0
                22.921627,47.959822,0
                22.919983,47.959297,0
                22.919575,47.958833,0
                22.919681,47.958283,0
                22.919864,47.957936,0
                22.919754,47.957477,0
                22.919297,47.95722,0
                22.918227,47.957564,0
                22.916991,47.959332,0
                22.917267,47.959771,0
                22.91724,47.960241,0
                22.916826,47.9606,0
                22.916121,47.960245,0
                22.915686,47.959601,0
                22.915237,47.957744,0
                22.914829,47.957457,0
                22.913839,47.95766,0
                22.913454,47.958354,0
                22.913102,47.959811,0
                22.912424,47.960312,0
                22.91156,47.960458,0
                22.910786,47.96046,0
                22.910663,47.958819,0
                22.910849,47.958587,0
                22.912243,47.95798,0
                22.91231,47.957634,0
                22.911487,47.957317,0
                22.908428,47.958559,0
                22.908266,47.958909,0
                22.908474,47.959933,0
                22.907997,47.960406,0
                22.907432,47.960169,0
                22.905833,47.958713,0
                22.905948,47.957382,0
                22.90584,47.957066,0
                22.903257,47.956354,0
                22.901887,47.957876,0
                22.901308,47.958224,0
                22.900844,47.958167,0
                22.901188,47.955135,0
                22.900773,47.954591,0
                22.896782,47.954247,0
                22.896068,47.953793,0
                22.8965,47.953081,0
                22.896421,47.952741,0
                22.895752,47.952486,0
                22.895215,47.952034,0
                22.894759,47.951781,0
                22.89421,47.951923,0
                22.893905,47.952347,0
                22.893354,47.952489,0
                22.893017,47.952489,0
                22.892078,47.952887,0
                22.891479,47.953144,0
                22.890843,47.953201,0
                22.890222,47.952918,0
                22.889062,47.952465,0
                22.887952,47.951929,0
                22.887386,47.951507,0
                22.887071,47.951142,0
                22.886736,47.951114,0
                22.885453,47.948892,0
                22.885752,47.947303,0
                22.885774,47.946128,0
                22.885253,47.945562,0
                22.885066,47.945081,0
                22.884959,47.944743,0
                22.884097,47.944462,0
                22.883071,47.944127,0
                22.881885,47.943819,0
                22.881009,47.943709,0
                22.880126,47.943682,0
                22.872732,47.93633,0
                22.872403,47.934518,0
                22.872557,47.933752,0
                22.872156,47.933327,0
                22.872484,47.932399,0
                22.870552,47.931619,0
                22.869867,47.931092,0
                22.869055,47.930649,0
                22.867521,47.929139,0
                22.866389,47.928868,0
                22.866481,47.925401,0
                22.863724,47.923102,0
                22.863158,47.922155,0
                22.861068,47.92105,0
                22.858881,47.920721,0
                22.85787,47.920256,0
                22.857889,47.919791,0
                22.857305,47.919139,0
                22.856758,47.91766,0
                22.857071,47.916637,0
                22.856537,47.916499,0
                22.852516,47.913536,0
                22.852247,47.912335,0
                22.851843,47.912255,0
                22.850613,47.910694,0
                22.850124,47.910746,0
                22.847561,47.909131,0
                22.847014,47.908054,0
                22.843641,47.908539,0
                22.84242,47.908351,0
                22.840655,47.907655,0
                22.833201,47.908381,0
                22.832549,47.909274,0
                22.829738,47.908453,0
                22.826369,47.907825,0
                22.824871,47.9072,0
                22.824152,47.907157,0
                22.823231,47.906017,0
                22.822062,47.905281,0
                22.821113,47.904298,0
                22.82032,47.904186,0
                22.819241,47.903879,0
                22.818119,47.903711,0
                22.817337,47.903322,0
                22.816567,47.902656,0
                22.815279,47.901343,0
                22.814834,47.900757,0
                22.814217,47.900396,0
                22.813724,47.900147,0
                22.813021,47.900119,0
                22.811533,47.899953,0
                22.810345,47.899539,0
                22.809658,47.899127,0
                22.805943,47.898196,0
                22.805282,47.897152,0
                22.804417,47.896877,0
                22.804546,47.896631,0
                22.804055,47.896357,0
                22.801995,47.896193,0
                22.798946,47.895041,0
                22.797528,47.894187,0
                22.796079,47.893228,0
                22.794824,47.892589,0
                22.792957,47.891054,0
                22.790891,47.89171,0
                22.790183,47.892286,0
                22.78333,47.893781,0
                22.782303,47.893392,0
                22.77873,47.892589,0
                22.770861,47.893003,0
                22.769551,47.892671,0
                22.769209,47.892837,0
                22.768812,47.893169,0
                22.767852,47.893169,0
                22.7675,47.894004,0
                22.766654,47.894704,0
                22.765938,47.89476,0
                22.765124,47.894479,0
                22.765285,47.894031,0
                22.765309,47.893724,0
                22.764658,47.893029,0
                22.763864,47.893085,0
                22.763394,47.892752,0
                22.76195,47.893414,0
                22.761799,47.894103,0
                22.760487,47.89474,0
                22.758203,47.893469,0
                22.75852,47.892729,0
                22.758218,47.892184,0
                22.757571,47.891939,0
                22.757222,47.890913,0
                22.756939,47.890353,0
                22.757971,47.889224,0
                22.758521,47.888445,0
                22.759123,47.88792,0
                22.759562,47.887342,0
                22.759015,47.886876,0
                22.758659,47.886521,0
                22.758271,47.885975,0
                22.768555,47.878586,0
                22.76216,47.866907,0
                22.763537,47.864986,0
                22.766083,47.864203,0
                22.770143,47.86377,0
                22.771212,47.86423,0
                22.772952,47.86308,0
                22.773284,47.860641,0
                22.77266,47.859522,0
                22.773468,47.858911,0
                22.774874,47.8588,0
                22.774549,47.856104,0
                22.775246,47.855799,0
                22.775225,47.855051,0
                22.777169,47.853107,0
                22.777385,47.852073,0
                22.777532,47.848328,0
                22.777436,47.847813,0
                22.776535,47.846229,0
                22.77699,47.842674,0
                22.775077,47.842563,0
                22.774333,47.842813,0
                22.76943,47.841898,0
                22.766239,47.84187,0
                22.76604,47.841374,0
                22.761763,47.839435,0
                22.761557,47.83858,0
                22.758559,47.836298,0
                22.757521,47.836074,0
                22.756821,47.835712,0
                22.756499,47.835213,0
                22.755846,47.834742,0
                22.75539,47.834715,0
                22.754596,47.834963,0
                22.754133,47.835156,0
                22.752774,47.834907,0
                22.752453,47.834576,0
                22.751844,47.834273,0
                22.750931,47.834327,0
                22.75031,47.834327,0
                22.749041,47.834384,0
                22.748089,47.834384,0
                22.747304,47.834494,0
                22.746228,47.834603,0
                22.745152,47.834493,0
                22.744363,47.83474,0
                22.743118,47.834961,0
                22.742364,47.83532,0
                22.741615,47.835375,0
                22.740616,47.835458,0
                22.740089,47.834987,0
                22.738727,47.834738,0
                22.738299,47.835097,0
                22.73689,47.835041,0
                22.735225,47.836151,0
                22.734509,47.836319,0
                22.733488,47.835872,0
                22.732401,47.835955,0
                22.731417,47.835676,0
                22.72891,47.836428,0
                22.728767,47.837243,0
                22.728388,47.837542,0
                22.727264,47.837897,0
                22.725851,47.838116,0
                22.723278,47.838362,0
                22.71998,47.838085,0
                22.715759,47.837071,0
                22.710709,47.834504,0
                22.710985,47.833787,0
                22.710995,47.833445,0
                22.710814,47.832479,0
                22.709904,47.828766,0
                22.709602,47.827971,0
                22.709466,47.823954,0
                22.705784,47.823479,0
                22.703845,47.820383,0
                22.70157,47.819976,0
                22.699667,47.818205,0
                22.701538,47.814892,0
                22.695191,47.808415,0
                22.692567,47.803625,0
                22.688345,47.797634,0
                22.687858,47.795595,0
                22.685514,47.792662,0
                22.684899,47.79161,0
                22.68404,47.791609,0
                22.683343,47.790778,0
                22.68279,47.790405,0
                22.681589,47.790004,0
                22.680125,47.78768,0
                22.677841,47.787733,0
                22.67068,47.788225,0
                22.669646,47.787255,0
                22.669284,47.787033,0
                22.668013,47.786756,0
                22.666024,47.786837,0
                22.665542,47.786041,0
                22.664925,47.785412,0
                22.664204,47.784543,0
                22.663645,47.783598,0
                22.661322,47.782399,0
                22.659523,47.781817,0
                22.656657,47.781236,0
                22.655475,47.78098,0
                22.652299,47.780262,0
                22.650709,47.780033,0
                22.647558,47.779236,0
                22.646104,47.779008,0
                22.645,47.778979,0
                22.639474,47.779792,0
                22.638223,47.780479,0
                22.636796,47.780646,0
                22.635186,47.779998,0
                22.633973,47.780025,0
                22.629757,47.778485,0
                22.629528,47.777463,0
                22.628168,47.777351,0
                22.628149,47.776392,0
                22.626895,47.776063,0
                22.624876,47.776523,0
                22.617071,47.777501,0
                22.615121,47.777092,0
                22.614711,47.775954,0
                22.614017,47.775165,0
                22.613284,47.774465,0
                22.612557,47.77363,0
                22.611749,47.77291,0
                22.611571,47.77203,0
                22.57207,47.772543,0
                22.549605,47.772611,0
                22.539901,47.781961,0
                22.512003,47.79496,0
                22.48836,47.805814,0
                22.481475,47.810922,0
                22.474055,47.80834,0
                22.466971,47.805122,0
                22.465761,47.804977,0
                22.447986,47.803053,0
                22.440864,47.791894,0
                22.437384,47.778594,0
                22.435135,47.770349,0
                22.434541,47.770144,0
                22.434901,47.769637,0
                22.432647,47.763833,0
                22.432542,47.761976,0
                22.427029,47.754487,0
                22.427072,47.753741,0
                22.425853,47.750035,0
                22.427994,47.749577,0
                22.427094,47.746823,0
                22.428072,47.746016,0
                22.429194,47.745685,0
                22.429815,47.745186,0
                22.430379,47.743394,0
                22.430244,47.742412,0
                22.430396,47.741006,0
                22.426967,47.741102,0
                22.424716,47.741444,0
                22.411552,47.742348,0
                22.410275,47.746683,0
                22.406857,47.746673,0
                22.405113,47.74664,0
                22.402664,47.746687,0
                22.399997,47.747124,0
                22.398654,47.747538,0
                22.396441,47.74767,0
                22.395702,47.747416,0
                22.394196,47.747523,0
                22.392694,47.746681,0
                22.391425,47.746437,0
                22.390166,47.746091,0
                22.388896,47.745282,0
                22.387348,47.745246,0
                22.383229,47.745721,0
                22.37895,47.747088,0
                22.374368,47.746658,0
                22.369063,47.747156,0
                22.366796,47.747748,0
                22.359751,47.748998,0
                22.35873,47.748995,0
                22.357705,47.749107,0
                22.356565,47.748986,0
                22.352353,47.750709,0
                22.350932,47.750795,0
                22.346233,47.752901,0
                22.346033,47.753314,0
                22.345895,47.754114,0
                22.345356,47.75501,0
                22.340986,47.757037,0
                22.339918,47.758835,0
                22.333085,47.763632,0
                22.330466,47.76503,0
                22.324224,47.766703,0
                22.317376,47.765926,0
                22.319144,47.76136,0
                22.319721,47.759337,0
                22.31973,47.758603,0
                22.320921,47.755005,0
                22.320274,47.752101,0
                22.317562,47.743302,0
                22.315659,47.743015,0
                22.311851,47.742136,0
                22.311305,47.7423,0
                22.307966,47.741594,0
                22.306197,47.741339,0
                22.306115,47.740699,0
                22.303883,47.737846,0
                22.303295,47.737106,0
                22.301956,47.736761,0
                22.299057,47.737111,0
                22.297156,47.735504,0
                22.296169,47.735841,0
                22.285426,47.729374,0
                22.264629,47.731125,0
                22.25934,47.717369,0
                22.262293,47.716772,0
                22.262309,47.715177,0
                22.261965,47.71444,0
                22.26231,47.713682,0
                22.261918,47.712195,0
                22.261659,47.710517,0
                22.258916,47.697945,0
                22.257601,47.697966,0
                22.256289,47.697932,0
                22.256048,47.696588,0
                22.255225,47.695742,0
                22.253957,47.694952,0
                22.241809,47.695198,0
                22.237883,47.694745,0
                22.231103,47.693329,0
                22.226066,47.688002,0
                22.222891,47.682583,0
                22.225116,47.680678,0
                22.222542,47.672968,0
                22.223209,47.668335,0
                22.220167,47.663756,0
                22.220963,47.662757,0
                22.222068,47.662139,0
                22.221712,47.661573,0
                22.220881,47.660579,0
                22.219327,47.659964,0
                22.218353,47.658822,0
                22.216498,47.658323,0
                22.214629,47.656556,0
                22.211695,47.653906,0
                22.210676,47.654147,0
                22.203333,47.654819,0
                22.19914,47.636214,0
                22.196872,47.634853,0
                22.195327,47.632264,0
                22.195179,47.631361,0
                22.194723,47.630814,0
                22.193434,47.626716,0
                22.192708,47.621803,0
                22.190015,47.614861,0
                22.190323,47.613608,0
                22.189869,47.612859,0
                22.190038,47.611982,0
                22.189707,47.611216,0
                22.189365,47.610725,0
                22.188468,47.610072,0
                22.188493,47.609533,0
                22.185709,47.60813,0
                22.185335,47.60732,0
                22.182903,47.606251,0
                22.18042,47.599177,0
                22.178468,47.599191,0
                22.177224,47.596802,0
                22.176845,47.595452,0
                22.176744,47.594358,0
                22.175052,47.594187,0
                22.174999,47.593764,0
                22.174642,47.593683,0
                22.174236,47.593154,0
                22.173522,47.592469,0
                22.172993,47.592651,0
                22.171937,47.592115,0
                22.171167,47.591694,0
                22.170302,47.591662,0
                22.169428,47.591714,0
                22.168,47.592153,0
                22.166207,47.592507,0
                22.164555,47.592497,0
                22.163906,47.592297,0
                22.160247,47.592391,0
                22.156338,47.593411,0
                22.153286,47.593531,0
                22.149644,47.594036,0
                22.146147,47.594627,0
                22.144898,47.595347,0
                22.139229,47.598048,0
                22.135698,47.597824,0
                22.133878,47.59798,0
                22.130683,47.598164,0
                22.128237,47.598067,0
                22.129074,47.597117,0
                22.129763,47.594881,0
                22.129331,47.593569,0
                22.128459,47.591466,0
                22.129073,47.590202,0
                22.129122,47.589188,0
                22.128297,47.588392,0
                22.127255,47.587951,0
                22.125653,47.587673,0
                22.124955,47.587347,0
                22.124443,47.586513,0
                22.123303,47.585494,0
                22.121854,47.583989,0
                22.121463,47.583493,0
                22.121435,47.582078,0
                22.118899,47.578905,0
                22.118312,47.578749,0
                22.117615,47.578187,0
                22.11655,47.577761,0
                22.115655,47.577312,0
                22.115296,47.576786,0
                22.115064,47.576125,0
                22.115033,47.575549,0
                22.113945,47.574998,0
                22.112976,47.574748,0
                22.111834,47.574878,0
                22.111099,47.5749,0
                22.110082,47.57473,0
                22.108724,47.573934,0
                22.10829,47.573635,0
                22.107493,47.573388,0
                22.106523,47.573274,0
                22.105281,47.572834,0
                22.104352,47.572051,0
                22.103589,47.571274,0
                22.10349,47.570636,0
                22.103235,47.569809,0
                22.10267,47.568238,0
                22.102521,47.567339,0
                22.10168,47.56611,0
                22.100938,47.564619,0
                22.099237,47.562925,0
                22.097946,47.561547,0
                22.096809,47.560715,0
                22.095264,47.559621,0
                22.093699,47.55819,0
                22.09063,47.557412,0
                22.090237,47.558087,0
                22.089337,47.559063,0
                22.089266,47.559722,0
                22.088146,47.560018,0
                22.086751,47.560978,0
                22.085854,47.560971,0
                22.082501,47.561325,0
                22.079275,47.562251,0
                22.07491,47.560829,0
                22.074349,47.560826,0
                22.07358,47.558777,0
                22.072325,47.557479,0
                22.071025,47.556923,0
                22.070266,47.556522,0
                22.068247,47.555762,0
                22.067538,47.555687,0
                22.067534,47.555208,0
                22.066288,47.554536,0
                22.064817,47.554383,0
                22.06333,47.553945,0
                22.058002,47.550944,0
                22.057876,47.550504,0
                22.055346,47.548543,0
                22.054597,47.546886,0
                22.06206,47.543049,0
                22.06202,47.542715,0
                22.071311,47.537973,0
                22.061505,47.528986,0
                22.04553,47.539723,0
                22.043901,47.538554,0
                22.043451,47.537267,0
                22.039606,47.532711,0
                22.038848,47.532489,0
                22.038819,47.531949,0
                22.037622,47.531066,0
                22.035879,47.529515,0
                22.035929,47.529133,0
                22.031647,47.526119,0
                22.03068,47.524936,0
                22.029768,47.524023,0
                22.029086,47.523803,0
                22.028695,47.523197,0
                22.026929,47.522132,0
                22.026353,47.521123,0
                22.025596,47.520662,0
                22.024339,47.520025,0
                22.019309,47.512678,0
                22.018697,47.511671,0
                22.017818,47.509061,0
                22.017172,47.506875,0
                22.01637,47.505192,0
                22.015435,47.504189,0
                22.013393,47.50229,0
                22.012493,47.501293,0
                22.012167,47.499964,0
                22.012364,47.498494,0
                22.012201,47.496871,0
                22.011668,47.494851,0
                22.010953,47.491861,0
                22.010828,47.490595,0
                22.010327,47.489448,0
                22.008313,47.486217,0
                22.007117,47.483275,0
                22.007564,47.479687,0
                22.007659,47.477577,0
                22.007446,47.475832,0
                22.009014,47.473997,0
                22.012791,47.470665,0
                22.012759,47.469877,0
                22.013511,47.468573,0
                22.013111,47.467544,0
                22.013851,47.465435,0
                22.014681,47.464887,0
                22.02069,47.455081,0
                22.020925,47.4545,0
                22.032841,47.450985,0
                22.028752,47.444361,0
                22.026057,47.442367,0
                22.026079,47.442008,0
                22.027484,47.440222,0
                22.028023,47.439165,0
                22.027937,47.438341,0
                22.027956,47.437981,0
                22.028344,47.437579,0
                22.028848,47.437266,0
                22.029561,47.436824,0
                22.029938,47.436563,0
                22.030203,47.43603,0
                22.030697,47.435776,0
                22.035256,47.427351,0
                22.031992,47.426231,0
                22.033864,47.424109,0
                22.029776,47.42267,0
                22.033709,47.418416,0
                22.035056,47.416117,0
                22.03559,47.413371,0
                22.034538,47.4115,0
                22.025301,47.3962,0
                22.024859,47.395069,0
                22.024301,47.393235,0
                22.022765,47.390368,0
                22.021409,47.389074,0
                22.020209,47.38823,0
                22.019108,47.387292,0
                22.016311,47.383155,0
                22.015382,47.382202,0
                22.014954,47.381191,0
                22.014546,47.379976,0
                22.013849,47.378982,0
                22.013019,47.378289,0
                22.01234,47.376792,0
                22.011922,47.376102,0
                22.011905,47.375843,0
                22.010891,47.376146,0
                22.009912,47.376451,0
                22.008454,47.376716,0
                22.0085,47.377032,0
                22.004463,47.377086,0
                22.002805,47.376953,0
                22.0007,47.376886,0
                21.999075,47.37715,0
                21.997594,47.377526,0
                21.996825,47.377928,0
                21.996345,47.378583,0
                21.996232,47.379855,0
                21.994948,47.380944,0
                21.993061,47.38094,0
                21.990446,47.381413,0
                21.98914,47.380814,0
                21.988042,47.380974,0
                21.986647,47.381404,0
                21.985251,47.380026,0
                21.981221,47.378885,0
                21.980168,47.378769,0
                21.978517,47.378166,0
                21.975427,47.378228,0
                21.975031,47.380105,0
                21.965447,47.380625,0
                21.96162,47.381159,0
                21.961414,47.379974,0
                21.960707,47.379246,0
                21.959972,47.378962,0
                21.959414,47.378593,0
                21.959002,47.378027,0
                21.957903,47.377243,0
                21.957024,47.37687,0
                21.955199,47.375677,0
                21.953236,47.374799,0
                21.952322,47.374546,0
                21.951304,47.374485,0
                21.950252,47.375235,0
                21.948827,47.375077,0
                21.947984,47.37491,0
                21.946566,47.375257,0
                21.945129,47.375182,0
                21.943937,47.374891,0
                21.94263,47.374344,0
                21.938593,47.372894,0
                21.938186,47.371299,0
                21.939471,47.36965,0
                21.939784,47.367627,0
                21.937617,47.366158,0
                21.936904,47.364921,0
                21.936359,47.363409,0
                21.935701,47.361629,0
                21.934738,47.360212,0
                21.930008,47.356396,0
                21.925182,47.353497,0
                21.923647,47.349883,0
                21.923207,47.345508,0
                21.923246,47.344118,0
                21.922589,47.343648,0
                21.92187,47.342594,0
                21.921654,47.341461,0
                21.920808,47.340646,0
                21.919784,47.339325,0
                21.919138,47.338324,0
                21.918377,47.337358,0
                21.917906,47.336861,0
                21.916571,47.336153,0
                21.915367,47.335016,0
                21.914355,47.333738,0
                21.913706,47.332597,0
                21.913335,47.332321,0
                21.911948,47.331147,0
                21.910733,47.330047,0
                21.907964,47.328707,0
                21.907886,47.327393,0
                21.907384,47.326227,0
                21.906394,47.325193,0
                21.905048,47.322761,0
                21.904058,47.32185,0
                21.902362,47.320698,0
                21.899557,47.318005,0
                21.896218,47.316225,0
                21.895231,47.31465,0
                21.89322,47.306071,0
                21.891756,47.303014,0
                21.88815,47.294658,0
                21.885778,47.293387,0
                21.884798,47.291169,0
                21.885974,47.289726,0
                21.885803,47.289313,0
                21.884435,47.289186,0
                21.882364,47.288821,0
                21.878775,47.287338,0
                21.878047,47.285505,0
                21.878581,47.284201,0
                21.879908,47.282681,0
                21.881451,47.281545,0
                21.885341,47.279111,0
                21.888094,47.27787,0
                21.886301,47.275188,0
                21.887788,47.272049,0
                21.886872,47.270812,0
                21.881361,47.266487,0
                21.879963,47.264761,0
                21.878682,47.264962,0
                21.876654,47.264922,0
                21.874703,47.263961,0
                21.87182,47.263397,0
                21.869919,47.261701,0
                21.867282,47.259343,0
                21.865087,47.256738,0
                21.864319,47.252775,0
                21.86285,47.25093,0
                21.860021,47.248857,0
                21.858323,47.24654,0
                21.857955,47.246527,0
                21.857783,47.245773,0
                21.858114,47.245317,0
                21.858269,47.244967,0
                21.858139,47.244202,0
                21.857746,47.243649,0
                21.856986,47.243168,0
                21.851638,47.23905,0
                21.849393,47.230358,0
                21.848582,47.230069,0
                21.846844,47.22369,0
                21.848521,47.221926,0
                21.850008,47.221754,0
                21.851685,47.221121,0
                21.85344,47.221043,0
                21.85425,47.220279,0
                21.858016,47.22008,0
                21.858274,47.219576,0
                21.8593,47.210354,0
                21.859232,47.210111,0
                21.859093,47.207131,0
                21.859676,47.206522,0
                21.859952,47.203454,0
                21.85907,47.194866,0
                21.858006,47.186955,0
                21.856377,47.18713,0
                21.855651,47.186589,0
                21.854427,47.186178,0
                21.853941,47.185963,0
                21.852935,47.185505,0
                21.847538,47.184396,0
                21.838781,47.17714,0
                21.835856,47.177355,0
                21.831119,47.178831,0
                21.829428,47.174928,0
                21.825928,47.173976,0
                21.824978,47.173231,0
                21.822232,47.173672,0
                21.819793,47.172375,0
                21.817477,47.17274,0
                21.812626,47.165632,0
                21.81192,47.165786,0
                21.805992,47.151164,0
                21.800412,47.137177,0
                21.802812,47.136298,0
                21.801186,47.133723,0
                21.800457,47.130692,0
                21.798527,47.127869,0
                21.796669,47.128081,0
                21.795202,47.127428,0
                21.793486,47.126338,0
                21.792519,47.125473,0
                21.791419,47.124006,0
                21.791195,47.122788,0
                21.791469,47.121151,0
                21.792123,47.119749,0
                21.791343,47.118537,0
                21.789262,47.116612,0
                21.791972,47.115588,0
                21.789271,47.112951,0
                21.792762,47.111286,0
                21.79132,47.109355,0
                21.791785,47.108209,0
                21.79273,47.107849,0
                21.792677,47.106853,0
                21.792203,47.106266,0
                21.791226,47.105908,0
                21.789959,47.106054,0
                21.78507,47.106922,0
                21.783387,47.107305,0
                21.778516,47.10783,0
                21.773877,47.108565,0
                21.772734,47.108891,0
                21.770923,47.108857,0
                21.769825,47.108341,0
                21.765783,47.108063,0
                21.762519,47.107482,0
                21.759444,47.106635,0
                21.754476,47.105617,0
                21.751749,47.105636,0
                21.751328,47.105144,0
                21.726128,47.098493,0
                21.725019,47.096506,0
                21.724314,47.0956,0
                21.724032,47.09431,0
                21.723813,47.093818,0
                21.722369,47.093472,0
                21.721136,47.092816,0
                21.720819,47.091722,0
                21.719923,47.091351,0
                21.719437,47.090891,0
                21.718054,47.089711,0
                21.717878,47.088108,0
                21.713309,47.083286,0
                21.712795,47.082352,0
                21.712674,47.080401,0
                21.713204,47.079889,0
                21.714002,47.079444,0
                21.716413,47.074811,0
                21.708318,47.071461,0
                21.706838,47.072009,0
                21.705358,47.071466,0
                21.706316,47.06991,0
                21.701373,47.068281,0
                21.704812,47.063324,0
                21.695674,47.060337,0
                21.697439,47.057999,0
                21.693997,47.056812,0
                21.688664,47.055489,0
                21.689698,47.053544,0
                21.684919,47.052287,0
                21.684703,47.052113,0
                21.683557,47.051191,0
                21.683366,47.050665,0
                21.683691,47.050214,0
                21.682663,47.045639,0
                21.681386,47.045283,0
                21.680853,47.044857,0
                21.6803,47.044702,0
                21.679075,47.044849,0
                21.677522,47.045421,0
                21.67698,47.044775,0
                21.676306,47.044643,0
                21.675083,47.044736,0
                21.674364,47.044982,0
                21.673677,47.044632,0
                21.672055,47.044629,0
                21.67068,47.04431,0
                21.670267,47.044349,0
                21.669561,47.043946,0
                21.667874,47.044157,0
                21.666697,47.043711,0
                21.664401,47.043228,0
                21.662396,47.041679,0
                21.661724,47.041429,0
                21.66063,47.04156,0
                21.660024,47.041454,0
                21.657802,47.040837,0
                21.656735,47.040711,0
                21.654847,47.040704,0
                21.650624,47.040877,0
                21.648949,47.040526,0
                21.648496,47.040162,0
                21.648591,47.039816,0
                21.648702,47.039385,0
                21.649001,47.036535,0
                21.649545,47.036471,0
                21.65009,47.033832,0
                21.652015,47.031442,0
                21.653033,47.030942,0
                21.659773,47.021851,0
                21.660829,47.021366,0
                21.660907,47.02054,0
                21.661611,47.020226,0
                21.677889,47.018371,0
                21.678158,47.01775,0
                21.677886,47.015414,0
                21.678169,47.013636,0
                21.678345,47.012163,0
                21.680574,47.007239,0
                21.681152,47.006193,0
                21.682822,47.003946,0
                21.688081,47.003003,0
                21.688969,47.001815,0
                21.687391,46.999299,0
                21.685462,46.999365,0
                21.684283,46.999164,0
                21.683243,46.998517,0
                21.681647,46.998197,0
                21.680267,46.997779,0
                21.679396,46.998011,0
                21.676857,46.993683,0
                21.675918,46.992534,0
                21.676809,46.990754,0
                21.67764,46.98901,0
                21.676987,46.987596,0
                21.676196,46.98609,0
                21.675226,46.984985,0
                21.673606,46.983653,0
                21.673001,46.983256,0
                21.672728,46.982766,0
                21.672752,46.981708,0
                21.672297,46.98109,0
                21.670385,46.980087,0
                21.670641,46.97843,0
                21.67054,46.97807,0
                21.670621,46.977336,0
                21.670295,46.976005,0
                21.669535,46.974688,0
                21.668658,46.973032,0
                21.668411,46.972048,0
                21.668213,46.970996,0
                21.667971,46.97014,0
                21.671468,46.96954,0
                21.673349,46.969578,0
                21.676388,46.969267,0
                21.678247,46.96853,0
                21.67956,46.967781,0
                21.681947,46.966915,0
                21.681785,46.96599,0
                21.681493,46.964974,0
                21.67892,46.960645,0
                21.678856,46.960344,0
                21.675688,46.959022,0
                21.674846,46.956377,0
                21.674014,46.955398,0
                21.67374,46.954279,0
                21.673253,46.953755,0
                21.670226,46.953987,0
                21.664989,46.95488,0
                21.663653,46.954826,0
                21.662579,46.955191,0
                21.661222,46.95536,0
                21.660169,46.95585,0
                21.658079,46.955929,0
                21.658216,46.95522,0
                21.657691,46.954307,0
                21.656404,46.952499,0
                21.655536,46.952047,0
                21.655411,46.951475,0
                21.655851,46.949956,0
                21.654193,46.949052,0
                21.653224,46.948585,0
                21.651254,46.947684,0
                21.650257,46.946457,0
                21.650254,46.94556,0
                21.650312,46.943933,0
                21.648966,46.942852,0
                21.647771,46.942089,0
                21.640651,46.938805,0
                21.638344,46.932981,0
                21.606332,46.93245,0
                21.604037,46.932118,0
                21.59874,46.927393,0
                21.597838,46.922351,0
                21.597359,46.917959,0
                21.599405,46.916024,0
                21.599033,46.909187,0
                21.600103,46.909199,0
                21.599878,46.90872,0
                21.600162,46.906461,0
                21.601019,46.905181,0
                21.602653,46.903949,0
                21.607099,46.904316,0
                21.607408,46.902151,0
                21.610346,46.894395,0
                21.611513,46.892711,0
                21.611955,46.892782,0
                21.61383,46.888166,0
                21.614276,46.886456,0
                21.606208,46.885892,0
                21.6036,46.884896,0
                21.601139,46.878868,0
                21.603299,46.868723,0
                21.601382,46.86584,0
                21.599927,46.865401,0
                21.597669,46.864634,0
                21.597774,46.862676,0
                21.596883,46.861238,0
                21.595293,46.860527,0
                21.590209,46.860316,0
                21.58769,46.860477,0
                21.584663,46.859895,0
                21.58117,46.858392,0
                21.5809,46.857432,0
                21.577732,46.857218,0
                21.576342,46.857141,0
                21.573767,46.856459,0
                21.572834,46.856398,0
                21.571396,46.855678,0
                21.570241,46.855498,0
                21.569829,46.855511,0
                21.569644,46.855146,0
                21.569592,46.854486,0
                21.56941,46.854098,0
                21.569086,46.853869,0
                21.567207,46.853991,0
                21.561944,46.853773,0
                21.560502,46.853966,0
                21.557139,46.853681,0
                21.552573,46.850913,0
                21.54804,46.848734,0
                21.545865,46.848544,0
                21.544222,46.847852,0
                21.538963,46.847441,0
                21.537835,46.8474,0
                21.537757,46.844044,0
                21.537202,46.843152,0
                21.536128,46.841754,0
                21.534459,46.839466,0
                21.533852,46.839497,0
                21.532107,46.839032,0
                21.529495,46.83958,0
                21.525735,46.839442,0
                21.522977,46.838912,0
                21.522634,46.838308,0
                21.52157,46.837842,0
                21.520353,46.837315,0
                21.51922,46.835925,0
                21.519263,46.835007,0
                21.520302,46.833214,0
                21.519218,46.829678,0
                21.520521,46.827331,0
                21.518959,46.823657,0
                21.519101,46.820927,0
                21.521225,46.819879,0
                21.521433,46.817252,0
                21.521062,46.816925,0
                21.522345,46.814948,0
                21.522605,46.813826,0
                21.522213,46.813075,0
                21.521007,46.811843,0
                21.521776,46.811123,0
                21.522126,46.810303,0
                21.522111,46.809419,0
                21.522013,46.80888,0
                21.522317,46.808387,0
                21.521336,46.807074,0
                21.52028,46.80647,0
                21.519544,46.805515,0
                21.519282,46.804446,0
                21.519139,46.803477,0
                21.518411,46.801914,0
                21.51877,46.799822,0
                21.516667,46.797664,0
                21.516023,46.79743,0
                21.515571,46.796941,0
                21.513887,46.795442,0
                21.514531,46.794277,0
                21.515229,46.793755,0
                21.514349,46.792423,0
                21.511742,46.78995,0
                21.510541,46.787382,0
                21.510132,46.784674,0
                21.5093,46.783356,0
                21.507871,46.782424,0
                21.497293,46.777155,0
                21.4934,46.775006,0
                21.490178,46.775721,0
                21.484037,46.764776,0
                21.483296,46.76469,0
                21.485169,46.760057,0
                21.484885,46.758445,0
                21.493188,46.757471,0
                21.494072,46.756844,0
                21.494507,46.756756,0
                21.511714,46.745019,0
                21.526678,46.739119,0
                21.528068,46.737245,0
                21.528002,46.735174,0
                21.528168,46.73481,0
                21.528148,46.734124,0
                21.528794,46.733443,0
                21.528588,46.732816,0
                21.529141,46.731833,0
                21.529082,46.730949,0
                21.529638,46.729313,0
                21.529937,46.728255,0
                21.53047,46.727218,0
                21.53032,46.725255,0
                21.530493,46.724033,0
                21.529547,46.721727,0
                21.529436,46.72073,0
                21.526806,46.718782,0
                21.52398,46.716585,0
                21.519773,46.713788,0
                21.51715,46.71299,0
                21.515882,46.712109,0
                21.514507,46.711919,0
                21.513013,46.711753,0
                21.511541,46.711838,0
                21.511229,46.71166,0
                21.511295,46.711329,0
                21.51188,46.710578,0
                21.511917,46.709543,0
                21.511656,46.708241,0
                21.512409,46.707762,0
                21.509598,46.706313,0
                21.507575,46.7048,0
                21.507885,46.703396,0
                21.509146,46.70127,0
                21.508802,46.700909,0
                21.508171,46.70078,0
                21.507287,46.700188,0
                21.507583,46.698072,0
                21.505873,46.69731,0
                21.505022,46.697222,0
                21.503257,46.696878,0
                21.502556,46.696991,0
                21.500548,46.695812,0
                21.498624,46.694109,0
                21.498256,46.693881,0
                21.496851,46.691157,0
                21.496175,46.689307,0
                21.495382,46.687691,0
                21.49426,46.686745,0
                21.493687,46.686833,0
                21.492995,46.686507,0
                21.492173,46.685934,0
                21.491585,46.685804,0
                21.490304,46.685757,0
                21.48972,46.685925,0
                21.489373,46.686129,0
                21.489015,46.686715,0
                21.487812,46.687826,0
                21.486536,46.688781,0
                21.484955,46.690564,0
                21.483629,46.691872,0
                21.48235,46.692029,0
                21.480906,46.691944,0
                21.479866,46.691965,0
                21.479113,46.692257,0
                21.478428,46.692613,0
                21.477861,46.693004,0
                21.477602,46.694091,0
                21.477029,46.69422,0
                21.476079,46.694067,0
                21.475246,46.694096,0
                21.47407,46.694443,0
                21.473592,46.694968,0
                21.473066,46.695527,0
                21.47242,46.695593,0
                21.471471,46.695313,0
                21.470822,46.695045,0
                21.470101,46.694685,0
                21.469797,46.694735,0
                21.469636,46.695001,0
                21.469667,46.695459,0
                21.451124,46.68856,0
                21.434354,46.695581,0
                21.432261,46.694713,0
                21.431634,46.694564,0
                21.429901,46.693777,0
                21.430179,46.693411,0
                21.43004,46.692638,0
                21.429507,46.691648,0
                21.427512,46.689123,0
                21.427997,46.688522,0
                21.428328,46.688062,0
                21.428713,46.687519,0
                21.428689,46.686934,0
                21.428478,46.686259,0
                21.428514,46.6858,0
                21.429002,46.685334,0
                21.429377,46.684836,0
                21.429713,46.684311,0
                21.430246,46.683547,0
                21.431035,46.682937,0
                21.431714,46.681971,0
                21.431394,46.68144,0
                21.430745,46.680954,0
                21.430331,46.680514,0
                21.430273,46.680062,0
                21.430524,46.67943,0
                21.431236,46.677777,0
                21.433873,46.67596,0
                21.434657,46.675405,0
                21.435643,46.674188,0
                21.436267,46.673057,0
                21.43798,46.67031,0
                21.438692,46.669632,0
                21.439255,46.669428,0
                21.44048,46.669139,0
                21.441071,46.668661,0
                21.441669,46.668076,0
                21.441774,46.667232,0
                21.441775,46.666905,0
                21.442171,46.666622,0
                21.443214,46.666284,0
                21.444271,46.666135,0
                21.445455,46.665911,0
                21.446936,46.665886,0
                21.448495,46.66632,0
                21.449976,46.666833,0
                21.453077,46.666545,0
                21.455695,46.666992,0
                21.454755,46.660571,0
                21.451713,46.659456,0
                21.449127,46.657826,0
                21.44165,46.651463,0
                21.43242,46.64809,0
                21.421817,46.646464,0
                21.416423,46.642476,0
                21.415726,46.639096,0
                21.414685,46.636438,0
                21.41413,46.635716,0
                21.413887,46.634529,0
                21.411742,46.625234,0
                21.411143,46.624061,0
                21.410227,46.622597,0
                21.409958,46.621841,0
                21.381387,46.628323,0
                21.380885,46.628616,0
                21.38047,46.629112,0
                21.378727,46.632863,0
                21.365625,46.637799,0
                21.353156,46.630245,0
                21.352676,46.630534,0
                21.35106,46.630725,0
                21.350449,46.630702,0
                21.348616,46.630941,0
                21.347832,46.631278,0
                21.339145,46.630128,0
                21.335921,46.629445,0
                21.334931,46.628935,0
                21.329994,46.631504,0
                21.324761,46.628065,0
                21.314057,46.617538,0
                21.313776,46.615406,0
                21.310012,46.607497,0
                21.308656,46.605837,0
                21.306859,46.60175,0
                21.306846,46.598806,0
                21.303286,46.594853,0
                21.301142,46.590707,0
                21.307104,46.586402,0
                21.308431,46.587422,0
                21.314023,46.584034,0
                21.314831,46.584663,0
                21.316108,46.585579,0
                21.320867,46.582784,0
                21.316023,46.577354,0
                21.314322,46.574889,0
                21.307586,46.56778,0
                21.30488,46.566069,0
                21.303327,46.564327,0
                21.304936,46.56057,0
                21.297426,46.553388,0
                21.293591,46.55222,0
                21.291671,46.547118,0
                21.289624,46.544252,0
                21.28508,46.544565,0
                21.280379,46.544931,0
                21.274167,46.540684,0
                21.276201,46.534997,0
                21.260322,46.501863,0
                21.262603,46.497391,0
                21.270018,46.486687,0
                21.272845,46.483288,0
                21.274268,46.476474,0
                21.284062,46.477238,0
                21.29203,46.476208,0
                21.296267,46.476082,0
                21.306978,46.462921,0
                21.317745,46.450605,0
                21.315981,46.450566,0
                21.313273,46.449597,0
                21.312683,46.447219,0
                21.311852,46.440305,0
                21.303426,46.432082,0
                21.303092,46.431471,0
                21.296343,46.423327,0
                21.293543,46.417421,0
                21.289764,46.415111,0
                21.289398,46.413687,0
                21.296266,46.40658,0
                21.283172,46.403189,0
                21.2754,46.406678,0
                21.258657,46.408594,0
                21.247631,46.410526,0
                21.240119,46.410293,0
                21.225376,46.413557,0
                21.22237,46.411953,0
                21.221726,46.411988,0
                21.221042,46.411667,0
                21.219048,46.411059,0
                21.216359,46.401786,0
                21.206255,46.403176,0
                21.200796,46.384757,0
                21.196662,46.370709,0
                21.197624,46.369618,0
                21.199551,46.347865,0
                21.19035,46.339411,0
                21.190338,46.339158,0
                21.176302,46.335512,0
                21.178697,46.330456,0
                21.175975,46.329479,0
                21.177559,46.323384,0
                21.176154,46.320805,0
                21.173264,46.318348,0
                21.180645,46.303993,0
                21.175714,46.302788,0
                21.174609,46.300287,0
                21.170005,46.297948,0
                21.169241,46.298062,0
                21.167374,46.297814,0
                21.164101,46.298206,0
                21.153756,46.298581,0
                21.152641,46.298221,0
                21.151698,46.29762,0
                21.147527,46.299004,0
                21.14536,46.304579,0
                21.122528,46.300861,0
                21.115558,46.301633,0
                21.111027,46.286511,0
                21.110032,46.281679,0
                21.109089,46.277968,0
                21.103022,46.262298,0
                21.101872,46.262596,0
                21.10129,46.263597,0
                21.100618,46.263937,0
                21.099425,46.263554,0
                21.098416,46.262903,0
                21.09719,46.262369,0
                21.094464,46.262343,0
                21.093841,46.261944,0
                21.093363,46.260522,0
                21.09255,46.259974,0
                21.091639,46.25939,0
                21.090903,46.258223,0
                21.089419,46.258152,0
                21.087706,46.259074,0
                21.087059,46.259096,0
                21.086911,46.258573,0
                21.087206,46.257918,0
                21.087148,46.257953,0
                21.087641,46.257015,0
                21.087499,46.256469,0
                21.086543,46.254948,0
                21.085193,46.254529,0
                21.083955,46.255135,0
                21.083309,46.256263,0
                21.082897,46.256541,0
                21.081543,46.255791,0
                21.079757,46.252013,0
                21.071168,46.253778,0
                21.066002,46.24272,0
                21.059808,46.244779,0
                21.04076,46.247789,0
                21.036775,46.24781,0
                21.028851,46.260777,0
                21.024979,46.266419,0
                21.015897,46.263149,0
                21.001279,46.260691,0
                20.990419,46.259375,0
                20.97111,46.260803,0
                20.961482,46.262073,0
                20.952356,46.264773,0
                20.950956,46.267907,0
                20.949753,46.271714,0
                20.946607,46.279042,0
                20.925168,46.276282,0
                20.922104,46.261812,0
                20.890538,46.27139,0
                20.873474,46.287331,0
                20.833401,46.280444,0
                20.818497,46.278147,0
                20.800757,46.275378,0
                20.789082,46.273091,0
                20.788735,46.273155,0
                20.783584,46.27357,0
                20.775506,46.275865,0
                20.74884,46.250576,0
                20.75174,46.240128,0
                20.761845,46.204499,0
                20.727576,46.207263,0
                20.728529,46.204788,0
                20.725734,46.196452,0
                20.730543,46.195168,0
                20.732832,46.193832,0
                20.733752,46.194032,0
                20.734125,46.193832,0
                20.733565,46.19273,0
                20.733498,46.192216,0
                20.73274,46.191566,0
                20.731476,46.190547,0
                20.730672,46.190407,0
                20.730386,46.190528,0
                20.729698,46.189616,0
                20.72874,46.189067,0
                20.728261,46.18918,0
                20.727497,46.188668,0
                20.72614,46.18861,0
                20.725042,46.187951,0
                20.724919,46.187128,0
                20.723975,46.187169,0
                20.722425,46.187402,0
                20.715772,46.169582,0
                20.716288,46.169468,0
                20.71582,46.168219,0
                20.715399,46.168148,0
                20.715163,46.167766,0
                20.715274,46.167396,0
                20.715153,46.167015,0
                20.714413,46.166486,0
                20.71395,46.165982,0
                20.712822,46.165504,0
                20.71158,46.165425,0
                20.71074,46.165228,0
                20.709546,46.165043,0
                20.708682,46.164683,0
                20.708157,46.16367,0
                20.707901,46.163098,0
                20.707359,46.162675,0
                20.706131,46.162117,0
                20.705585,46.161747,0
                20.705061,46.161166,0
                20.702711,46.160615,0
                20.700022,46.160551,0
                20.698052,46.160306,0
                20.696584,46.159791,0
                20.695468,46.159176,0
                20.694174,46.158422,0
                20.6933,46.157393,0
                20.693244,46.156375,0
                20.693107,46.155381,0
                20.693009,46.154791,0
                20.693317,46.154402,0
                20.693353,46.153703,0
                20.692484,46.15257,0
                20.69208,46.151884,0
                20.691367,46.150757,0
                20.690811,46.150069,0
                20.690569,46.14934,0
                20.690144,46.149086,0
                20.689006,46.148255,0
                20.688332,46.147499,0
                20.687613,46.146823,0
                20.685249,46.145437,0
                20.6845,46.144708,0
                20.683843,46.144653,0
                20.682533,46.144488,0
                20.681233,46.144618,0
                20.675871,46.145917,0
                20.675048,46.146634,0
                20.672756,46.147643,0
                20.67089,46.149962,0
                20.668757,46.151057,0
                20.665681,46.151735,0
                20.664622,46.151771,0
                20.663414,46.151369,0
                20.661812,46.150627,0
                20.6608,46.150502,0
                20.659839,46.150729,0
                20.658666,46.150733,0
                20.657147,46.150291,0
                20.65541,46.149705,0
                20.654116,46.149005,0
                20.652479,46.147917,0
                20.650596,46.146199,0
                20.649759,46.144034,0
                20.649511,46.142169,0
                20.649753,46.141295,0
                20.650222,46.140487,0
                20.649427,46.138996,0
                20.648736,46.137682,0
                20.648364,46.136245,0
                20.648165,46.134939,0
                20.647316,46.133159,0
                20.646351,46.131744,0
                20.644657,46.129821,0
                20.642936,46.128278,0
                20.641122,46.127187,0
                20.639343,46.126632,0
                20.636723,46.126356,0
                20.635399,46.126351,0
                20.63351,46.126563,0
                20.632058,46.127063,0
                20.630607,46.127912,0
                20.629496,46.128454,0
                20.628134,46.129988,0
                20.627578,46.130829,0
                20.627483,46.131284,0
                20.626477,46.131864,0
                20.62591,46.132084,0
                20.625548,46.13253,0
                20.625191,46.132923,0
                20.624744,46.133421,0
                20.624213,46.13397,0
                20.624076,46.13451,0
                20.623353,46.135354,0
                20.622613,46.136007,0
                20.621858,46.136414,0
                20.621304,46.136748,0
                20.620801,46.137097,0
                20.620278,46.137674,0
                20.620046,46.138511,0
                20.619274,46.139217,0
                20.618368,46.139644,0
                20.61731,46.13957,0
                20.616287,46.139553,0
                20.615721,46.139694,0
                20.615295,46.140033,0
                20.615232,46.14069,0
                20.614688,46.141024,0
                20.614124,46.141551,0
                20.613203,46.142089,0
                20.61288,46.142571,0
                20.612532,46.143352,0
                20.612199,46.143919,0
                20.611789,46.144457,0
                20.611441,46.14514,0
                20.610838,46.14559,0
                20.60938,46.146041,0
                20.60844,46.146412,0
                20.607051,46.146489,0
                20.606326,46.14665,0
                20.605847,46.147125,0
                20.605409,46.147575,0
                20.604659,46.147984,0
                20.603453,46.14818,0
                20.601666,46.148292,0
                20.60034,46.148459,0
                20.599169,46.148685,0
                20.597809,46.149207,0
                20.596831,46.149469,0
                20.595382,46.149683,0
                20.594266,46.149797,0
                20.593321,46.150141,0
                20.592668,46.150668,0
                20.592476,46.151127,0
                20.592118,46.1516,0
                20.591682,46.152071,0
                20.59123,46.152706,0
                20.591174,46.153305,0
                20.590707,46.153667,0
                20.589819,46.153902,0
                20.589064,46.153953,0
                20.588013,46.154235,0
                20.587441,46.154841,0
                20.586807,46.15528,0
                20.586053,46.155741,0
                20.585402,46.155932,0
                20.584712,46.156122,0
                20.583602,46.156542,0
                20.583045,46.156959,0
                20.582629,46.157522,0
                20.582035,46.158298,0
                20.581617,46.15894,0
                20.580805,46.159462,0
                20.580062,46.159735,0
                20.579746,46.160135,0
                20.579189,46.160527,0
                20.578276,46.160878,0
                20.577484,46.16087,0
                20.576834,46.160594,0
                20.576041,46.16056,0
                20.575335,46.160862,0
                20.574599,46.161414,0
                20.57417,46.161972,0
                20.573457,46.162483,0
                20.572304,46.16265,0
                20.571193,46.163199,0
                20.570069,46.164293,0
                20.56871,46.165352,0
                20.567112,46.166788,0
                20.565945,46.167011,0
                20.564565,46.167443,0
                20.562998,46.168115,0
                20.561565,46.169576,0
                20.560087,46.17053,0
                20.558698,46.171276,0
                20.557279,46.171455,0
                20.555833,46.171472,0
                20.554617,46.17192,0
                20.553655,46.172682,0
                20.553283,46.173985,0
                20.552906,46.174855,0
                20.551628,46.175742,0
                20.550432,46.176266,0
                20.549238,46.176375,0
                20.548214,46.176663,0
                20.546886,46.177566,0
                20.545635,46.178433,0
                20.544769,46.178884,0
                20.543993,46.179204,0
                20.54276,46.179367,0
                20.541528,46.179504,0
                20.540445,46.179729,0
                20.538868,46.179716,0
                20.537343,46.179648,0
                20.536722,46.179975,0
                20.536284,46.18042,0
                20.535321,46.180623,0
                20.533997,46.180536,0
                20.532863,46.180459,0
                20.531376,46.180394,0
                20.53043,46.180735,0
                20.529363,46.180797,0
                20.528475,46.180912,0
                20.527183,46.180962,0
                20.526053,46.180913,0
                20.524949,46.181,0
                20.523677,46.181241,0
                20.522553,46.181568,0
                20.521624,46.181879,0
                20.51232,46.185598,0
                20.508743,46.187026,0
                20.501362,46.189913,0
                20.500059,46.188352,0
                20.499451,46.188569,0
                20.497959,46.188584,0
                20.496823,46.188561,0
                20.49567,46.187452,0
                20.495465,46.185902,0
                20.496759,46.185042,0
                20.497277,46.185362,0
                20.497589,46.185376,0
                20.497881,46.185173,0
                20.498013,46.184586,0
                20.497963,46.184288,0
                20.497634,46.184031,0
                20.494649,46.182557,0
                20.491934,46.180768,0
                20.493719,46.180171,0
                20.493758,46.179767,0
                20.4964,46.177917,0
                20.496448,46.177409,0
                20.494576,46.175512,0
                20.493298,46.173738,0
                20.494673,46.172044,0
                20.495345,46.171559,0
                20.4953,46.170802,0
                20.494393,46.170465,0
                20.493796,46.169765,0
                20.493367,46.169342,0
                20.476787,46.15637,0
                20.472865,46.152415,0
                20.4592,46.142834,0
                20.445446,46.141762,0
                20.426429,46.145165,0
                20.409624,46.151125,0
                20.404321,46.153697,0
                20.402718,46.155453,0
                20.397497,46.157356,0
                20.394256,46.152563,0
                20.386636,46.155303,0
                20.381108,46.157856,0
                20.37765,46.157755,0
                20.373942,46.155623,0
                20.37347,46.155276,0
                20.372646,46.154912,0
                20.370166,46.153605,0
                20.369476,46.152867,0
                20.369139,46.153071,0
                20.368488,46.152904,0
                20.366222,46.154995,0
                20.35566,46.169584,0
                20.312669,46.150179,0
                20.309207,46.156454,0
                20.299103,46.15191,0
                20.296898,46.152221,0
                20.283095,46.141694,0
                20.281617,46.140341,0
                20.275509,46.133594,0
                20.27436,46.133296,0
                20.273892,46.133628,0
                20.272896,46.132278,0
                20.271785,46.13277,0
                20.27139,46.132074,0
                20.270662,46.128368,0
                20.270158,46.127146,0
                20.268547,46.127154,0
                20.267351,46.126975,0
                20.264553,46.126382,0
                20.265525,46.125347,0
                20.262487,46.123557,0
                20.262109,46.122878,0
                20.261795,46.122062,0
                20.26185,46.120725,0
                20.263064,46.118946,0
                20.264171,46.118023,0
                20.266129,46.117371,0
                20.267759,46.116987,0
                20.269468,46.116737,0
                20.271356,46.117007,0
                20.273092,46.117233,0
                20.275452,46.117968,0
                20.279762,46.118093,0
                20.28109,46.117877,0
                20.281493,46.11666,0
                20.281226,46.116504,0
                20.280184,46.116493,0
                20.277213,46.115348,0
                20.276817,46.114878,0
                20.275084,46.113914,0
                20.274401,46.113473,0
                20.273126,46.113063,0
                20.271203,46.112754,0
                20.269869,46.112564,0
                20.268794,46.112496,0
                20.266597,46.112743,0
                20.265543,46.111983,0
                20.265321,46.111485,0
                20.264364,46.110922,0
                20.26454,46.109482,0
                20.265462,46.108276,0
                20.265695,46.107519,0
                20.266644,46.106555,0
                20.267647,46.105708,0
                20.267478,46.104988,0
                20.267662,46.104295,0
                20.268643,46.103939,0
                20.26992,46.102392,0
                20.2718,46.09994,0
                20.272008,46.099241,0
                20.272627,46.098753,0
                20.27573,46.097576,0
                20.279355,46.095889,0
                20.288904,46.092208,0
                20.292616,46.09046,0
                20.300941,46.087175,0
                20.30205,46.086592,0
                20.302778,46.086372,0
                20.302596,46.08512,0
                20.303345,46.082658,0
                20.305786,46.079441,0
                20.307391,46.077305,0
                20.307939,46.076404,0
                20.309071,46.076341,0
                20.310883,46.074149,0
                20.309582,46.072145,0
                20.327963,46.059193,0
                20.329909,46.058444,0
                20.335538,46.054613,0
                20.337137,46.053746,0
                20.33714,46.0532,0
                20.338117,46.052314,0
                20.341711,46.049731,0
                20.343386,46.048619,0
                20.344928,46.047989,0
                20.345319,46.047149,0
                20.340682,46.046771,0
                20.336492,46.040926,0
                20.356238,46.007707,0
                20.357593,46.005179,0
                20.357422,46.004946,0
                20.355835,46.004702,0
                20.355039,46.004647,0
                20.353134,46.004331,0
                20.35233,46.003445,0
                20.3523,46.002554,0
                20.352983,46.001154,0
                20.353073,46.000648,0
                20.352778,46.000306,0
                20.352557,45.99977,0
                20.351754,45.999483,0
                20.350823,45.999692,0
                20.348796,45.999816,0
                20.348316,45.99938,0
                20.353341,45.995351,0
                20.36165,45.990456,0
                20.375151,45.982344,0
                20.391051,45.972761,0
                20.404469,45.964685,0
                20.446657,45.969871,0
                20.483626,45.952926,0
                20.500669,45.913458,0
                20.502198,45.909741,0
                20.503226,45.908002,0
                20.505913,45.904754,0
                20.51195,45.896934,0
                20.51572,45.892124,0
                20.529793,45.895281,0
                20.549418,45.900032,0
                20.546259,45.905816,0
                20.568809,45.910194,0
                20.573272,45.898195,0
                20.575762,45.891804,0
                20.57819,45.884571,0
                20.575121,45.883645,0
                20.576939,45.879472,0
                20.575067,45.878765,0
                20.575952,45.877135,0
                20.577695,45.877651,0
                20.580948,45.869588,0
                20.594113,45.872045,0
                20.598562,45.861985,0
                20.611066,45.864089,0
                20.62138,45.85668,0
                20.63709,45.845382,0
                20.64468,45.840392,0
                20.649231,45.836657,0
                20.660124,45.829151,0
                20.657759,45.825417,0
                20.65056,45.811689,0
                20.654588,45.807556,0
                20.656969,45.808155,0
                20.662612,45.793999,0
                20.68117,45.797275,0
                20.683314,45.793664,0
                20.689518,45.780039,0
                20.691791,45.774446,0
                20.694357,45.766917,0
                20.69041,45.766219,0
                20.690748,45.764383,0
                20.692779,45.759785,0
                20.696833,45.760472,0
                20.700549,45.750076,0
                20.702385,45.750688,0
                20.704581,45.750742,0
                20.705545,45.75063,0
                20.7072,45.751029,0
                20.708691,45.750438,0
                20.709826,45.750219,0
                20.711252,45.750432,0
                20.711733,45.750317,0
                20.712564,45.749711,0
                20.71289,45.749377,0
                20.71338,45.749358,0
                20.71511,45.749681,0
                20.715856,45.749714,0
                20.716925,45.750128,0
                20.717268,45.750338,0
                20.71724,45.751321,0
                20.717436,45.751558,0
                20.718996,45.751568,0
                20.719793,45.751792,0
                20.71997,45.752145,0
                20.721293,45.752936,0
                20.722981,45.752737,0
                20.726392,45.753318,0
                20.728026,45.754154,0
                20.728982,45.754527,0
                20.73036,45.754344,0
                20.73219,45.754941,0
                20.732987,45.755416,0
                20.734022,45.755576,0
                20.73482,45.755435,0
                20.743042,45.755341,0
                20.773763,45.754373,0
                20.773808,45.756194,0
                20.784049,45.787196,0
                20.822122,45.775779,0
                20.816341,45.749206,0
                20.808294,45.748405,0
                20.802894,45.738047,0
                20.802377,45.725994,0
                20.801083,45.702113,0
                20.798649,45.702103,0
                20.802307,45.699833,0
                20.796382,45.68723,0
                20.803324,45.681997,0
                20.80069,45.671926,0
                20.80532,45.660109,0
                20.80664,45.65773,0
                20.788293,45.644664,0
                20.787803,45.642062,0
                20.778929,45.621598,0
                20.766047,45.612143,0
                20.771439,45.582695,0
                20.793787,45.587093,0
                20.7977,45.582859,0
                20.799152,45.583038,0
                20.813693,45.568262,0
                20.811445,45.565829,0
                20.824151,45.551526,0
                20.820628,45.549953,0
                20.822764,45.547237,0
                20.832985,45.535882,0
                20.827181,45.53374,0
                20.827167,45.533362,0
                20.808937,45.515624,0
                20.768683,45.499808,0
                20.772508,45.495015,0
                20.774226,45.49297,0
                20.776386,45.490183,0
                20.770438,45.487732,0
                20.770818,45.479504,0
                20.779948,45.479269,0
                20.833122,45.479685,0
                20.846696,45.47273,0
                20.84824,45.47244,0
                20.861846,45.466593,0
                20.867899,45.4639,0
                20.869555,45.462549,0
                20.87164,45.460569,0
                20.872115,45.458867,0
                20.873439,45.456473,0
                20.875001,45.45519,0
                20.878547,45.453869,0
                20.87918,45.452825,0
                20.879294,45.452028,0
                20.878727,45.449514,0
                20.87985,45.44751,0
                20.880766,45.44667,0
                20.880468,45.446349,0
                20.878169,45.445704,0
                20.876173,45.445949,0
                20.874661,45.446104,0
                20.873585,45.445632,0
                20.873316,45.444597,0
                20.874108,45.443585,0
                20.875369,45.440912,0
                20.87524,45.439525,0
                20.874744,45.438744,0
                20.869843,45.438001,0
                20.86858,45.437724,0
                20.866711,45.436955,0
                20.865883,45.436207,0
                20.866013,45.435265,0
                20.869051,45.433954,0
                20.869855,45.433272,0
                20.869389,45.432766,0
                20.866652,45.432299,0
                20.878454,45.424092,0
                20.892755,45.419215,0
                20.893588,45.418823,0
                20.89456,45.418546,0
                20.895853,45.41861,0
                20.90082,45.41668,0
                20.907978,45.417208,0
                20.911839,45.417079,0
                20.919772,45.417713,0
                20.923865,45.407301,0
                20.924995,45.406512,0
                20.926273,45.406574,0
                20.927484,45.406879,0
                20.930154,45.405507,0
                20.930066,45.403531,0
                20.931166,45.40261,0
                20.935269,45.392915,0
                20.929872,45.392761,0
                20.930825,45.386682,0
                20.941062,45.386327,0
                20.942446,45.386465,0
                20.943577,45.386485,0
                20.944568,45.386072,0
                20.945249,45.385577,0
                20.948011,45.385781,0
                20.948494,45.383802,0
                20.949258,45.383429,0
                20.950703,45.37312,0
                20.959946,45.367206,0
                20.960795,45.367172,0
                20.9699,45.363894,0
                20.981873,45.357496,0
                20.987345,45.350056,0
                20.988032,45.348888,0
                20.988995,45.348284,0
                20.990806,45.347082,0
                20.997041,45.342584,0
                20.998295,45.342004,0
                21.000819,45.341736,0
                21.009746,45.34164,0
                21.016422,45.324438,0
                21.030442,45.326284,0
                21.063668,45.331609,0
                21.061869,45.312371,0
                21.067187,45.312842,0
                21.08046,45.317533,0
                21.081359,45.317313,0
                21.082158,45.316345,0
                21.082529,45.314447,0
                21.096163,45.2961,0
                21.097523,45.296919,0
                21.112314,45.300956,0
                21.114037,45.300571,0
                21.115536,45.300797,0
                21.126525,45.304483,0
                21.128384,45.304724,0
                21.130356,45.30474,0
                21.144878,45.304889,0
                21.150187,45.309638,0
                21.154091,45.31234,0
                21.149655,45.316214,0
                21.153826,45.318858,0
                21.153817,45.319308,0
                21.161895,45.324563,0
                21.165585,45.322355,0
                21.166104,45.319808,0
                21.169141,45.32119,0
                21.173519,45.323668,0
                21.174649,45.324202,0
                21.176042,45.325106,0
                21.179008,45.322744,0
                21.180515,45.323444,0
                21.183354,45.320879,0
                21.179948,45.318918,0
                21.183314,45.316026,0
                21.180698,45.314464,0
                21.180476,45.313368,0
                21.180782,45.310016,0
                21.18293,45.306242,0
                21.184067,45.304933,0
                21.190135,45.294076,0
                21.190146,45.292212,0
                21.190541,45.29072,0
                21.190917,45.287522,0
                21.196975,45.281988,0
                21.206454,45.277285,0
                21.209001,45.275418,0
                21.202414,45.264832,0
                21.213145,45.254743,0
                21.218689,45.250352,0
                21.223038,45.252397,0
                21.22577,45.25187,0
                21.251595,45.243428,0
                21.254368,45.241076,0
                21.255581,45.240591,0
                21.258222,45.238963,0
                21.273884,45.230592,0
                21.276095,45.22989,0
                21.28135,45.23341,0
                21.281137,45.235129,0
                21.291317,45.243463,0
                21.299022,45.24145,0
                21.300124,45.240558,0
                21.305806,45.240026,0
                21.305764,45.239166,0
                21.31961,45.237443,0
                21.319841,45.240334,0
                21.325789,45.239466,0
                21.324974,45.236434,0
                21.331558,45.234929,0
                21.33822,45.234881,0
                21.338146,45.233883,0
                21.338592,45.233068,0
                21.340835,45.232304,0
                21.343547,45.231077,0
                21.346834,45.229408,0
                21.359518,45.221776,0
                21.368853,45.225749,0
                21.394777,45.218273,0
                21.3993,45.22415,0
                21.400328,45.2249,0
                21.402596,45.228392,0
                21.404185,45.228082,0
                21.407429,45.22585,0
                21.409815,45.224917,0
                21.409794,45.223872,0
                21.410179,45.220854,0
                21.410963,45.219859,0
                21.415317,45.219434,0
                21.417181,45.217709,0
                21.418156,45.217645,0
                21.418913,45.21725,0
                21.420486,45.217142,0
                21.423307,45.215046,0
                21.424215,45.214982,0
                21.428415,45.213587,0
                21.42993,45.212421,0
                21.434196,45.207726,0
                21.435377,45.20706,0
                21.435945,45.20601,0
                21.436557,45.20483,0
                21.43708,45.203343,0
                21.438321,45.202461,0
                21.439294,45.201747,0
                21.441004,45.201106,0
                21.443341,45.200721,0
                21.481151,45.192124,0
                21.482754,45.191477,0
                21.485107,45.187678,0
                21.486787,45.183052,0
                21.489208,45.178639,0
                21.490662,45.175389,0
                21.492356,45.172618,0
                21.493222,45.171979,0
                21.495331,45.171238,0
                21.49892,45.171669,0
                21.503453,45.170338,0
                21.507496,45.169458,0
                21.509612,45.169413,0
                21.513951,45.17059,0
                21.522309,45.159625,0
                21.523428,45.15784,0
                21.524994,45.153792,0
                21.527255,45.149117,0
                21.528079,45.146703,0
                21.527812,45.145118,0
                21.527416,45.141853,0
                21.526698,45.137799,0
                21.516402,45.133448,0
                21.510646,45.131327,0
                21.507204,45.130315,0
                21.501328,45.126379,0
                21.498659,45.124705,0
                21.495802,45.12458,0
                21.491241,45.125226,0
                21.489585,45.124988,0
                21.485692,45.124889,0
                21.484365,45.124523,0
                21.483796,45.123753,0
                21.482954,45.123312,0
                21.482218,45.122576,0
                21.481258,45.122396,0
                21.478889,45.122358,0
                21.477874,45.121186,0
                21.477956,45.118736,0
                21.477685,45.117886,0
                21.475021,45.114772,0
                21.475025,45.114736,0
                21.474675,45.113434,0
                21.473734,45.112445,0
                21.473208,45.111573,0
                21.471198,45.110235,0
                21.470436,45.108348,0
                21.470264,45.106508,0
                21.469882,45.104422,0
                21.470738,45.102584,0
                21.472796,45.10052,0
                21.475003,45.099234,0
                21.477651,45.09781,0
                21.480659,45.096002,0
                21.482752,45.092315,0
                21.479615,45.090849,0
                21.477574,45.08942,0
                21.476474,45.087956,0
                21.473663,45.085895,0
                21.472922,45.083368,0
                21.471144,45.082237,0
                21.469233,45.08094,0
                21.468789,45.080583,0
                21.467733,45.080111,0
                21.466932,45.080123,0
                21.466575,45.079632,0
                21.466789,45.078985,0
                21.466876,45.078615,0
                21.466906,45.078053,0
                21.466737,45.077656,0
                21.466223,45.07714,0
                21.465692,45.076698,0
                21.464468,45.076065,0
                21.464409,45.075412,0
                21.462987,45.073697,0
                21.462448,45.073294,0
                21.460968,45.072808,0
                21.459657,45.07163,0
                21.459338,45.070838,0
                21.458774,45.070317,0
                21.458506,45.068366,0
                21.457782,45.06654,0
                21.457268,45.064297,0
                21.456442,45.063969,0
                21.455644,45.063307,0
                21.452237,45.062428,0
                21.4517,45.061571,0
                21.451048,45.060962,0
                21.450142,45.059867,0
                21.447254,45.058081,0
                21.447078,45.056624,0
                21.446373,45.055141,0
                21.446454,45.053942,0
                21.447102,45.053041,0
                21.448457,45.052303,0
                21.449802,45.051827,0
                21.454645,45.043473,0
                21.456024,45.041114,0
                21.449973,45.039767,0
                21.430753,45.036126,0
                21.426087,45.035102,0
                21.42567,45.035277,0
                21.422737,45.033933,0
                21.422413,45.032649,0
                21.421638,45.032967,0
                21.420808,45.033734,0
                21.42028,45.034576,0
                21.419303,45.035515,0
                21.419392,45.036245,0
                21.41854,45.036669,0
                21.408588,45.036202,0
                21.40467,45.037533,0
                21.402935,45.035956,0
                21.401346,45.033947,0
                21.400296,45.033213,0
                21.399848,45.032215,0
                21.400432,45.030926,0
                21.399779,45.030544,0
                21.398914,45.031231,0
                21.398025,45.031574,0
                21.39677,45.03123,0
                21.396268,45.030451,0
                21.396535,45.030031,0
                21.39622,45.029165,0
                21.39505,45.029547,0
                21.39396,45.03024,0
                21.392777,45.02983,0
                21.393546,45.028266,0
                21.392002,45.027584,0
                21.39045,45.027168,0
                21.389238,45.027699,0
                21.389185,45.02879,0
                21.38694,45.028136,0
                21.381491,45.027464,0
                21.381566,45.026945,0
                21.382461,45.026563,0
                21.382214,45.026041,0
                21.380927,45.025845,0
                21.379815,45.026466,0
                21.379845,45.02764,0
                21.378874,45.027671,0
                21.378382,45.028139,0
                21.377626,45.028386,0
                21.376618,45.027694,0
                21.376297,45.027051,0
                21.375624,45.02761,0
                21.374527,45.028114,0
                21.373614,45.027887,0
                21.371735,45.026864,0
                21.371971,45.026097,0
                21.371425,45.025501,0
                21.369448,45.025794,0
                21.366326,45.025148,0
                21.364793,45.024301,0
                21.362727,45.022536,0
                21.361653,45.021035,0
                21.360057,45.021497,0
                21.359469,45.021088,0
                21.375397,45.006066,0
                21.377195,45.008102,0
                21.3835,45.003775,0
                21.381083,45.001858,0
                21.385957,45.000238,0
                21.385,44.999138,0
                21.40479,44.991417,0
                21.404069,44.989372,0
                21.413527,44.985686,0
                21.406282,44.977877,0
                21.410966,44.97456,0
                21.43817,44.960108,0
                21.445101,44.961851,0
                21.467225,44.958754,0
                21.471688,44.956718,0
                21.473644,44.955614,0
                21.49034,44.948715,0
                21.493022,44.948298,0
                21.501942,44.945366,0
                21.50594,44.943993,0
                21.518931,44.93774,0
                21.520569,44.938566,0
                21.521749,44.938894,0
                21.525802,44.938897,0
                21.52762,44.938768,0
                21.534697,44.936386,0
                21.546717,44.930618,0
                21.546392,44.928496,0
                21.551814,44.924652,0
                21.552772,44.923642,0
                21.552764,44.922478,0
                21.552369,44.921757,0
                21.550966,44.921033,0
                21.550657,44.919797,0
                21.550093,44.919387,0
                21.550302,44.918811,0
                21.550047,44.917957,0
                21.550453,44.917373,0
                21.550297,44.916687,0
                21.551912,44.915147,0
                21.553247,44.913626,0
                21.554564,44.911678,0
                21.55648,44.909257,0
                21.557612,44.908344,0
                21.557733,44.907647,0
                21.558497,44.906277,0
                21.558218,44.905234,0
                21.557586,44.904974,0
                21.557084,44.904394,0
                21.557207,44.903695,0
                21.557832,44.902904,0
                21.558165,44.901779,0
                21.55974,44.888833,0
                21.537011,44.883754,0
                21.531629,44.882097,0
                21.520888,44.881842,0
                21.509832,44.880039,0
                21.509075,44.879064,0
                21.506576,44.877175,0
                21.506006,44.876526,0
                21.505049,44.875817,0
                21.504016,44.875229,0
                21.502287,44.87449,0
                21.49923,44.872571,0
                21.495173,44.872688,0
                21.494624,44.872545,0
                21.493773,44.872102,0
                21.490987,44.872176,0
                21.488693,44.872423,0
                21.484475,44.870962,0
                21.483371,44.870032,0
                21.481391,44.869639,0
                21.477972,44.870126,0
                21.476579,44.870596,0
                21.475708,44.870678,0
                21.47378,44.870293,0
                21.46983,44.87087,0
                21.468936,44.870608,0
                21.465205,44.87105,0
                21.463635,44.870931,0
                21.461262,44.869095,0
                21.460274,44.868938,0
                21.459382,44.86932,0
                21.458715,44.871617,0
                21.457338,44.872241,0
                21.455509,44.872309,0
                21.454332,44.872768,0
                21.453487,44.873607,0
                21.451856,44.874616,0
                21.449708,44.874464,0
                21.447688,44.873346,0
                21.446759,44.873006,0
                21.445286,44.87358,0
                21.443695,44.87399,0
                21.442851,44.873508,0
                21.442855,44.871959,0
                21.441875,44.870929,0
                21.439979,44.870393,0
                21.438722,44.869447,0
                21.437207,44.868883,0
                21.435155,44.869197,0
                21.432959,44.869871,0
                21.432084,44.870179,0
                21.42981,44.869712,0
                21.426505,44.87146,0
                21.423013,44.872389,0
                21.421122,44.872043,0
                21.418358,44.870721,0
                21.416176,44.87049,0
                21.414236,44.87078,0
                21.41341,44.870224,0
                21.41247,44.869919,0
                21.412052,44.869571,0
                21.410552,44.869159,0
                21.409265,44.868963,0
                21.407897,44.868978,0
                21.407272,44.869127,0
                21.406258,44.868819,0
                21.406237,44.86813,0
                21.405956,44.8673,0
                21.405441,44.86701,0
                21.40428,44.867169,0
                21.402643,44.867308,0
                21.401829,44.867359,0
                21.399887,44.867826,0
                21.399159,44.867963,0
                21.398298,44.867783,0
                21.397638,44.867191,0
                21.39607,44.86726,0
                21.394518,44.867732,0
                21.392714,44.868323,0
                21.391363,44.869025,0
                21.389886,44.869372,0
                21.387561,44.869275,0
                21.38736,44.868154,0
                21.38672,44.866597,0
                21.385064,44.866166,0
                21.38345,44.865818,0
                21.379363,44.866788,0
                21.378038,44.86738,0
                21.373989,44.867107,0
                21.373164,44.866778,0
                21.371103,44.865804,0
                21.36929,44.867095,0
                21.367645,44.867043,0
                21.366974,44.866506,0
                21.36507,44.863808,0
                21.365379,44.86343,0
                21.364151,44.862746,0
                21.363719,44.860395,0
                21.363233,44.859123,0
                21.361738,44.857158,0
                21.360552,44.856329,0
                21.360157,44.855334,0
                21.360683,44.853203,0
                21.360302,44.851718,0
                21.357685,44.851248,0
                21.356573,44.849898,0
                21.358195,44.848966,0
                21.358714,44.848157,0
                21.358066,44.847318,0
                21.356998,44.846882,0
                21.356865,44.846335,0
                21.357223,44.845964,0
                21.357617,44.843927,0
                21.358485,44.843656,0
                21.360548,44.843306,0
                21.360914,44.842252,0
                21.360639,44.841207,0
                21.36006,44.840301,0
                21.358928,44.840123,0
                21.356858,44.840928,0
                21.354998,44.841532,0
                21.353258,44.84143,0
                21.352234,44.84081,0
                21.352399,44.839921,0
                21.352506,44.838834,0
                21.354665,44.837014,0
                21.355334,44.836035,0
                21.355943,44.835734,0
                21.358,44.836937,0
                21.35904,44.836614,0
                21.359008,44.835594,0
                21.357867,44.834582,0
                21.357546,44.833935,0
                21.355461,44.833069,0
                21.354739,44.832523,0
                21.355196,44.831972,0
                21.357425,44.831603,0
                21.359702,44.831921,0
                21.361797,44.831878,0
                21.362308,44.831107,0
                21.362877,44.82966,0
                21.362248,44.828745,0
                21.361362,44.828217,0
                21.359913,44.828454,0
                21.359111,44.828886,0
                21.357368,44.828138,0
                21.355666,44.827662,0
                21.354982,44.826742,0
                21.355999,44.824053,0
                21.357199,44.822873,0
                21.357631,44.822205,0
                21.357931,44.821635,0
                21.359074,44.820903,0
                21.366278,44.819023,0
                21.372453,44.81649,0
                21.378917,44.813275,0
                21.380423,44.811715,0
                21.381611,44.809926,0
                21.381925,44.808864,0
                21.385746,44.802126,0
                21.385539,44.801227,0
                21.386419,44.798945,0
                21.387519,44.793805,0
                21.388065,44.792886,0
                21.388073,44.79107,0
                21.388258,44.789879,0
                21.388418,44.78857,0
                21.38975,44.785319,0
                21.391133,44.78382,0
                21.391657,44.782556,0
                21.394853,44.779445,0
                21.397186,44.778215,0
                21.401525,44.777308,0
                21.406507,44.776176,0
                21.408394,44.775931,0
                21.414729,44.774511,0
                21.416171,44.774081,0
                21.43417,44.7746,0
                21.438839,44.775023,0
                21.442182,44.774903,0
                21.449373,44.775446,0
                21.452582,44.775878,0
                21.455493,44.775781,0
                21.469513,44.775946,0
                21.477995,44.775313,0
                21.487139,44.774613,0
                21.489912,44.774422,0
                21.496708,44.773737,0
                21.499319,44.773662,0
                21.503045,44.773284,0
                21.505721,44.77346,0
                21.514119,44.773653,0
                21.518467,44.773577,0
                21.521204,44.773533,0
                21.524442,44.773625,0
                21.534435,44.772766,0
                21.539845,44.771833,0
                21.551833,44.76996,0
                21.558475,44.768577,0
                21.565203,44.772372,0
                21.572353,44.776293,0
                21.579449,44.780269,0
                21.585918,44.783899,0
                21.60042,44.791997,0
                21.60759,44.796003,0
                21.627168,44.80815,0
                21.649156,44.821835,0
                21.663925,44.833261,0
                21.673262,44.840659,0
                21.685094,44.85198,0
                21.69477,44.86183,0
                21.704562,44.872414,0
                21.711048,44.879362,0
                21.716303,44.885349,0
                21.720979,44.890731,0
                21.726824,44.897525,0
                21.731411,44.904587,0
                21.735979,44.911456,0
                21.740935,44.919089,0
                21.74625,44.92708,0
                21.752449,44.936472,0
                21.756121,44.942666,0
                21.760101,44.949386,0
                21.764353,44.956118,0
                21.766846,44.960326,0
                21.769357,44.964758,0
                21.772338,44.969594,0
                21.775032,44.973877,0
                21.778823,44.980383,0
                21.782755,44.98671,0
                21.787028,44.993933,0
                21.792746,45.003804,0
                21.798719,45.013954,0
                21.80363,45.022465,0
                21.80896,45.031703,0
                21.815201,45.04222,0
                21.821906,45.053615,0
                21.826947,45.06218,0
                21.835061,45.076249,0
                21.841856,45.087739,0
                21.846753,45.095954,0
                21.851268,45.103435,0
                21.853932,45.108114,0
                21.858395,45.114214,0
                21.863453,45.121122,0
                21.8687,45.128533,0
                21.875534,45.13529,0
                21.882991,45.142778,0
                21.889146,45.149066,0
                21.897827,45.157711,0
                21.904283,45.164167,0
                21.911078,45.170756,0
                21.917839,45.177702,0
                21.925435,45.18484,0
                21.942823,45.200527,0
                21.952501,45.206441,0
                21.963163,45.213064,0
                21.972894,45.219024,0
                21.98759,45.227976,0
                21.999048,45.234812,0
                22.015046,45.243509,0
                22.032435,45.252606,0
                22.044488,45.257234,0
                22.058663,45.262682,0
                22.072197,45.267732,0
                22.085024,45.272744,0
                22.098683,45.278102,0
                22.114381,45.28446,0
                22.141609,45.295732,0
                22.155999,45.301529,0
                22.175825,45.309431,0
                22.189147,45.314643,0
                22.210823,45.323123,0
                22.233013,45.332847,0
                22.253549,45.34224,0
                22.271694,45.350239,0
                22.284772,45.356389,0
                22.298865,45.362759,0
                22.310735,45.369334,0
                22.323768,45.376568,0
                22.334487,45.382751,0
                22.352753,45.392969,0
                22.365758,45.40018,0
                22.379017,45.407741,0
                22.399192,45.419157,0
                22.413879,45.427565,0
                22.426738,45.43474,0
                22.444645,45.444706,0
                22.458223,45.452015,0
                22.475568,45.461265,0
                22.492159,45.469991,0
                22.512757,45.481014,0
                22.536048,45.493076,0
                22.557061,45.503681,0
                22.575793,45.513317,0
                22.592449,45.521726,0
                22.608133,45.529909,0
                22.617874,45.534923,0
                22.629262,45.53991,0
                22.648066,45.548222,0
                22.66165,45.554309,0
                22.679097,45.562204,0
                22.697832,45.570593,0
                22.713703,45.577303,0
                22.734574,45.586452,0
                22.758251,45.596744,0
                22.785645,45.607857,0
                22.808782,45.61472,0
                22.822191,45.618793,0
                22.8479,45.62635,0
                22.869495,45.632957,0
                22.894011,45.640366,0
                22.911461,45.645678,0
                22.926557,45.650182,0
                22.942464,45.654904,0
                22.961616,45.660813,0
                22.98354,45.667302,0
                23.01319,45.676059,0
                23.042705,45.684726,0
                23.058135,45.68933,0
                23.070214,45.692384,0
                23.096206,45.699318,0
                23.119335,45.705462,0
                23.144737,45.712091,0
                23.15864,45.715739,0
                23.180662,45.719846,0
                23.202574,45.723698,0
                23.212827,45.725498,0
                23.222725,45.727375,0
                23.234996,45.729509,0
                23.2481,45.731906,0
                23.2626,45.734415,0
                23.28229,45.738053,0
                23.291093,45.7396,0
                23.314052,45.742923,0
                23.336187,45.745932,0
                23.358435,45.749079,0
                23.377898,45.749884,0
                23.388954,45.750258,0
                23.401379,45.750809,0
                23.412994,45.751359,0
                23.431945,45.751997,0
                23.450265,45.752578,0
                23.466839,45.753018,0
                23.470843,45.752958,0
                23.475995,45.753127,0
                23.484462,45.753324,0
                23.500069,45.753644,0
                23.516918,45.754175,0
                23.520244,45.754215,0
                23.528375,45.753889,0
                23.538667,45.753576,0
                23.552371,45.753069,0
                23.570502,45.752466,0
                23.586554,45.751853,0
                23.601808,45.751285,0
                23.620627,45.750672,0
                23.63806,45.75015,0
                23.67076,45.749071,0
                23.683242,45.748808,0
                23.717996,45.745429,0
                23.728126,45.744461,0
                23.745091,45.741499,0
                23.778708,45.735633,0
                23.8088,45.730369,0
                23.843343,45.724359,0
                23.88027,45.717645,0
                23.917633,45.710401,0
                23.935317,45.706964,0
                23.954788,45.703149,0
                23.974133,45.699479,0
                24.001779,45.694104,0
                24.029684,45.688848,0
                24.061518,45.682711,0
                24.082176,45.678745,0
                24.103197,45.675007,0
                24.133163,45.669694,0
                24.159437,45.665005,0
                24.17847,45.66183,0
                24.204118,45.657217,0
                24.230774,45.654079,0
                24.264606,45.650036,0
                24.32983,45.642779,0
                24.35079,45.642194,0
                24.378274,45.641323,0
                24.426665,45.642948,0
                24.470573,45.647392,0
                24.52292,45.655206,0
                24.546141,45.658624,0
                24.58525,45.666466,0
                24.622971,45.67396,0
                24.645956,45.677251,0
                24.659188,45.679071,0
                24.690103,45.682651,0
                24.723721,45.681555,0
                24.735061,45.681242,0
                24.754278,45.680987,0
                24.773758,45.680542,0
                24.788292,45.680343,0
                24.808108,45.680121,0
                24.828873,45.679019,0
                24.858091,45.677509,0
                24.88372,45.676023,0
                24.910689,45.674677,0
                24.918073,45.674248,0
                24.924636,45.673887,0
                24.932838,45.673467,0
                24.943034,45.673216,0
                24.952923,45.67298,0
                24.965662,45.672826,0
                24.973985,45.672667,0
                24.987845,45.672373,0
                24.998035,45.6715,0
                25.008033,45.670642,0
                25.024556,45.669125,0
                25.044384,45.66749,0
                25.054592,45.66669,0
                25.068076,45.665594,0
                25.077877,45.664898,0
                25.086242,45.664299,0
                25.095616,45.6638,0
                25.104601,45.663406,0
                25.116018,45.662879,0
                25.121866,45.662568,0
                25.130857,45.662086,0
                25.140931,45.66171,0
                25.150575,45.661133,0
                25.161716,45.660659,0
                25.194482,45.659823,0
                25.218219,45.65918,0
                25.241309,45.658733,0
                25.273819,45.657933,0
                25.290249,45.657515,0
                25.306365,45.657492,0
                25.337156,45.657505,0
                25.365337,45.657513,0
                25.38594,45.657446,0
                25.39553,45.65824,0
                25.416261,45.659882,0
                25.442148,45.663748,0
                25.479639,45.673804,0
                25.494186,45.677949,0
                25.514983,45.6845,0
                25.536212,45.69342,0
                25.543291,45.6964,0
                25.557641,45.703304,0
                25.566532,45.707604,0
                25.589842,45.720383,0
                25.621361,45.737899,0
                25.642568,45.757551,0
                25.655492,45.775271,0
                25.674873,45.807874,0
                25.686861,45.834673,0
                25.692861,45.848601,0
                25.695491,45.855215,0
                25.698827,45.863755,0
                25.702373,45.872815,0
                25.706444,45.887961,0
                25.708822,45.896801,0
                25.711484,45.90763,0
                25.713526,45.915232,0
                25.714553,45.920003,0
                25.716892,45.931749,0
                25.718663,45.940419,0
                25.719469,45.947369,0
                25.720056,45.956645,0
                25.720978,45.96656,0
                25.721656,45.977946,0
                25.722066,45.985256,0
                25.721625,45.999381,0
                25.720905,46.015081,0
                25.718825,46.034618,0
                25.712237,46.055566,0
                25.707038,46.073821,0
                25.691845,46.097651,0
                25.679419,46.115803,0
                25.662006,46.141498,0
                25.633241,46.183768,0
                25.610375,46.215165,0
                25.595509,46.234282,0
                25.583974,46.248815,0
                25.566963,46.269738,0
                25.549816,46.290686,0
                25.538813,46.303646,0
                25.524425,46.320213,0
                25.511518,46.334033,0
                25.500716,46.345525,0
                25.488594,46.358715,0
                25.47324,46.376154,0
                25.468161,46.381766,0
                25.460737,46.392156,0
                25.454294,46.401314,0
                25.443816,46.416126,0
                25.433402,46.430935,0
                25.430216,46.435601,0
                25.422479,46.446421,0
                25.420589,46.44933,0
                25.417498,46.45382,0
                25.413627,46.459299,0
                25.40753,46.46866,0
                25.400928,46.477862,0
                25.393568,46.488563,0
                25.385946,46.499451,0
                25.376641,46.512913,0
                25.367235,46.527316,0
                25.357162,46.542608,0
                25.347509,46.557576,0
                25.338147,46.572234,0
                25.327907,46.588231,0
                25.31876,46.602043,0
                25.309072,46.615002,0
                25.299198,46.627754,0
                25.291235,46.638087,0
                25.279718,46.652811,0
                25.271278,46.663657,0
                25.266744,46.669162,0
                25.258092,46.68028,0
                25.247406,46.694284,0
                25.241901,46.701547,0
                25.234641,46.711262,0
                25.226049,46.722183,0
                25.216429,46.734418,0
                25.206368,46.746747,0
                25.195671,46.759874,0
                25.189317,46.767321,0
                25.180105,46.776989,0
                25.175034,46.782545,0
                25.167019,46.79113,0
                25.159556,46.799287,0
                25.150488,46.809189,0
                25.142109,46.817976,0
                25.131882,46.827811,0
                25.122614,46.836711,0
                25.111737,46.846936,0
                25.100758,46.857136,0
                25.087754,46.870453,0
                25.074793,46.883806,0
                25.061611,46.897335,0
                25.048696,46.910541,0
                25.037482,46.921552,0
                25.0281,46.930487,0
                25.015032,46.943071,0
                25.004003,46.953525,0
                24.987435,46.968916,0
                24.978508,46.977434,0
                24.968255,46.986696,0
                24.957953,46.997899,0
                24.949194,47.007482,0
                24.938387,47.019095,0
                24.92806,47.030671,0
                24.91772,47.042395,0
                24.908962,47.052393,0
                24.896643,47.066252,0
                24.883764,47.081084,0
                24.872678,47.094023,0
                24.863923,47.104445,0
                24.849822,47.120688,0
                24.837774,47.1348,0
                24.826706,47.147448,0
                24.818336,47.157621,0
                24.811624,47.165531,0
                24.799703,47.179366,0
                24.788477,47.191918,0
                24.77766,47.203694,0
                24.766066,47.216532,0
                24.758584,47.224701,0
                24.755001,47.228086,0
                24.74385,47.239117,0
                24.732785,47.249651,0
                24.719148,47.2631,0
                24.705321,47.27489,0
                24.688095,47.289718,0
                24.669413,47.305001,0
                24.654873,47.31647,0
                24.641818,47.326906,0
                24.627417,47.338228,0
                24.612702,47.349622,0
                24.600761,47.357764,0
                24.591405,47.364126,0
                24.581804,47.369866,0
                24.565701,47.374581,0
                24.54593,47.379317,0
                24.519706,47.385594,0
                24.494674,47.390222,0
                24.468191,47.395008,0
                24.444806,47.399218,0
                24.423941,47.402922,0
                24.398162,47.407329,0
                24.377831,47.410599,0
                24.352746,47.414162,0
                24.3415,47.415158,0
                24.317843,47.41691,0
                24.3115,47.417409,0
                24.293407,47.419318,0
                24.278562,47.420847,0
                24.256357,47.422658,0
                24.237791,47.424079,0
                24.226884,47.425093,0
                24.219418,47.425778,0
                24.209623,47.426714,0
                24.204571,47.426954,0
                24.193844,47.426953,0
                24.183877,47.426301,0
                24.173567,47.425647,0
                24.169644,47.425293,0
                24.145766,47.421782,0
                24.128753,47.419413,0
                24.107459,47.416792,0
                24.08261,47.413361,0
                24.052457,47.409209,0
                24.033665,47.406855,0
                24.028925,47.406274,0
                24.012117,47.405403,0
                24.006037,47.405173,0
                23.986198,47.405458,0
                23.946336,47.406692,0
                23.924935,47.408089,0
                23.889011,47.410538,0
                23.869349,47.411817,0
                23.828498,47.417152,0
                23.818538,47.418425,0
                23.799722,47.421899,0
                23.768835,47.427484,0
                23.761935,47.428804,0
                23.738416,47.434146,0
                23.711309,47.440199,0
                23.687502,47.446149,0
                23.655925,47.453147,0
                23.619123,47.461508,0
                23.594359,47.469541,0
                23.577855,47.479158,0
                23.567602,47.485324,0
                23.550067,47.496904,0
                23.54033,47.503378,0
                23.529074,47.511673,0
                23.509678,47.52579,0
                23.488236,47.541537,0
                23.478469,47.549861,0
                23.464149,47.562758,0
                23.452947,47.573425,0
                23.443132,47.583146,0
                23.431448,47.594653,0
                23.421074,47.604943,0
                23.40974,47.618266,0
                23.399022,47.630915,0
                23.394336,47.636322,0
                23.385264,47.649212,0
                23.37389,47.665307,0
                23.366556,47.67584,0
                23.355554,47.691754,0
                23.342591,47.710588,0
                23.332417,47.72639,0
                23.322229,47.742703,0
                23.319335,47.747405,0
                23.313845,47.757542,0
                23.307271,47.770403,0
                23.301419,47.781987,0
                23.293542,47.794165,0
                23.286408,47.805156,0
                23.280533,47.81469,0
                23.2688,47.834921,0
                23.260176,47.849552,0
                23.250596,47.866142,0
                23.24118,47.882682,0
                23.235323,47.897934,0
                23.231899,47.906705,0
                23.228256,47.91864,0
                23.223912,47.932794,0
                23.218643,47.949587,0
                23.212381,47.968581,0
                23.207292,47.983431,0
                23.201366,48.00017,0
                23.197704,48.010963,0
                23.194527,48.020593,0
                23.189879,48.035588,0
                23.18651,48.046784,0
                23.182115,48.060582,0
                23.180221,48.066765,0
                23.176057,48.077576,0
                23.174031,48.082924,0
                23.170935,48.091137,0
                23.167073,48.101635,0
                23.16462,48.10887,0
                23.162209,48.115085,0
                23.157909,48.115188,0
              </coordinates>
            </LinearRing>
          </outerBoundaryIs>
        </Polygon>
      </Placemark>
      <Placemark>
        <name>CR 1-1-3/2012</name>
        <description>sk = 2,0 kN/m2</description>
        <styleUrl>#poly-00FF00-1000-76</styleUrl>
        <Polygon>
          <outerBoundaryIs>
            <LinearRing>
              <tessellate>1</tessellate>
              <coordinates>
                26.595459,47.021808,0
                26.593205,47.026005,0
                26.591378,47.029871,0
                26.5899,47.032329,0
                26.589393,47.033146,0
                26.587169,47.03641,0
                26.582702,47.044517,0
                26.58181,47.046469,0
                26.579443,47.051261,0
                26.575601,47.0593,0
                26.572728,47.064948,0
                26.569183,47.071715,0
                26.567394,47.074204,0
                26.564202,47.078483,0
                26.561394,47.081929,0
                26.55658,47.087461,0
                26.554495,47.089721,0
                26.551061,47.094106,0
                26.549379,47.097212,0
                26.548677,47.098368,0
                26.546818,47.101179,0
                26.54509,47.104564,0
                26.54288,47.108695,0
                26.542126,47.11028,0
                26.539924,47.11488,0
                26.537803,47.119349,0
                26.535712,47.123537,0
                26.534325,47.126022,0
                26.53283,47.128753,0
                26.531061,47.131877,0
                26.529525,47.134497,0
                26.528233,47.136692,0
                26.527221,47.138841,0
                26.524735,47.143845,0
                26.523423,47.147063,0
                26.52083,47.152899,0
                26.519547,47.155354,0
                26.51695,47.160181,0
                26.515073,47.16357,0
                26.511741,47.169468,0
                26.506499,47.178656,0
                26.50378,47.18344,0
                26.502873,47.184685,0
                26.497396,47.192762,0
                26.495913,47.195588,0
                26.493306,47.199983,0
                26.490054,47.205512,0
                26.487914,47.209358,0
                26.48616,47.212472,0
                26.483233,47.217756,0
                26.479256,47.223657,0
                26.476239,47.228308,0
                26.473617,47.232367,0
                26.471026,47.236134,0
                26.468767,47.239469,0
                26.46632,47.243201,0
                26.464288,47.246498,0
                26.459913,47.253555,0
                26.457421,47.257539,0
                26.453966,47.262535,0
                26.44993,47.26856,0
                26.446449,47.274403,0
                26.442731,47.281156,0
                26.439256,47.285449,0
                26.435348,47.290356,0
                26.430569,47.295859,0
                26.427647,47.299157,0
                26.42453,47.303137,0
                26.418987,47.3094,0
                26.414918,47.31527,0
                26.4124,47.318242,0
                26.408346,47.323959,0
                26.406745,47.326808,0
                26.403041,47.332996,0
                26.402351,47.334,0
                26.400275,47.33687,0
                26.398689,47.339308,0
                26.395958,47.34362,0
                26.393532,47.347776,0
                26.391547,47.350686,0
                26.386024,47.358248,0
                26.380592,47.364368,0
                26.376044,47.370395,0
                26.372675,47.374747,0
                26.371351,47.376414,0
                26.36999,47.378805,0
                26.368962,47.380206,0
                26.36495,47.385601,0
                26.364204,47.38651,0
                26.357264,47.394649,0
                26.355569,47.396019,0
                26.353192,47.397968,0
                26.351998,47.399225,0
                26.348371,47.402914,0
                26.344521,47.407384,0
                26.341959,47.410354,0
                26.340193,47.412505,0
                26.338299,47.414488,0
                26.334667,47.418248,0
                26.332478,47.420735,0
                26.329739,47.4237,0
                26.327092,47.426505,0
                26.325934,47.427543,0
                26.324155,47.429196,0
                26.322269,47.430978,0
                26.320002,47.433124,0
                26.316987,47.435652,0
                26.313084,47.43896,0
                26.30953,47.441764,0
                26.306716,47.444115,0
                26.303288,47.446895,0
                26.301794,47.44807,0
                26.299613,47.449658,0
                26.294369,47.453694,0
                26.288876,47.45811,0
                26.286644,47.459806,0
                26.284812,47.461249,0
                26.281523,47.463732,0
                26.278461,47.466412,0
                26.275121,47.469359,0
                26.271566,47.47277,0
                26.268866,47.475348,0
                26.265918,47.478161,0
                26.26422,47.479847,0
                26.259475,47.484245,0
                26.256536,47.486962,0
                26.250616,47.492144,0
                26.248271,47.494539,0
                26.245224,47.497584,0
                26.242143,47.500521,0
                26.240029,47.502903,0
                26.236773,47.506419,0
                26.233877,47.509697,0
                26.231776,47.512274,0
                26.229248,47.515555,0
                26.227106,47.518305,0
                26.225433,47.52037,0
                26.223328,47.522708,0
                26.221421,47.524857,0
                26.219658,47.526806,0
                26.216743,47.529929,0
                26.214852,47.531905,0
                26.212519,47.534332,0
                26.210418,47.536608,0
                26.207891,47.539158,0
                26.206023,47.541144,0
                26.203727,47.543383,0
                26.201861,47.545329,0
                26.199884,47.547277,0
                26.198375,47.548657,0
                26.195747,47.551041,0
                26.193196,47.55349,0
                26.190526,47.555857,0
                26.187661,47.558513,0
                26.18457,47.561343,0
                26.181606,47.564065,0
                26.179617,47.565859,0
                26.177547,47.567773,0
                26.175229,47.569931,0
                26.172833,47.572099,0
                26.171117,47.57368,0
                26.169901,47.574814,0
                26.168657,47.576182,0
                26.166842,47.578045,0
                26.165137,47.579593,0
                26.163845,47.580976,0
                26.163176,47.581698,0
                26.161443,47.583634,0
                26.160243,47.584966,0
                26.159033,47.586483,0
                26.1574,47.588412,0
                26.15618,47.589623,0
                26.153691,47.591984,0
                26.150583,47.594871,0
                26.147622,47.597593,0
                26.144677,47.600301,0
                26.141544,47.602793,0
                26.13875,47.605157,0
                26.13332,47.609638,0
                26.129632,47.612834,0
                26.123731,47.617734,0
                26.119765,47.621139,0
                26.114266,47.625729,0
                26.110571,47.628783,0
                26.106304,47.632384,0
                26.102318,47.635711,0
                26.098172,47.639195,0
                26.09421,47.642526,0
                26.089758,47.646251,0
                26.085118,47.650121,0
                26.08191,47.652878,0
                26.078252,47.655942,0
                26.073793,47.659638,0
                26.068059,47.664413,0
                26.06352,47.668213,0
                26.05836,47.672491,0
                26.053968,47.676188,0
                26.0495,47.679966,0
                26.044247,47.684322,0
                26.040171,47.687791,0
                26.035601,47.691592,0
                26.030903,47.695545,0
                26.025618,47.699923,0
                26.019848,47.704707,0
                26.014616,47.709069,0
                26.012397,47.710965,0
                26.009093,47.71373,0
                26.005875,47.716357,0
                26.002757,47.718966,0
                25.999923,47.721293,0
                25.99752,47.723416,0
                25.994304,47.726059,0
                25.990451,47.72921,0
                25.988066,47.731228,0
                25.985736,47.733217,0
                25.983278,47.735278,0
                25.980568,47.737469,0
                25.97792,47.739757,0
                25.975727,47.741585,0
                25.973776,47.743217,0
                25.971495,47.745039,0
                25.969079,47.747089,0
                25.96662,47.749139,0
                25.964014,47.751317,0
                25.961517,47.753375,0
                25.959216,47.755296,0
                25.956636,47.757418,0
                25.954655,47.759096,0
                25.952921,47.760528,0
                25.951,47.762157,0
                25.949,47.763805,0
                25.946985,47.765493,0
                25.94535,47.766896,0
                25.943449,47.768392,0
                25.942207,47.769459,0
                25.940366,47.770978,0
                25.938593,47.772416,0
                25.936455,47.774155,0
                25.933973,47.776105,0
                25.931564,47.77797,0
                25.929331,47.779702,0
                25.927531,47.781124,0
                25.925507,47.782722,0
                25.92354,47.784413,0
                25.921294,47.786339,0
                25.918641,47.788343,0
                25.916288,47.790275,0
                25.914285,47.791843,0
                25.912575,47.793142,0
                25.910905,47.79455,0
                25.909004,47.796232,0
                25.906669,47.798148,0
                25.903845,47.800728,0
                25.902042,47.802449,0
                25.900831,47.803458,0
                25.89824,47.805526,0
                25.895331,47.807551,0
                25.892064,47.80989,0
                25.889588,47.811826,0
                25.88688,47.813951,0
                25.884086,47.815862,0
                25.881171,47.81789,0
                25.876868,47.820833,0
                25.873505,47.823113,0
                25.87054,47.825236,0
                25.867942,47.826995,0
                25.865337,47.828567,0
                25.861942,47.830446,0
                25.858706,47.832194,0
                25.856458,47.833475,0
                25.854188,47.83487,0
                25.851829,47.836304,0
                25.848188,47.838122,0
                25.846252,47.839147,0
                25.844176,47.840353,0
                25.842314,47.841328,0
                25.839622,47.842917,0
                25.837068,47.844288,0
                25.832329,47.846672,0
                25.829611,47.847935,0
                25.824897,47.850068,0
                25.820485,47.852061,0
                25.816471,47.853986,0
                25.812755,47.855754,0
                25.810568,47.856725,0
                25.806469,47.858483,0
                25.803326,47.859817,0
                25.800629,47.860982,0
                25.795374,47.863217,0
                25.791146,47.86509,0
                25.787677,47.866662,0
                25.784794,47.867912,0
                25.782485,47.869012,0
                25.779064,47.8707,0
                25.776324,47.871961,0
                25.774084,47.873018,0
                25.771638,47.874222,0
                25.769142,47.875477,0
                25.766547,47.876808,0
                25.764216,47.878081,0
                25.762537,47.87924,0
                25.761531,47.879901,0
                25.759298,47.88138,0
                25.757468,47.882678,0
                25.755516,47.883774,0
                25.752853,47.885276,0
                25.750849,47.88642,0
                25.748856,47.887549,0
                25.747481,47.888429,0
                25.745558,47.88963,0
                25.743444,47.890899,0
                25.742177,47.89171,0
                25.739657,47.893324,0
                25.736963,47.895056,0
                25.735422,47.896046,0
                25.733215,47.897383,0
                25.731225,47.898589,0
                25.728749,47.900064,0
                25.726864,47.90127,0
                25.724092,47.902999,0
                25.720424,47.905234,0
                25.718943,47.906103,0
                25.715975,47.907975,0
                25.712901,47.910178,0
                25.711197,47.911262,0
                25.710179,47.912,0
                25.708943,47.912897,0
                25.708081,47.913542,0
                25.705852,47.915431,0
                25.703512,47.917326,0
                25.701161,47.919221,0
                25.698466,47.921356,0
                25.6966,47.922842,0
                25.695173,47.92407,0
                25.693337,47.925652,0
                25.690716,47.927808,0
                25.688458,47.929637,0
                25.686081,47.931416,0
                25.683646,47.933136,0
                25.682294,47.934019,0
                25.679964,47.935582,0
                25.678019,47.936797,0
                25.675417,47.938546,0
                25.673558,47.939754,0
                25.670869,47.941522,0
                25.669498,47.94245,0
                25.667874,47.943499,0
                25.66539,47.945235,0
                25.66346,47.946661,0
                25.661458,47.948095,0
                25.660928,47.948469,0
                25.660319,47.948298,0
                25.660029,47.948285,0
                25.659753,47.948369,0
                25.659401,47.948544,0
                25.659009,47.948685,0
                25.658515,47.948737,0
                25.657817,47.948496,0
                25.656971,47.948293,0
                25.656714,47.948441,0
                25.65672,47.948721,0
                25.656888,47.948864,0
                25.657061,47.949057,0
                25.657084,47.949193,0
                25.656943,47.949351,0
                25.656488,47.949435,0
                25.655933,47.949348,0
                25.655625,47.949208,0
                25.655461,47.94898,0
                25.655237,47.948877,0
                25.654735,47.94883,0
                25.654425,47.94896,0
                25.654165,47.948915,0
                25.654171,47.9486,0
                25.654088,47.948423,0
                25.653822,47.948469,0
                25.653448,47.948605,0
                25.653147,47.948641,0
                25.652806,47.948547,0
                25.652631,47.948425,0
                25.652415,47.948354,0
                25.652185,47.948341,0
                25.652013,47.948375,0
                25.651668,47.948489,0
                25.651616,47.948554,0
                25.651633,47.948726,0
                25.651719,47.948842,0
                25.651689,47.948945,0
                25.651383,47.949093,0
                25.651083,47.948932,0
                25.650428,47.948897,0
                25.650345,47.948812,0
                25.650491,47.948514,0
                25.650331,47.948387,0
                25.650046,47.948344,0
                25.649671,47.948327,0
                25.649418,47.948384,0
                25.648845,47.948307,0
                25.648485,47.948358,0
                25.648115,47.948512,0
                25.64794,47.948507,0
                25.647839,47.94857,0
                25.647747,47.948879,0
                25.647728,47.949001,0
                25.647551,47.949145,0
                25.647396,47.949175,0
                25.647257,47.949192,0
                25.646903,47.949178,0
                25.646526,47.949323,0
                25.646289,47.949291,0
                25.646229,47.949148,0
                25.646292,47.949027,0
                25.646255,47.9488,0
                25.646077,47.948773,0
                25.645604,47.948837,0
                25.644426,47.9493,0
                25.644108,47.949421,0
                25.643658,47.949477,0
                25.642753,47.949493,0
                25.641071,47.949022,0
                25.625517,47.948788,0
                25.61572,47.945621,0
                25.60615,47.942685,0
                25.601378,47.941198,0
                25.598129,47.940062,0
                25.591741,47.938149,0
                25.576183,47.937242,0
                25.570165,47.936932,0
                25.558054,47.936125,0
                25.555283,47.936084,0
                25.547616,47.93568,0
                25.545667,47.935461,0
                25.542775,47.935362,0
                25.538979,47.935172,0
                25.537122,47.935292,0
                25.536204,47.935682,0
                25.53528,47.935809,0
                25.534778,47.935756,0
                25.534218,47.935569,0
                25.533728,47.935272,0
                25.53344,47.934624,0
                25.531161,47.934688,0
                25.529786,47.934522,0
                25.527742,47.934388,0
                25.526033,47.934413,0
                25.524478,47.934382,0
                25.520402,47.93409,0
                25.516485,47.933845,0
                25.514323,47.933719,0
                25.512236,47.933518,0
                25.50869,47.933179,0
                25.505583,47.93293,0
                25.501902,47.932587,0
                25.498178,47.932385,0
                25.490743,47.931428,0
                25.489048,47.931277,0
                25.48538,47.930891,0
                25.482518,47.930528,0
                25.477506,47.929988,0
                25.473394,47.929528,0
                25.466344,47.928786,0
                25.460128,47.928122,0
                25.454778,47.927501,0
                25.450071,47.926948,0
                25.447347,47.926643,0
                25.443925,47.92633,0
                25.441899,47.926088,0
                25.429697,47.924656,0
                25.425417,47.924226,0
                25.422036,47.923926,0
                25.4213,47.923703,0
                25.420462,47.92365,0
                25.415163,47.923122,0
                25.411322,47.922676,0
                25.403647,47.921764,0
                25.398408,47.921147,0
                25.392269,47.920522,0
                25.389221,47.920102,0
                25.385774,47.919804,0
                25.384265,47.919569,0
                25.381682,47.919341,0
                25.378257,47.918973,0
                25.376216,47.918783,0
                25.372192,47.918194,0
                25.370324,47.918063,0
                25.36719,47.917788,0
                25.361936,47.917284,0
                25.350083,47.916117,0
                25.349706,47.916145,0
                25.348945,47.916202,0
                25.346964,47.915768,0
                25.346171,47.915406,0
                25.345716,47.915279,0
                25.344337,47.915056,0
                25.343808,47.914703,0
                25.342517,47.914323,0
                25.341348,47.914053,0
                25.340456,47.914018,0
                25.339117,47.913947,0
                25.336912,47.913999,0
                25.335672,47.913894,0
                25.334532,47.913599,0
                25.333007,47.913445,0
                25.33133,47.913509,0
                25.329991,47.913792,0
                25.326658,47.913525,0
                25.325699,47.913419,0
                25.314873,47.913965,0
                25.312643,47.914097,0
                25.311001,47.914133,0
                25.309725,47.913523,0
                25.30877,47.913074,0
                25.307722,47.912487,0
                25.306805,47.912007,0
                25.305294,47.910925,0
                25.303422,47.909927,0
                25.300961,47.908617,0
                25.300332,47.908406,0
                25.297635,47.906861,0
                25.295786,47.905845,0
                25.292829,47.904348,0
                25.288584,47.902182,0
                25.286452,47.901249,0
                25.284621,47.90013,0
                25.282307,47.898998,0
                25.270443,47.892712,0
                25.268233,47.891958,0
                25.267078,47.892779,0
                25.266152,47.893421,0
                25.2655,47.893699,0
                25.264548,47.893987,0
                25.263352,47.893978,0
                25.262578,47.893921,0
                25.261636,47.893616,0
                25.260835,47.893322,0
                25.259839,47.892872,0
                25.259363,47.892611,0
                25.258767,47.892357,0
                25.258269,47.892222,0
                25.257814,47.892191,0
                25.257104,47.892408,0
                25.256472,47.892945,0
                25.255312,47.893859,0
                25.254298,47.894544,0
                25.253397,47.895192,0
                25.252262,47.895631,0
                25.251408,47.895928,0
                25.250074,47.896098,0
                25.249396,47.895999,0
                25.246798,47.894911,0
                25.246489,47.894652,0
                25.245827,47.894224,0
                25.245282,47.894007,0
                25.244649,47.893988,0
                25.244337,47.894038,0
                25.243818,47.894308,0
                25.243422,47.89468,0
                25.241864,47.895272,0
                25.238769,47.895885,0
                25.237848,47.895384,0
                25.233395,47.894138,0
                25.229859,47.893026,0
                25.229538,47.892736,0
                25.228181,47.89023,0
                25.227467,47.888543,0
                25.224309,47.882575,0
                25.221346,47.883016,0
                25.221016,47.881285,0
                25.222501,47.879059,0
                25.22463,47.872851,0
                25.222146,47.86953,0
                25.222048,47.86743,0
                25.221642,47.858761,0
                25.219236,47.858207,0
                25.209764,47.85485,0
                25.207866,47.854232,0
                25.206218,47.853545,0
                25.206144,47.853247,0
                25.205909,47.852886,0
                25.204734,47.852531,0
                25.204691,47.851658,0
                25.204869,47.851023,0
                25.204558,47.850898,0
                25.203976,47.850847,0
                25.202747,47.850747,0
                25.201928,47.850727,0
                25.201281,47.850478,0
                25.200836,47.850033,0
                25.200954,47.849615,0
                25.201067,47.849221,0
                25.201318,47.848435,0
                25.20137,47.848074,0
                25.201175,47.847574,0
                25.200642,47.847204,0
                25.200199,47.846799,0
                25.199925,47.84607,0
                25.200305,47.845236,0
                25.200842,47.844019,0
                25.201306,47.843477,0
                25.201697,47.842872,0
                25.201559,47.842328,0
                25.201347,47.841674,0
                25.201415,47.841253,0
                25.201662,47.840697,0
                25.20189,47.840372,0
                25.202009,47.839806,0
                25.20176,47.839376,0
                25.201205,47.839551,0
                25.200316,47.839636,0
                25.1995,47.839265,0
                25.198358,47.83814,0
                25.197439,47.836661,0
                25.196664,47.835863,0
                25.196146,47.833757,0
                25.195491,47.833807,0
                25.194516,47.833767,0
                25.193877,47.833471,0
                25.193118,47.833078,0
                25.192718,47.83275,0
                25.192201,47.832381,0
                25.191458,47.832076,0
                25.191049,47.831113,0
                25.190501,47.83017,0
                25.189695,47.829772,0
                25.189253,47.829385,0
                25.188139,47.829015,0
                25.187126,47.828742,0
                25.186288,47.828509,0
                25.185838,47.828466,0
                25.184823,47.828682,0
                25.183987,47.82871,0
                25.183363,47.828498,0
                25.183144,47.827707,0
                25.18249,47.826922,0
                25.181881,47.826461,0
                25.181131,47.825983,0
                25.180176,47.82583,0
                25.179832,47.825623,0
                25.179722,47.824435,0
                25.179906,47.823967,0
                25.179824,47.823557,0
                25.179775,47.823208,0
                25.179952,47.822796,0
                25.180465,47.822336,0
                25.180617,47.821637,0
                25.180658,47.820895,0
                25.180191,47.82033,0
                25.17987,47.819468,0
                25.179953,47.818127,0
                25.179735,47.81747,0
                25.179317,47.816766,0
                25.179005,47.816389,0
                25.178375,47.816074,0
                25.17788,47.815654,0
                25.176863,47.815527,0
                25.17715,47.813744,0
                25.167523,47.809286,0
                25.166876,47.808767,0
                25.168113,47.806517,0
                25.170043,47.804788,0
                25.170797,47.796521,0
                25.166984,47.791414,0
                25.165526,47.790517,0
                25.164584,47.790093,0
                25.163361,47.789827,0
                25.162299,47.789808,0
                25.161173,47.789526,0
                25.159763,47.789385,0
                25.154539,47.789235,0
                25.153287,47.789217,0
                25.15265,47.789317,0
                25.150916,47.790417,0
                25.148939,47.792181,0
                25.147152,47.791164,0
                25.146771,47.790728,0
                25.14578,47.789504,0
                25.144892,47.788261,0
                25.14379,47.787115,0
                25.142376,47.785996,0
                25.141216,47.785378,0
                25.137265,47.784027,0
                25.13413,47.782204,0
                25.133453,47.780935,0
                25.132725,47.780251,0
                25.129295,47.77879,0
                25.128639,47.777269,0
                25.127796,47.776466,0
                25.125423,47.77479,0
                25.122569,47.772251,0
                25.116957,47.768745,0
                25.116595,47.768098,0
                25.116196,47.767298,0
                25.116121,47.766538,0
                25.115967,47.765723,0
                25.115968,47.765012,0
                25.115657,47.764097,0
                25.115437,47.763359,0
                25.115647,47.762615,0
                25.116004,47.761557,0
                25.116182,47.760728,0
                25.116138,47.759986,0
                25.116153,47.759142,0
                25.116041,47.758479,0
                25.116173,47.757866,0
                25.116313,47.75715,0
                25.11635,47.756535,0
                25.115922,47.755657,0
                25.115731,47.754714,0
                25.113429,47.754225,0
                25.10996,47.753818,0
                25.103408,47.752847,0
                25.097599,47.749134,0
                25.095346,47.749187,0
                25.092211,47.749121,0
                25.08863,47.748734,0
                25.087186,47.747735,0
                25.086606,47.747108,0
                25.085489,47.746202,0
                25.084278,47.745494,0
                25.083842,47.74535,0
                25.08323,47.745163,0
                25.082505,47.745138,0
                25.076802,47.745341,0
                25.073659,47.744149,0
                25.07084,47.742968,0
                25.068779,47.742077,0
                25.067383,47.741406,0
                25.066268,47.740934,0
                25.065458,47.740587,0
                25.064877,47.740487,0
                25.063782,47.740382,0
                25.062836,47.740427,0
                25.061774,47.741186,0
                25.060503,47.74213,0
                25.059267,47.742864,0
                25.058295,47.743468,0
                25.057014,47.744381,0
                25.055909,47.745109,0
                25.054919,47.745706,0
                25.054022,47.746253,0
                25.052963,47.746321,0
                25.053579,47.745565,0
                25.053762,47.74504,0
                25.053941,47.74449,0
                25.053861,47.743786,0
                25.053621,47.743064,0
                25.05286,47.74243,0
                25.052149,47.741726,0
                25.051111,47.740997,0
                25.050803,47.740528,0
                25.050117,47.739824,0
                25.049964,47.739368,0
                25.049591,47.738739,0
                25.049046,47.738289,0
                25.047903,47.737437,0
                25.047311,47.736911,0
                25.046732,47.736336,0
                25.046262,47.735894,0
                25.045427,47.735116,0
                25.044771,47.734204,0
                25.04462,47.732964,0
                25.042911,47.731729,0
                25.042381,47.731145,0
                25.042069,47.730259,0
                25.041604,47.729201,0
                25.041359,47.728822,0
                25.041216,47.727992,0
                25.040969,47.727353,0
                25.041401,47.726915,0
                25.041228,47.726257,0
                25.040665,47.725633,0
                25.040174,47.725231,0
                25.038165,47.725369,0
                25.037557,47.72556,0
                25.036708,47.725838,0
                25.035566,47.726028,0
                25.03455,47.72626,0
                25.033797,47.726461,0
                25.032658,47.726799,0
                25.031949,47.72693,0
                25.030912,47.727182,0
                25.030003,47.7275,0
                25.029287,47.727838,0
                25.029019,47.728171,0
                25.028469,47.729158,0
                25.027501,47.729909,0
                25.026701,47.730467,0
                25.025897,47.730979,0
                25.025188,47.731217,0
                25.023958,47.731088,0
                25.022252,47.730747,0
                25.019964,47.730525,0
                25.018518,47.730758,0
                25.017469,47.73107,0
                25.01678,47.730968,0
                25.016218,47.730984,0
                25.015821,47.731154,0
                25.015196,47.731713,0
                25.01449,47.731852,0
                25.013414,47.732283,0
                25.013012,47.732628,0
                25.012052,47.733208,0
                25.008313,47.733969,0
                25.006893,47.733928,0
                25.004447,47.731803,0
                25.00231,47.730366,0
                25.00167,47.729724,0
                25.001268,47.728695,0
                25.001192,47.72804,0
                25.001517,47.727531,0
                25.001391,47.727077,0
                25.000065,47.726605,0
                24.997871,47.725485,0
                24.997021,47.72519,0
                24.995722,47.725008,0
                24.994112,47.72507,0
                24.993086,47.725347,0
                24.989245,47.728281,0
                24.983377,47.729496,0
                24.982557,47.729488,0
                24.975433,47.729301,0
                24.966065,47.729195,0
                24.961123,47.729092,0
                24.951622,47.728974,0
                24.945055,47.728857,0
                24.941193,47.728534,0
                24.933437,47.727791,0
                24.930791,47.727626,0
                24.929592,47.72745,0
                24.922298,47.726622,0
                24.908744,47.725279,0
                24.904725,47.72492,0
                24.901095,47.724567,0
                24.890985,47.724302,0
                24.882946,47.724066,0
                24.885087,47.729527,0
                24.886405,47.733632,0
                24.884542,47.734724,0
                24.882509,47.735996,0
                24.882076,47.736754,0
                24.88084,47.739852,0
                24.880403,47.74193,0
                24.880171,47.743973,0
                24.880493,47.745278,0
                24.880358,47.745816,0
                24.877735,47.748404,0
                24.877585,47.748905,0
                24.878267,47.752476,0
                24.870037,47.75718,0
                24.868383,47.758368,0
                24.858676,47.763618,0
                24.855949,47.765035,0
                24.855224,47.765433,0
                24.854962,47.770205,0
                24.852394,47.771819,0
                24.852086,47.772247,0
                24.851831,47.772741,0
                24.851321,47.774035,0
                24.850928,47.774508,0
                24.850299,47.774838,0
                24.836266,47.779485,0
                24.835805,47.781717,0
                24.836023,47.78254,0
                24.837458,47.786442,0
                24.836541,47.793341,0
                24.833531,47.797379,0
                24.828798,47.799847,0
                24.821417,47.806013,0
                24.823635,47.811229,0
                24.82311,47.812625,0
                24.82396,47.813912,0
                24.826612,47.817007,0
                24.82804,47.817837,0
                24.827799,47.820334,0
                24.821369,47.821312,0
                24.816754,47.821639,0
                24.812922,47.82265,0
                24.810545,47.822749,0
                24.80803,47.823024,0
                24.806404,47.822739,0
                24.804623,47.822193,0
                24.801239,47.82276,0
                24.797292,47.824531,0
                24.796194,47.824702,0
                24.793428,47.82487,0
                24.789449,47.824801,0
                24.788055,47.824459,0
                24.784021,47.823226,0
                24.782122,47.825586,0
                24.781676,47.827939,0
                24.778585,47.831222,0
                24.778279,47.834413,0
                24.77807,47.837197,0
                24.772895,47.836968,0
                24.771766,47.837076,0
                24.77012,47.837658,0
                24.765172,47.839137,0
                24.758118,47.836959,0
                24.756667,47.834362,0
                24.755571,47.833165,0
                24.752901,47.82955,0
                24.748886,47.832509,0
                24.745767,47.834855,0
                24.741266,47.836572,0
                24.740273,47.837137,0
                24.739882,47.837956,0
                24.739468,47.838743,0
                24.739297,47.840956,0
                24.734364,47.843735,0
                24.730426,47.842044,0
                24.729046,47.841353,0
                24.728155,47.840885,0
                24.727486,47.840813,0
                24.724851,47.841024,0
                24.723957,47.841204,0
                24.719832,47.838983,0
                24.714926,47.84001,0
                24.710089,47.840111,0
                24.706618,47.839822,0
                24.705985,47.840005,0
                24.705451,47.840462,0
                24.704117,47.84281,0
                24.704369,47.847482,0
                24.704488,47.84892,0
                24.70294,47.852342,0
                24.698117,47.853864,0
                24.692902,47.855773,0
                24.690465,47.856124,0
                24.688935,47.856189,0
                24.68733,47.856149,0
                24.686482,47.856407,0
                24.682387,47.858725,0
                24.681799,47.85959,0
                24.68106,47.861225,0
                24.673116,47.863121,0
                24.672412,47.863654,0
                24.670527,47.865783,0
                24.669765,47.869758,0
                24.668357,47.870654,0
                24.667796,47.871811,0
                24.667879,47.873035,0
                24.665716,47.876309,0
                24.666857,47.878565,0
                24.668145,47.880992,0
                24.667369,47.884839,0
                24.667338,47.885554,0
                24.669,47.887357,0
                24.670574,47.889389,0
                24.671756,47.891629,0
                24.672601,47.892422,0
                24.673324,47.89362,0
                24.6737,47.896261,0
                24.669793,47.898705,0
                24.668513,47.900143,0
                24.667935,47.902392,0
                24.665681,47.903532,0
                24.664558,47.90458,0
                24.663652,47.905081,0
                24.661508,47.907522,0
                24.660893,47.908762,0
                24.658515,47.908756,0
                24.652416,47.91048,0
                24.653893,47.913569,0
                24.652279,47.917336,0
                24.651759,47.918953,0
                24.647287,47.920599,0
                24.643082,47.921769,0
                24.640541,47.922609,0
                24.637915,47.923272,0
                24.635082,47.924319,0
                24.636313,47.92968,0
                24.632272,47.933351,0
                24.629657,47.933968,0
                24.632257,47.939771,0
                24.630635,47.940989,0
                24.630101,47.94233,0
                24.63013,47.944236,0
                24.628164,47.947973,0
                24.623475,47.951671,0
                24.616247,47.950858,0
                24.614695,47.950725,0
                24.61317,47.951136,0
                24.610562,47.951648,0
                24.608754,47.950608,0
                24.606282,47.949049,0
                24.604169,47.947683,0
                24.601972,47.94585,0
                24.601681,47.945201,0
                24.597067,47.946232,0
                24.595823,47.946867,0
                24.597662,47.948535,0
                24.598503,47.949954,0
                24.595856,47.952127,0
                24.595491,47.953074,0
                24.595498,47.95418,0
                24.592012,47.956766,0
                24.583992,47.960709,0
                24.582868,47.964913,0
                24.575212,47.967309,0
                24.564163,47.968278,0
                24.562544,47.9682,0
                24.559648,47.966713,0
                24.558036,47.965215,0
                24.556136,47.963817,0
                24.555959,47.961028,0
                24.553833,47.95949,0
                24.55226,47.958546,0
                24.551137,47.958559,0
                24.550087,47.958711,0
                24.549454,47.959954,0
                24.536878,47.961891,0
                24.531057,47.960609,0
                24.529844,47.960811,0
                24.527365,47.961522,0
                24.526938,47.961455,0
                24.524156,47.960017,0
                24.52266,47.958935,0
                24.519129,47.957113,0
                24.517863,47.956404,0
                24.51553,47.954737,0
                24.513417,47.95365,0
                24.513645,47.952206,0
                24.512403,47.951802,0
                24.502071,47.952185,0
                24.498403,47.953906,0
                24.494162,47.955245,0
                24.493141,47.955359,0
                24.487263,47.955668,0
                24.485273,47.957323,0
                24.482219,47.95883,0
                24.479876,47.959843,0
                24.475088,47.961065,0
                24.475011,47.96155,0
                24.474407,47.962139,0
                24.473591,47.962535,0
                24.47171,47.963058,0
                24.467017,47.961921,0
                24.464191,47.9616,0
                24.459923,47.962335,0
                24.458211,47.962557,0
                24.454285,47.962868,0
                24.45255,47.963,0
                24.451203,47.962873,0
                24.450154,47.962929,0
                24.446802,47.963893,0
                24.436264,47.970111,0
                24.435637,47.970127,0
                24.433317,47.969462,0
                24.431038,47.968567,0
                24.428324,47.967129,0
                24.426451,47.965789,0
                24.41566,47.959604,0
                24.41231,47.959995,0
                24.409574,47.959974,0
                24.407796,47.959466,0
                24.405839,47.958519,0
                24.403223,47.957193,0
                24.401036,47.955657,0
                24.398548,47.955846,0
                24.397015,47.955732,0
                24.396061,47.955011,0
                24.393723,47.954192,0
                24.392086,47.952633,0
                24.392073,47.948329,0
                24.391562,47.947413,0
                24.390545,47.946263,0
                24.388216,47.944412,0
                24.387789,47.943878,0
                24.385562,47.94067,0
                24.382966,47.939791,0
                24.382673,47.93862,0
                24.382066,47.937244,0
                24.381331,47.935902,0
                24.380501,47.934411,0
                24.380309,47.933531,0
                24.380565,47.931241,0
                24.381045,47.930689,0
                24.381015,47.930181,0
                24.381516,47.926572,0
                24.378176,47.925357,0
                24.37518,47.924629,0
                24.369401,47.923316,0
                24.367729,47.922853,0
                24.365374,47.92169,0
                24.362251,47.920313,0
                24.360207,47.919404,0
                24.358968,47.919099,0
                24.356709,47.918498,0
                24.353354,47.916479,0
                24.352344,47.916233,0
                24.349923,47.91531,0
                24.34444,47.914413,0
                24.338568,47.918062,0
                24.334613,47.917738,0
                24.327743,47.92244,0
                24.327781,47.923089,0
                24.324711,47.925708,0
                24.319988,47.923159,0
                24.315636,47.922901,0
                24.311312,47.920087,0
                24.309537,47.918438,0
                24.308456,47.917785,0
                24.306938,47.917314,0
                24.303684,47.917023,0
                24.301775,47.914344,0
                24.300543,47.913681,0
                24.299587,47.912872,0
                24.29776,47.911077,0
                24.2959,47.91103,0
                24.294213,47.911255,0
                24.287188,47.909314,0
                24.286293,47.908688,0
                24.281666,47.907168,0
                24.27968,47.90574,0
                24.275669,47.906116,0
                24.274945,47.906339,0
                24.272258,47.906191,0
                24.269399,47.906241,0
                24.267523,47.906905,0
                24.265266,47.907302,0
                24.264754,47.907332,0
                24.263844,47.907033,0
                24.261167,47.907278,0
                24.255582,47.906779,0
                24.254636,47.906251,0
                24.253556,47.90584,0
                24.25227,47.904839,0
                24.250685,47.904165,0
                24.248697,47.90298,0
                24.248485,47.902652,0
                24.246998,47.901772,0
                24.244582,47.901636,0
                24.241445,47.900815,0
                24.239402,47.899614,0
                24.237846,47.898449,0
                24.235095,47.897661,0
                24.232999,47.897347,0
                24.229911,47.897274,0
                24.225829,47.897475,0
                24.223134,47.898071,0
                24.221165,47.898894,0
                24.219074,47.901789,0
                24.218254,47.903654,0
                24.209188,47.90981,0
                24.20005,47.914747,0
                24.196602,47.91758,0
                24.192284,47.918441,0
                24.188064,47.91848,0
                24.175028,47.916904,0
                24.166183,47.919104,0
                24.165463,47.918039,0
                24.163932,47.916956,0
                24.162674,47.916312,0
                24.160922,47.916047,0
                24.159286,47.916126,0
                24.157111,47.916904,0
                24.154475,47.917042,0
                24.151738,47.916603,0
                24.147583,47.91413,0
                24.146579,47.91319,0
                24.145321,47.912684,0
                24.143635,47.912558,0
                24.14065,47.912997,0
                24.136191,47.914004,0
                24.133503,47.914932,0
                24.128858,47.915828,0
                24.125285,47.91547,0
                24.120718,47.915165,0
                24.118129,47.914817,0
                24.115873,47.914963,0
                24.113381,47.915797,0
                24.111417,47.916771,0
                24.110346,47.918083,0
                24.103324,47.926366,0
                24.101471,47.929106,0
                24.100673,47.934595,0
                24.10019,47.936044,0
                24.09259,47.939666,0
                24.085359,47.942574,0
                24.076356,47.945797,0
                24.071916,47.947846,0
                24.068939,47.949899,0
                24.06599,47.952033,0
                24.064115,47.952591,0
                24.060632,47.95298,0
                24.058696,47.952966,0
                24.050034,47.952504,0
                24.046226,47.951984,0
                24.040544,47.950387,0
                24.037472,47.949712,0
                24.035351,47.949412,0
                24.033315,47.949785,0
                24.031795,47.951163,0
                24.0296,47.9546,0
                24.028302,47.956226,0
                24.027373,47.95696,0
                24.024061,47.959467,0
                24.020156,47.961933,0
                24.016105,47.964998,0
                24.0137,47.966438,0
                24.009645,47.967127,0
                24.007571,47.966831,0
                24.005712,47.966056,0
                24.003275,47.964178,0
                23.999837,47.961941,0
                23.995202,47.961461,0
                23.993628,47.961153,0
                23.990892,47.960682,0
                23.988433,47.960082,0
                23.986654,47.95959,0
                23.98457,47.959369,0
                23.983551,47.959724,0
                23.982505,47.960783,0
                23.982626,47.964243,0
                23.982211,47.96567,0
                23.981308,47.966246,0
                23.979717,47.967245,0
                23.978086,47.967483,0
                23.975899,47.96753,0
                23.973813,47.96688,0
                23.972417,47.965596,0
                23.971355,47.962948,0
                23.970402,47.96233,0
                23.969005,47.962478,0
                23.966153,47.963521,0
                23.963885,47.964061,0
                23.961969,47.964291,0
                23.958855,47.964103,0
                23.954465,47.962842,0
                23.95198,47.961277,0
                23.951722,47.960089,0
                23.951871,47.959178,0
                23.952076,47.956498,0
                23.951954,47.955236,0
                23.947631,47.951315,0
                23.945472,47.948928,0
                23.94394,47.94764,0
                23.942155,47.946718,0
                23.940648,47.946466,0
                23.935732,47.945434,0
                23.932318,47.945264,0
                23.929094,47.945309,0
                23.918832,47.945475,0
                23.915916,47.946648,0
                23.914237,47.94664,0
                23.912427,47.94645,0
                23.907799,47.945205,0
                23.907173,47.94453,0
                23.905666,47.944093,0
                23.898022,47.944207,0
                23.893093,47.944179,0
                23.889311,47.943853,0
                23.885819,47.943349,0
                23.884318,47.943005,0
                23.882725,47.942323,0
                23.881822,47.941553,0
                23.879371,47.939827,0
                23.874775,47.93581,0
                23.872783,47.934145,0
                23.871479,47.933338,0
                23.869234,47.932351,0
                23.868137,47.932248,0
                23.866207,47.932519,0
                23.864334,47.933576,0
                23.862311,47.934669,0
                23.861483,47.935487,0
                23.860429,47.93612,0
                23.857275,47.937499,0
                23.855211,47.938524,0
                23.853245,47.938849,0
                23.852282,47.939242,0
                23.850906,47.939847,0
                23.8499,47.940674,0
                23.847007,47.945761,0
                23.846204,47.946601,0
                23.843121,47.948511,0
                23.842092,47.949138,0
                23.84167,47.949993,0
                23.842339,47.951195,0
                23.842826,47.952271,0
                23.84277,47.953157,0
                23.842394,47.954132,0
                23.841164,47.954702,0
                23.837842,47.955737,0
                23.836641,47.956468,0
                23.836038,47.956987,0
                23.835524,47.957721,0
                23.835188,47.958974,0
                23.835272,47.959557,0
                23.835489,47.960476,0
                23.836121,47.961519,0
                23.836344,47.962779,0
                23.836555,47.964278,0
                23.836267,47.965378,0
                23.835471,47.966784,0
                23.834154,47.9682,0
                23.831613,47.96966,0
                23.82931,47.971022,0
                23.826551,47.971956,0
                23.825951,47.972755,0
                23.82547,47.973954,0
                23.825525,47.975345,0
                23.825216,47.976455,0
                23.824743,47.977493,0
                23.823986,47.978531,0
                23.822759,47.97922,0
                23.820006,47.979458,0
                23.813724,47.983377,0
                23.811855,47.984176,0
                23.809356,47.984473,0
                23.806683,47.984981,0
                23.800533,47.985126,0
                23.796454,47.985401,0
                23.793671,47.986404,0
                23.789519,47.987272,0
                23.787507,47.987347,0
                23.786074,47.987648,0
                23.784813,47.988157,0
                23.783645,47.989015,0
                23.781129,47.991156,0
                23.778896,47.992866,0
                23.777215,47.994243,0
                23.775086,47.995183,0
                23.773472,47.995481,0
                23.772281,47.995381,0
                23.771321,47.995128,0
                23.770109,47.994499,0
                23.769123,47.993692,0
                23.768163,47.992885,0
                23.765962,47.992347,0
                23.763928,47.99255,0
                23.762918,47.99319,0
                23.761619,47.993798,0
                23.760348,47.994806,0
                23.758134,47.995253,0
                23.756281,47.995428,0
                23.755141,47.995173,0
                23.754411,47.994613,0
                23.753168,47.994451,0
                23.747563,47.994972,0
                23.745189,47.994523,0
                23.743533,47.994327,0
                23.740328,47.993653,0
                23.737839,47.993791,0
                23.733849,47.994069,0
                23.729947,47.993891,0
                23.727704,47.993507,0
                23.72624,47.992602,0
                23.722755,47.989396,0
                23.721985,47.988278,0
                23.721167,47.987624,0
                23.720018,47.9874,0
                23.718716,47.987576,0
                23.717689,47.988002,0
                23.716195,47.988918,0
                23.714269,47.990854,0
                23.712082,47.991334,0
                23.709025,47.991437,0
                23.706385,47.991727,0
                23.703763,47.991246,0
                23.701927,47.990399,0
                23.699318,47.989227,0
                23.695924,47.988894,0
                23.694035,47.988077,0
                23.69201,47.98729,0
                23.686273,47.986512,0
                23.682519,47.986396,0
                23.677487,47.985834,0
                23.674714,47.985289,0
                23.672696,47.984285,0
                23.670388,47.983652,0
                23.668265,47.983759,0
                23.666595,47.984213,0
                23.66244,47.986228,0
                23.657266,47.988512,0
                23.654071,47.989322,0
                23.650729,47.990072,0
                23.648504,47.991277,0
                23.647109,47.994667,0
                23.645307,47.997651,0
                23.641656,48.000097,0
                23.637364,48.001863,0
                23.634478,48.002832,0
                23.63308,48.00301,0
                23.631181,48.002995,0
                23.627806,48.002382,0
                23.625476,48.002649,0
                23.623238,48.003623,0
                23.621156,48.005197,0
                23.617609,48.007761,0
                23.615543,48.008692,0
                23.614945,48.008686,0
                23.612058,48.008669,0
                23.609478,48.008118,0
                23.607214,48.00739,0
                23.606053,48.007293,0
                23.603405,48.006987,0
                23.6,48.007428,0
                23.597683,48.008214,0
                23.594482,48.008436,0
                23.59226,48.008139,0
                23.590735,48.007662,0
                23.589404,48.006629,0
                23.58808,48.005226,0
                23.586826,48.004735,0
                23.577994,48.004484,0
                23.57433,48.004239,0
                23.571745,48.004116,0
                23.569739,48.004194,0
                23.567462,48.004083,0
                23.566292,48.004261,0
                23.564845,48.004777,0
                23.561919,48.005342,0
                23.558964,48.006969,0
                23.555113,48.008215,0
                23.552104,48.008686,0
                23.543804,48.009924,0
                23.542155,48.010563,0
                23.540937,48.011638,0
                23.536284,48.016919,0
                23.534727,48.018308,0
                23.530545,48.020229,0
                23.529004,48.012802,0
                23.524811,48.002798,0
                23.523253,47.999959,0
                23.52328,47.996198,0
                23.519913,47.992577,0
                23.516823,47.990303,0
                23.513117,47.985218,0
                23.506744,47.979935,0
                23.50587,47.975485,0
                23.505888,47.973199,0
                23.505258,47.970567,0
                23.504086,47.969192,0
                23.501074,47.968337,0
                23.498235,47.96777,0
                23.495589,47.967905,0
                23.493085,47.968784,0
                23.490302,47.970542,0
                23.486501,47.972341,0
                23.481989,47.973312,0
                23.480021,47.973609,0
                23.474717,47.974079,0
                23.46848,47.974288,0
                23.465319,47.973874,0
                23.46314,47.974025,0
                23.459994,47.975038,0
                23.456168,47.975825,0
                23.453247,47.975747,0
                23.451941,47.976443,0
                23.451363,47.978,0
                23.448904,47.980915,0
                23.447542,47.981755,0
                23.445619,47.982043,0
                23.443298,47.982193,0
                23.44152,47.982472,0
                23.438931,47.983259,0
                23.437417,47.985518,0
                23.435621,47.989521,0
                23.429174,47.988606,0
                23.419048,47.987454,0
                23.417155,47.987917,0
                23.407542,47.992211,0
                23.40541,47.993643,0
                23.404141,47.995683,0
                23.403713,48.000173,0
                23.402194,48.001634,0
                23.393923,48.002988,0
                23.390954,48.004378,0
                23.389969,48.004629,0
                23.386732,48.005387,0
                23.384762,48.005104,0
                23.380022,48.003855,0
                23.378642,48.00395,0
                23.377965,48.004657,0
                23.378142,48.006269,0
                23.37753,48.007819,0
                23.376714,48.009258,0
                23.374587,48.010314,0
                23.371299,48.011331,0
                23.370321,48.011799,0
                23.365631,48.013822,0
                23.363662,48.014816,0
                23.361772,48.014963,0
                23.358559,48.015497,0
                23.355813,48.018167,0
                23.354365,48.02007,0
                23.352486,48.021049,0
                23.349393,48.021428,0
                23.347252,48.020087,0
                23.344697,48.01929,0
                23.342685,48.018968,0
                23.340601,48.0195,0
                23.338655,48.020398,0
                23.336965,48.021669,0
                23.336064,48.021614,0
                23.334989,48.021228,0
                23.333542,48.021053,0
                23.332358,48.021898,0
                23.331403,48.023267,0
                23.331097,48.025426,0
                23.33134,48.026895,0
                23.331902,48.028354,0
                23.332111,48.029407,0
                23.33247,48.031707,0
                23.33285,48.03315,0
                23.334526,48.034354,0
                23.336339,48.035261,0
                23.338027,48.035629,0
                23.339292,48.036178,0
                23.339364,48.037089,0
                23.338865,48.037801,0
                23.33748,48.038454,0
                23.335684,48.038972,0
                23.333247,48.039199,0
                23.331268,48.038503,0
                23.327677,48.037414,0
                23.324472,48.041107,0
                23.321412,48.043567,0
                23.316899,48.045098,0
                23.314432,48.04525,0
                23.310825,48.044481,0
                23.306688,48.043784,0
                23.304655,48.043924,0
                23.301806,48.04426,0
                23.293014,48.047238,0
                23.289946,48.049066,0
                23.288922,48.050691,0
                23.287205,48.050683,0
                23.285995,48.051215,0
                23.284771,48.052653,0
                23.282764,48.054888,0
                23.282356,48.055376,0
                23.280412,48.058136,0
                23.279617,48.059467,0
                23.279547,48.060633,0
                23.281291,48.062624,0
                23.283515,48.06451,0
                23.283931,48.06556,0
                23.284589,48.06729,0
                23.285971,48.070401,0
                23.28762,48.071406,0
                23.29138,48.072312,0
                23.293679,48.073261,0
                23.292127,48.074449,0
                23.289087,48.076824,0
                23.285752,48.079395,0
                23.282206,48.082569,0
                23.279879,48.083366,0
                23.276479,48.08436,0
                23.275091,48.08466,0
                23.273271,48.08521,0
                23.272038,48.086061,0
                23.271079,48.086944,0
                23.270303,48.08848,0
                23.270348,48.090375,0
                23.270549,48.094603,0
                23.270518,48.095359,0
                23.270496,48.097736,0
                23.270117,48.099162,0
                23.269264,48.100481,0
                23.267438,48.101111,0
                23.263611,48.101828,0
                23.261882,48.101928,0
                23.258991,48.102136,0
                23.256509,48.102066,0
                23.254618,48.101265,0
                23.252994,48.100044,0
                23.251536,48.096694,0
                23.248171,48.09344,0
                23.244634,48.094314,0
                23.242079,48.095065,0
                23.240646,48.095297,0
                23.23525,48.093583,0
                23.231454,48.094057,0
                23.230611,48.09416,0
                23.228479,48.094513,0
                23.223117,48.095298,0
                23.214471,48.096111,0
                23.208636,48.096647,0
                23.2009,48.097383,0
                23.197794,48.098095,0
                23.191962,48.098699,0
                23.190553,48.100964,0
                23.188618,48.102289,0
                23.18793,48.104317,0
                23.187765,48.107991,0
                23.186903,48.110189,0
                23.186122,48.112689,0
                23.184222,48.113449,0
                23.183076,48.114469,0
                23.181944,48.118962,0
                23.178788,48.119441,0
                23.173045,48.119877,0
                23.170787,48.120436,0
                23.168683,48.121141,0
                23.168071,48.120056,0
                23.167653,48.118079,0
                23.166948,48.117027,0
                23.16638,48.115367,0
                23.165562,48.115055,0
                23.162095,48.115179,0
                23.16462,48.10887,0
                23.167073,48.101635,0
                23.170935,48.091137,0
                23.174031,48.082924,0
                23.176057,48.077576,0
                23.180221,48.066765,0
                23.182115,48.060582,0
                23.18651,48.046784,0
                23.189879,48.035588,0
                23.194527,48.020593,0
                23.197704,48.010963,0
                23.201366,48.00017,0
                23.207292,47.983431,0
                23.212381,47.968581,0
                23.218643,47.949587,0
                23.223912,47.932794,0
                23.228256,47.91864,0
                23.231899,47.906705,0
                23.235323,47.897934,0
                23.24118,47.882682,0
                23.250596,47.866142,0
                23.260176,47.849552,0
                23.2688,47.834921,0
                23.280533,47.81469,0
                23.286408,47.805156,0
                23.293542,47.794165,0
                23.301419,47.781987,0
                23.307271,47.770403,0
                23.313845,47.757542,0
                23.319335,47.747405,0
                23.322229,47.742703,0
                23.332417,47.72639,0
                23.342591,47.710588,0
                23.355554,47.691754,0
                23.366556,47.67584,0
                23.37389,47.665307,0
                23.385264,47.649212,0
                23.394336,47.636322,0
                23.399022,47.630915,0
                23.40974,47.618266,0
                23.421074,47.604943,0
                23.431448,47.594653,0
                23.443132,47.583146,0
                23.452947,47.573425,0
                23.464149,47.562758,0
                23.478469,47.549861,0
                23.488236,47.541537,0
                23.509678,47.52579,0
                23.529074,47.511673,0
                23.54033,47.503378,0
                23.550067,47.496904,0
                23.567602,47.485324,0
                23.577855,47.479158,0
                23.594359,47.469541,0
                23.619123,47.461508,0
                23.655925,47.453147,0
                23.687502,47.446149,0
                23.711309,47.440199,0
                23.738416,47.434146,0
                23.761935,47.428804,0
                23.768835,47.427484,0
                23.799722,47.421899,0
                23.818538,47.418425,0
                23.828498,47.417152,0
                23.869349,47.411817,0
                23.889011,47.410538,0
                23.924935,47.408089,0
                23.946336,47.406692,0
                23.986198,47.405458,0
                24.006037,47.405173,0
                24.012117,47.405403,0
                24.028925,47.406274,0
                24.033665,47.406855,0
                24.052457,47.409209,0
                24.08261,47.413361,0
                24.107459,47.416792,0
                24.128753,47.419413,0
                24.145766,47.421782,0
                24.169644,47.425293,0
                24.173567,47.425647,0
                24.183877,47.426301,0
                24.193844,47.426953,0
                24.204571,47.426954,0
                24.209623,47.426714,0
                24.219418,47.425778,0
                24.226884,47.425093,0
                24.237791,47.424079,0
                24.256357,47.422658,0
                24.278562,47.420847,0
                24.293407,47.419318,0
                24.3115,47.417409,0
                24.317843,47.41691,0
                24.3415,47.415158,0
                24.352746,47.414162,0
                24.377831,47.410599,0
                24.398162,47.407329,0
                24.423941,47.402922,0
                24.444806,47.399218,0
                24.468191,47.395008,0
                24.494674,47.390222,0
                24.519706,47.385594,0
                24.54593,47.379317,0
                24.565701,47.374581,0
                24.581804,47.369866,0
                24.591405,47.364126,0
                24.600761,47.357764,0
                24.612702,47.349622,0
                24.627417,47.338228,0
                24.641818,47.326906,0
                24.654873,47.31647,0
                24.669413,47.305001,0
                24.688095,47.289718,0
                24.705321,47.27489,0
                24.719148,47.2631,0
                24.732785,47.249651,0
                24.74385,47.239117,0
                24.755001,47.228086,0
                24.758584,47.224701,0
                24.766066,47.216532,0
                24.77766,47.203694,0
                24.788477,47.191918,0
                24.799703,47.179366,0
                24.811624,47.165531,0
                24.818336,47.157621,0
                24.826706,47.147448,0
                24.837774,47.1348,0
                24.849822,47.120688,0
                24.863923,47.104445,0
                24.872678,47.094023,0
                24.883764,47.081084,0
                24.896643,47.066252,0
                24.908962,47.052393,0
                24.91772,47.042395,0
                24.92806,47.030671,0
                24.938387,47.019095,0
                24.949194,47.007482,0
                24.957953,46.997899,0
                24.968255,46.986696,0
                24.978508,46.977434,0
                24.987435,46.968916,0
                25.004003,46.953525,0
                25.015032,46.943071,0
                25.0281,46.930487,0
                25.037482,46.921552,0
                25.048696,46.910541,0
                25.061611,46.897335,0
                25.074793,46.883806,0
                25.087754,46.870453,0
                25.100758,46.857136,0
                25.111737,46.846936,0
                25.122614,46.836711,0
                25.131882,46.827811,0
                25.142109,46.817976,0
                25.150488,46.809189,0
                25.159556,46.799287,0
                25.167019,46.79113,0
                25.175034,46.782545,0
                25.180105,46.776989,0
                25.189317,46.767321,0
                25.195671,46.759874,0
                25.206368,46.746747,0
                25.216429,46.734418,0
                25.226049,46.722183,0
                25.234641,46.711262,0
                25.241901,46.701547,0
                25.247406,46.694284,0
                25.258092,46.68028,0
                25.266744,46.669162,0
                25.271278,46.663657,0
                25.279718,46.652811,0
                25.291235,46.638087,0
                25.299198,46.627754,0
                25.309072,46.615002,0
                25.31876,46.602043,0
                25.327907,46.588231,0
                25.338147,46.572234,0
                25.347509,46.557576,0
                25.357162,46.542608,0
                25.367235,46.527316,0
                25.376641,46.512913,0
                25.385946,46.499451,0
                25.393568,46.488563,0
                25.400928,46.477862,0
                25.40753,46.46866,0
                25.413627,46.459299,0
                25.417498,46.45382,0
                25.420589,46.44933,0
                25.422479,46.446421,0
                25.430216,46.435601,0
                25.433402,46.430935,0
                25.443816,46.416126,0
                25.454294,46.401314,0
                25.460737,46.392156,0
                25.468161,46.381766,0
                25.47324,46.376154,0
                25.488594,46.358715,0
                25.500716,46.345525,0
                25.511518,46.334033,0
                25.524425,46.320213,0
                25.538813,46.303646,0
                25.549816,46.290686,0
                25.566963,46.269738,0
                25.583974,46.248815,0
                25.595509,46.234282,0
                25.610375,46.215165,0
                25.633241,46.183768,0
                25.662006,46.141498,0
                25.679419,46.115803,0
                25.691845,46.097651,0
                25.707038,46.073821,0
                25.712237,46.055566,0
                25.718825,46.034618,0
                25.720905,46.015081,0
                25.721625,45.999381,0
                25.722066,45.985256,0
                25.721656,45.977946,0
                25.720978,45.96656,0
                25.720056,45.956645,0
                25.719469,45.947369,0
                25.718663,45.940419,0
                25.716892,45.931749,0
                25.714553,45.920003,0
                25.713526,45.915232,0
                25.711484,45.90763,0
                25.708822,45.896801,0
                25.706444,45.887961,0
                25.702373,45.872815,0
                25.698827,45.863755,0
                25.695491,45.855215,0
                25.692861,45.848601,0
                25.686861,45.834673,0
                25.674873,45.807874,0
                25.655492,45.775271,0
                25.642568,45.757551,0
                25.621361,45.737899,0
                25.589842,45.720383,0
                25.566532,45.707604,0
                25.557641,45.703304,0
                25.543291,45.6964,0
                25.536212,45.69342,0
                25.514983,45.6845,0
                25.494186,45.677949,0
                25.479639,45.673804,0
                25.442148,45.663748,0
                25.416261,45.659882,0
                25.39553,45.65824,0
                25.38594,45.657446,0
                25.365337,45.657513,0
                25.337156,45.657505,0
                25.306365,45.657492,0
                25.290249,45.657515,0
                25.273819,45.657933,0
                25.241309,45.658733,0
                25.218219,45.65918,0
                25.194482,45.659823,0
                25.161716,45.660659,0
                25.150575,45.661133,0
                25.140931,45.66171,0
                25.130857,45.662086,0
                25.121866,45.662568,0
                25.116018,45.662879,0
                25.104601,45.663406,0
                25.095616,45.6638,0
                25.086242,45.664299,0
                25.077877,45.664898,0
                25.068076,45.665594,0
                25.054592,45.66669,0
                25.044384,45.66749,0
                25.024556,45.669125,0
                25.008033,45.670642,0
                24.998035,45.6715,0
                24.987845,45.672373,0
                24.973985,45.672667,0
                24.965662,45.672826,0
                24.952923,45.67298,0
                24.943034,45.673216,0
                24.932838,45.673467,0
                24.924636,45.673887,0
                24.918073,45.674248,0
                24.910689,45.674677,0
                24.88372,45.676023,0
                24.858091,45.677509,0
                24.828873,45.679019,0
                24.808108,45.680121,0
                24.788292,45.680343,0
                24.773758,45.680542,0
                24.754278,45.680987,0
                24.735061,45.681242,0
                24.723721,45.681555,0
                24.690103,45.682651,0
                24.659188,45.679071,0
                24.645956,45.677251,0
                24.622971,45.67396,0
                24.58525,45.666466,0
                24.546141,45.658624,0
                24.52292,45.655206,0
                24.470573,45.647392,0
                24.426665,45.642948,0
                24.378274,45.641323,0
                24.35079,45.642194,0
                24.32983,45.642779,0
                24.264606,45.650036,0
                24.230774,45.654079,0
                24.204118,45.657217,0
                24.17847,45.66183,0
                24.159437,45.665005,0
                24.133163,45.669694,0
                24.103197,45.675007,0
                24.082176,45.678745,0
                24.061518,45.682711,0
                24.029684,45.688848,0
                24.001779,45.694104,0
                23.974133,45.699479,0
                23.954788,45.703149,0
                23.935317,45.706964,0
                23.917633,45.710401,0
                23.88027,45.717645,0
                23.843343,45.724359,0
                23.8088,45.730369,0
                23.778708,45.735633,0
                23.745091,45.741499,0
                23.728126,45.744461,0
                23.717996,45.745429,0
                23.683242,45.748808,0
                23.67076,45.749071,0
                23.63806,45.75015,0
                23.620627,45.750672,0
                23.601808,45.751285,0
                23.586554,45.751853,0
                23.570502,45.752466,0
                23.552371,45.753069,0
                23.538667,45.753576,0
                23.528375,45.753889,0
                23.520244,45.754215,0
                23.516918,45.754175,0
                23.500069,45.753644,0
                23.484462,45.753324,0
                23.475995,45.753127,0
                23.470843,45.752958,0
                23.466839,45.753018,0
                23.450265,45.752578,0
                23.431945,45.751997,0
                23.412994,45.751359,0
                23.401379,45.750809,0
                23.388954,45.750258,0
                23.377898,45.749884,0
                23.358435,45.749079,0
                23.336187,45.745932,0
                23.314052,45.742923,0
                23.291093,45.7396,0
                23.28229,45.738053,0
                23.2626,45.734415,0
                23.2481,45.731906,0
                23.234996,45.729509,0
                23.222725,45.727375,0
                23.212827,45.725498,0
                23.202574,45.723698,0
                23.180662,45.719846,0
                23.15864,45.715739,0
                23.144737,45.712091,0
                23.119335,45.705462,0
                23.096206,45.699318,0
                23.070214,45.692384,0
                23.058135,45.68933,0
                23.042705,45.684726,0
                23.01319,45.676059,0
                22.98354,45.667302,0
                22.961616,45.660813,0
                22.942464,45.654904,0
                22.926557,45.650182,0
                22.911461,45.645678,0
                22.894011,45.640366,0
                22.869495,45.632957,0
                22.8479,45.62635,0
                22.822191,45.618793,0
                22.808782,45.61472,0
                22.785645,45.607857,0
                22.758251,45.596744,0
                22.734574,45.586452,0
                22.713703,45.577303,0
                22.697832,45.570593,0
                22.679097,45.562204,0
                22.66165,45.554309,0
                22.648066,45.548222,0
                22.629262,45.53991,0
                22.617874,45.534923,0
                22.608133,45.529909,0
                22.592449,45.521726,0
                22.575793,45.513317,0
                22.557061,45.503681,0
                22.536048,45.493076,0
                22.512757,45.481014,0
                22.492159,45.469991,0
                22.475568,45.461265,0
                22.458223,45.452015,0
                22.444645,45.444706,0
                22.426738,45.43474,0
                22.413879,45.427565,0
                22.399192,45.419157,0
                22.379017,45.407741,0
                22.365758,45.40018,0
                22.352753,45.392969,0
                22.334487,45.382751,0
                22.323768,45.376568,0
                22.310735,45.369334,0
                22.298865,45.362759,0
                22.284772,45.356389,0
                22.271694,45.350239,0
                22.253549,45.34224,0
                22.233013,45.332847,0
                22.210823,45.323123,0
                22.189147,45.314643,0
                22.175825,45.309431,0
                22.155999,45.301529,0
                22.141609,45.295732,0
                22.114381,45.28446,0
                22.098683,45.278102,0
                22.085024,45.272744,0
                22.072197,45.267732,0
                22.058663,45.262682,0
                22.044488,45.257234,0
                22.032435,45.252606,0
                22.015046,45.243509,0
                21.999048,45.234812,0
                21.98759,45.227976,0
                21.972894,45.219024,0
                21.963163,45.213064,0
                21.952501,45.206441,0
                21.942823,45.200527,0
                21.925435,45.18484,0
                21.917839,45.177702,0
                21.911078,45.170756,0
                21.904283,45.164167,0
                21.897827,45.157711,0
                21.889146,45.149066,0
                21.882991,45.142778,0
                21.875534,45.13529,0
                21.8687,45.128533,0
                21.863453,45.121122,0
                21.858395,45.114214,0
                21.853932,45.108114,0
                21.851268,45.103435,0
                21.846753,45.095954,0
                21.841856,45.087739,0
                21.835061,45.076249,0
                21.826947,45.06218,0
                21.821906,45.053615,0
                21.815201,45.04222,0
                21.80896,45.031703,0
                21.80363,45.022465,0
                21.798719,45.013954,0
                21.792746,45.003804,0
                21.787028,44.993933,0
                21.782755,44.98671,0
                21.778823,44.980383,0
                21.775032,44.973877,0
                21.772338,44.969594,0
                21.769357,44.964758,0
                21.766846,44.960326,0
                21.764353,44.956118,0
                21.760101,44.949386,0
                21.756121,44.942666,0
                21.752449,44.936472,0
                21.74625,44.92708,0
                21.740935,44.919089,0
                21.735979,44.911456,0
                21.731411,44.904587,0
                21.726824,44.897525,0
                21.720979,44.890731,0
                21.716303,44.885349,0
                21.711048,44.879362,0
                21.704562,44.872414,0
                21.69477,44.86183,0
                21.685094,44.85198,0
                21.673262,44.840659,0
                21.663925,44.833261,0
                21.649156,44.821835,0
                21.627168,44.80815,0
                21.60759,44.796003,0
                21.60042,44.791997,0
                21.585918,44.783899,0
                21.579449,44.780269,0
                21.572353,44.776293,0
                21.565203,44.772372,0
                21.558312,44.768445,0
                21.560857,44.768128,0
                21.565691,44.766558,0
                21.568262,44.766131,0
                21.571728,44.764623,0
                21.578587,44.76256,0
                21.582332,44.762216,0
                21.585097,44.761303,0
                21.590281,44.758248,0
                21.593211,44.752943,0
                21.59432,44.751548,0
                21.59582,44.750257,0
                21.596442,44.749314,0
                21.599261,44.746824,0
                21.600324,44.744689,0
                21.602545,44.741955,0
                21.603748,44.740233,0
                21.607036,44.735763,0
                21.609132,44.732621,0
                21.611273,44.729294,0
                21.612183,44.726557,0
                21.61359,44.719263,0
                21.614422,44.716082,0
                21.614429,44.712352,0
                21.613652,44.709273,0
                21.612742,44.706394,0
                21.611588,44.702863,0
                21.611166,44.700276,0
                21.61131,44.693948,0
                21.611847,44.689659,0
                21.61258,44.68656,0
                21.61788,44.67221,0
                21.619798,44.667791,0
                21.622807,44.664814,0
                21.625671,44.662782,0
                21.62926,44.659903,0
                21.63389,44.657799,0
                21.635863,44.657186,0
                21.639652,44.656621,0
                21.64589,44.65646,0
                21.648644,44.656904,0
                21.655911,44.658786,0
                21.662163,44.660604,0
                21.668502,44.662716,0
                21.674612,44.664121,0
                21.679961,44.664702,0
                21.687051,44.66464,0
                21.690725,44.664229,0
                21.695441,44.663093,0
                21.699103,44.661516,0
                21.703828,44.659364,0
                21.708609,44.656597,0
                21.720509,44.653315,0
                21.725344,44.653099,0
                21.730463,44.65331,0
                21.737956,44.654254,0
                21.741281,44.654648,0
                21.746773,44.655977,0
                21.748539,44.656581,0
                21.759953,44.659232,0
                21.765443,44.66022,0
                21.775064,44.660452,0
                21.782794,44.659386,0
                21.7925,44.657988,0
                21.808674,44.652819,0
                21.814626,44.651146,0
                21.823276,44.651882,0
                21.826049,44.652321,0
                21.831826,44.654131,0
                21.83461,44.654459,0
                21.845953,44.654096,0
                21.85223,44.653367,0
                21.863232,44.651833,0
                21.870432,44.650248,0
                21.877616,44.647846,0
                21.883949,44.645537,0
                21.889838,44.644417,0
                21.895322,44.644438,0
                21.899671,44.64523,0
                21.902289,44.646045,0
                21.909703,44.647308,0
                21.916978,44.646745,0
                21.923236,44.645442,0
                21.930134,44.642744,0
                21.934447,44.64014,0
                21.942838,44.636367,0
                21.945826,44.636151,0
                21.951257,44.634637,0
                21.957799,44.634156,0
                21.960699,44.634324,0
                21.966686,44.633835,0
                21.970668,44.634129,0
                21.980296,44.634179,0
                21.984531,44.634103,0
                21.989886,44.633596,0
                21.997206,44.628972,0
                22.000573,44.622858,0
                22.000837,44.621364,0
                22.000975,44.61799,0
                22.001907,44.613578,0
                22.002245,44.611414,0
                22.004041,44.608837,0
                22.006223,44.606943,0
                22.007222,44.605703,0
                22.011359,44.602515,0
                22.015083,44.599782,0
                22.017612,44.598097,0
                22.020285,44.596776,0
                22.021806,44.596045,0
                22.023215,44.59508,0
                22.025802,44.592358,0
                22.026822,44.59067,0
                22.02855,44.586239,0
                22.028042,44.584993,0
                22.026049,44.580524,0
                22.026546,44.576966,0
                22.02623,44.57123,0
                22.026506,44.569832,0
                22.026883,44.561108,0
                22.027429,44.55981,0
                22.02971,44.556908,0
                22.030454,44.554016,0
                22.031412,44.553025,0
                22.031174,44.550354,0
                22.032295,44.547546,0
                22.035473,44.544942,0
                22.036969,44.542171,0
                22.040971,44.538766,0
                22.045407,44.537036,0
                22.052684,44.534906,0
                22.057024,44.532689,0
                22.065608,44.528022,0
                22.06802,44.526905,0
                22.076461,44.518306,0
                22.077796,44.511794,0
                22.079328,44.508822,0
                22.083907,44.501946,0
                22.088747,44.498619,0
                22.094724,44.496292,0
                22.099021,44.494273,0
                22.105018,44.49086,0
                22.105892,44.489994,0
                22.108266,44.48758,0
                22.120264,44.479736,0
                22.124798,44.477467,0
                22.129466,44.476765,0
                22.162321,44.474712,0
                22.165162,44.474788,0
                22.169386,44.475923,0
                22.176187,44.478155,0
                22.180313,44.479936,0
                22.185771,44.487129,0
                22.189896,44.494868,0
                22.190711,44.499022,0
                22.195424,44.508654,0
                22.198094,44.512311,0
                22.200225,44.513607,0
                22.203288,44.516488,0
                22.206412,44.52042,0
                22.207555,44.523384,0
                22.208874,44.52494,0
                22.211041,44.530993,0
                22.213424,44.535438,0
                22.216034,44.539067,0
                22.220046,44.543087,0
                22.227004,44.55246,0
                22.230311,44.557062,0
                22.233469,44.561446,0
                22.237891,44.566701,0
                22.242529,44.571263,0
                22.245857,44.575254,0
                22.253964,44.585698,0
                22.260493,44.591673,0
                22.263727,44.596624,0
                22.271276,44.607479,0
                22.273459,44.616836,0
                22.273332,44.620025,0
                22.275968,44.626666,0
                22.277722,44.628467,0
                22.279544,44.628916,0
                22.282883,44.629284,0
                22.285678,44.63013,0
                22.289185,44.632307,0
                22.290874,44.634441,0
                22.294082,44.636585,0
                22.298291,44.638557,0
                22.300714,44.640354,0
                22.302898,44.643893,0
                22.303907,44.647742,0
                22.303353,44.653665,0
                22.304024,44.65563,0
                22.305716,44.65791,0
                22.315498,44.664708,0
                22.317479,44.665476,0
                22.33067,44.673884,0
                22.334528,44.675684,0
                22.337998,44.676019,0
                22.342741,44.675188,0
                22.352587,44.673115,0
                22.361387,44.672665,0
                22.367378,44.672292,0
                22.371759,44.672851,0
                22.374896,44.673425,0
                22.380405,44.675585,0
                22.384085,44.676823,0
                22.389569,44.679116,0
                22.395783,44.68311,0
                22.404233,44.688644,0
                22.410141,44.695255,0
                22.413832,44.698462,0
                22.41712,44.702784,0
                22.422973,44.706714,0
                22.428056,44.708627,0
                22.435168,44.710464,0
                22.440336,44.711293,0
                22.454404,44.713182,0
                22.457251,44.713319,0
                22.464162,44.714878,0
                22.465915,44.714706,0
                22.471988,44.711891,0
                22.47358,44.711567,0
                22.481004,44.708005,0
                22.485589,44.703961,0
                22.499277,44.694341,0
                22.500762,44.692038,0
                22.503816,44.688782,0
                22.513466,44.681146,0
                22.51637,44.67891,0
                22.518817,44.676563,0
                22.52894,44.67011,0
                22.535508,44.666017,0
                22.541017,44.662661,0
                22.580571,44.632319,0
                22.584041,44.63115,0
                22.601321,44.624139,0
                22.609371,44.619452,0
                22.611144,44.618104,0
                22.62368,44.614455,0
                22.631844,44.613249,0
                22.641225,44.614521,0
                22.657992,44.617937,0
                22.665887,44.618201,0
                22.67472,44.615532,0
                22.679384,44.612565,0
                22.684293,44.607237,0
                22.689246,44.605347,0
                22.694695,44.604836,0
                22.699455,44.60392,0
                22.706786,44.602436,0
                22.711787,44.600726,0
                22.717155,44.595986,0
                22.723117,44.588538,0
                22.733701,44.58059,0
                22.746033,44.571869,0
                22.751445,44.566317,0
                22.755131,44.56135,0
                22.757269,44.558554,0
                22.759333,44.554594,0
                22.761703,44.550526,0
                22.763295,44.54583,0
                22.76281,44.541701,0
                22.761367,44.538639,0
                22.755894,44.535142,0
                22.751593,44.533099,0
                22.747655,44.532189,0
                22.734694,44.527368,0
                22.732316,44.527064,0
                22.715833,44.521166,0
                22.712369,44.519752,0
                22.710472,44.519166,0
                22.709326,44.51865,0
                22.700514,44.516735,0
                22.69479,44.516199,0
                22.688848,44.517342,0
                22.683687,44.519445,0
                22.669819,44.526801,0
                22.64341,44.543038,0
                22.628754,44.548968,0
                22.607486,44.552341,0
                22.602258,44.552188,0
                22.592389,44.550778,0
                22.584433,44.549,0
                22.571461,44.541709,0
                22.56922,44.540406,0
                22.564873,44.534547,0
                22.56177,44.528122,0
                22.560762,44.526868,0
                22.560153,44.511143,0
                22.558313,44.50157,0
                22.555706,44.497567,0
                22.552091,44.49341,0
                22.541343,44.485032,0
                22.533754,44.479677,0
                22.525675,44.47657,0
                22.519892,44.475337,0
                22.514491,44.474617,0
                22.506589,44.47502,0
                22.498959,44.478037,0
                22.484552,44.480228,0
                22.46939,44.48116,0
                22.463889,44.479951,0
                22.460334,44.478043,0
                22.457475,44.474976,0
                22.45453,44.467339,0
                22.455354,44.464964,0
                22.459373,44.458209,0
                22.46029,44.455368,0
                22.465257,44.444197,0
                22.467304,44.441939,0
                22.473973,44.435904,0
                22.490208,44.427175,0
                22.499102,44.422216,0
                22.500059,44.420673,0
                22.500396,44.406673,0
                22.50071,44.403619,0
                22.500467,44.399831,0
                22.500795,44.389441,0
                22.500372,44.387629,0
                22.501458,44.381477,0
                22.502602,44.37893,0
                22.505441,44.37702,0
                22.510613,44.370772,0
                22.514026,44.364148,0
                22.517883,44.35321,0
                22.521931,44.343789,0
                22.525439,44.339105,0
                22.527617,44.337134,0
                22.537637,44.328289,0
                22.542975,44.325185,0
                22.546637,44.322401,0
                22.551063,44.318058,0
                22.554326,44.314372,0
                22.557574,44.308689,0
                22.567648,44.302634,0
                22.572061,44.30142,0
                22.576718,44.300433,0
                22.588935,44.298844,0
                22.618903,44.292765,0
                22.626875,44.291891,0
                22.649628,44.291321,0
                22.662485,44.288177,0
                22.673357,44.28288,0
                22.680302,44.276115,0
                22.685441,44.265227,0
                22.686258,44.260263,0
                22.686239,44.257264,0
                22.685982,44.249881,0
                22.683293,44.247987,0
                22.681193,44.244928,0
                22.68044,44.242813,0
                22.678775,44.242043,0
                22.67746,44.238853,0
                22.675556,44.237311,0
                22.674809,44.234653,0
                22.673827,44.233267,0
                22.671619,44.227538,0
                22.671416,44.222954,0
                22.675843,44.215505,0
                22.68031,44.211528,0
                22.687217,44.206526,0
                22.693724,44.204211,0
                22.704027,44.202392,0
                22.712822,44.202673,0
                22.72494,44.207083,0
                22.737464,44.211023,0
                22.752685,44.216472,0
                22.76619,44.221829,0
                22.778599,44.226506,0
                22.788542,44.230414,0
                22.797165,44.233789,0
                22.809654,44.237725,0
                22.823346,44.241651,0
                22.840078,44.246588,0
                22.85036,44.249028,0
                22.862689,44.251185,0
                22.874445,44.253399,0
                22.881522,44.254933,0
                22.888091,44.25669,0
                22.894668,44.257973,0
                22.898551,44.25894,0
                22.905557,44.260187,0
                22.912953,44.261072,0
                22.920129,44.261598,0
                22.926077,44.261672,0
                22.936085,44.261373,0
                22.943774,44.261335,0
                22.952425,44.260919,0
                22.963006,44.259524,0
                22.974545,44.257337,0
                22.983449,44.2558,0
                22.992695,44.254375,0
                23.001604,44.253309,0
                23.010618,44.25183,0
                23.020412,44.250446,0
                23.02924,44.249305,0
                23.04044,44.247978,0
                23.052709,44.246522,0
                23.062621,44.245611,0
                23.071236,44.244518,0
                23.079772,44.243221,0
                23.091391,44.241343,0
                23.103752,44.238987,0
                23.115007,44.23713,0
                23.126983,44.235237,0
                23.138078,44.232629,0
                23.145097,44.230388,0
                23.151454,44.228003,0
                23.15975,44.223995,0
                23.164438,44.221269,0
                23.169533,44.217968,0
                23.175207,44.213991,0
                23.178923,44.211634,0
                23.182317,44.209798,0
                23.187072,44.206922,0
                23.192373,44.203621,0
                23.19763,44.200136,0
                23.200566,44.198855,0
                23.208803,44.194905,0
                23.215576,44.192024,0
                23.221614,44.189187,0
                23.229093,44.185883,0
                23.234881,44.183631,0
                23.242504,44.180053,0
                23.2499,44.176158,0
                23.261855,44.170729,0
                23.270174,44.166703,0
                23.277255,44.163891,0
                23.28456,44.161123,0
                23.290001,44.159395,0
                23.296873,44.156989,0
                23.301994,44.154962,0
                23.311388,44.150614,0
                23.321762,44.14637,0
                23.328039,44.143383,0
                23.338219,44.13925,0
                23.345989,44.136041,0
                23.353264,44.13308,0
                23.364148,44.128063,0
                23.371602,44.124552,0
                23.376259,44.12277,0
                23.383726,44.120266,0
                23.392014,44.117555,0
                23.399236,44.114976,0
                23.407048,44.111749,0
                23.412894,44.108839,0
                23.420364,44.104936,0
                23.430036,44.10072,0
                23.437446,44.097585,0
                23.446143,44.094695,0
                23.450085,44.093563,0
                23.455264,44.092462,0
                23.459657,44.091627,0
                23.46318,44.090853,0
                23.466577,44.089665,0
                23.472584,44.087553,0
                23.480652,44.084412,0
                23.487195,44.081941,0
                23.49103,44.080449,0
                23.49646,44.078962,0
                23.502768,44.077347,0
                23.510708,44.075717,0
                23.523191,44.072678,0
                23.534857,44.069972,0
                23.545697,44.066428,0
                23.556968,44.063341,0
                23.566258,44.060836,0
                23.577538,44.056531,0
                23.584963,44.053313,0
                23.594575,44.049189,0
                23.604238,44.045689,0
                23.607048,44.044711,0
                23.610108,44.043958,0
                23.612937,44.042846,0
                23.61444,44.042365,0
                23.616967,44.041362,0
                23.620978,44.04016,0
                23.630035,44.036803,0
                23.639081,44.034536,0
                23.645509,44.033196,0
                23.652451,44.032124,0
                23.663758,44.02985,0
                23.67574,44.027444,0
                23.68534,44.025084,0
                23.698081,44.022251,0
                23.709155,44.020156,0
                23.716692,44.019194,0
                23.725296,44.017695,0
                23.730521,44.016853,0
                23.743172,44.015227,0
                23.75278,44.014426,0
                23.758292,44.014019,0
                23.765519,44.013419,0
                23.775939,44.012281,0
                23.784194,44.011024,0
                23.792207,44.009611,0
                23.795281,44.008658,0
                23.803189,44.006764,0
                23.810895,44.005148,0
                23.823557,44.002843,0
                23.833946,44.00136,0
                23.844815,44.00032,0
                23.857177,43.998539,0
                23.869774,43.996899,0
                23.882282,43.995641,0
                23.889008,43.994522,0
                23.899594,43.99324,0
                23.909003,43.992038,0
                23.919101,43.989695,0
                23.927696,43.988582,0
                23.939173,43.98744,0
                23.951691,43.985842,0
                23.9624,43.985117,0
                23.971904,43.984765,0
                23.982405,43.984562,0
                23.991746,43.984126,0
                24.000368,43.983565,0
                24.006775,43.98329,0
                24.013401,43.983435,0
                24.028199,43.983318,0
                24.039644,43.982993,0
                24.055957,43.983194,0
                24.070251,43.983194,0
                24.082061,43.982957,0
                24.09385,43.982852,0
                24.104613,43.982285,0
                24.112393,43.981512,0
                24.120984,43.980335,0
                24.125,43.979724,0
                24.135084,43.978721,0
                24.146125,43.978012,0
                24.155852,43.977396,0
                24.167947,43.977039,0
                24.17811,43.977195,0
                24.1879,43.977321,0
                24.195169,43.977508,0
                24.208277,43.978306,0
                24.219015,43.978976,0
                24.237557,43.979806,0
                24.244111,43.980403,0
                24.251611,43.98101,0
                24.257731,43.981975,0
                24.266118,43.983931,0
                24.27905,43.987329,0
                24.290112,43.989566,0
                24.298419,43.991445,0
                24.307077,43.993418,0
                24.320745,43.996668,0
                24.330758,43.997807,0
                24.340501,43.998691,0
                24.350181,43.999667,0
                24.356186,44.000685,0
                24.361818,44.00206,0
                24.372251,44.006321,0
                24.377046,44.008317,0
                24.383627,44.011529,0
                24.395191,44.016388,0
                24.404921,44.019939,0
                24.415046,44.022837,0
                24.422928,44.024717,0
                24.435591,44.02984,0
                24.454298,44.037469,0
                24.464661,44.04099,0
                24.477905,44.045344,0
                24.494875,44.051005,0
                24.508201,44.055567,0
                24.52376,44.060054,0
                24.533009,44.063079,0
                24.54258,44.06691,0
                24.551804,44.070067,0
                24.5618,44.073149,0
                24.577121,44.078539,0
                24.580958,44.080059,0
                24.587775,44.082419,0
                24.61307,44.092125,0
                24.626187,44.096046,0
                24.63838,44.099679,0
                24.656642,44.105062,0
                24.669891,44.109107,0
                24.695244,44.116048,0
                24.702846,44.118377,0
                24.70696,44.119628,0
                24.71669,44.121448,0
                24.721096,44.122651,0
                24.7291,44.125411,0
                24.73753,44.129144,0
                24.746242,44.132867,0
                24.753583,44.135778,0
                24.761408,44.138193,0
                24.770387,44.140337,0
                24.781705,44.142739,0
                24.78877,44.144103,0
                24.795615,44.145897,0
                24.802895,44.148086,0
                24.815722,44.151205,0
                24.823578,44.153813,0
                24.833652,44.15698,0
                24.846111,44.160219,0
                24.854125,44.162434,0
                24.862789,44.165104,0
                24.875881,44.169552,0
                24.881513,44.171318,0
                24.893978,44.174467,0
                24.90618,44.177008,0
                24.915878,44.17834,0
                24.924239,44.179639,0
                24.929303,44.180354,0
                24.937955,44.181675,0
                24.947877,44.18353,0
                24.957047,44.185886,0
                24.963023,44.187943,0
                24.969558,44.190109,0
                24.977249,44.1933,0
                24.986245,44.196884,0
                24.991747,44.198366,0
                24.997913,44.199227,0
                25.007789,44.200489,0
                25.01655,44.201816,0
                25.023832,44.202344,0
                25.033572,44.202793,0
                25.042516,44.203251,0
                25.058185,44.203528,0
                25.074242,44.203838,0
                25.10034,44.204547,0
                25.109631,44.204098,0
                25.118046,44.203892,0
                25.12744,44.203143,0
                25.138881,44.202175,0
                25.148699,44.201272,0
                25.161807,44.200388,0
                25.175091,44.199394,0
                25.188766,44.198381,0
                25.201535,44.197003,0
                25.211521,44.195625,0
                25.218764,44.194225,0
                25.225246,44.193178,0
                25.23238,44.191944,0
                25.239346,44.190746,0
                25.250668,44.189092,0
                25.258316,44.1881,0
                25.262236,44.187576,0
                25.269556,44.186634,0
                25.27648,44.18587,0
                25.282943,44.185279,0
                25.289417,44.184428,0
                25.298864,44.183399,0
                25.309246,44.182154,0
                25.317958,44.180762,0
                25.322919,44.180094,0
                25.331001,44.178663,0
                25.339155,44.177563,0
                25.347591,44.175867,0
                25.361828,44.173093,0
                25.371139,44.171134,0
                25.386235,44.167557,0
                25.393969,44.165557,0
                25.405488,44.161981,0
                25.416584,44.158914,0
                25.428943,44.15477,0
                25.435914,44.152413,0
                25.445546,44.14932,0
                25.455307,44.146642,0
                25.463047,44.144591,0
                25.47501,44.141223,0
                25.482637,44.139061,0
                25.497701,44.135119,0
                25.508082,44.132535,0
                25.51804,44.130067,0
                25.530529,44.126987,0
                25.538737,44.125213,0
                25.5511,44.12212,0
                25.562562,44.119508,0
                25.577625,44.115685,0
                25.59335,44.112389,0
                25.60124,44.110925,0
                25.614959,44.108845,0
                25.628731,44.106607,0
                25.636888,44.104819,0
                25.644381,44.103248,0
                25.654101,44.101078,0
                25.665224,44.09855,0
                25.675637,44.095878,0
                25.684634,44.093178,0
                25.695769,44.090479,0
                25.704527,44.088261,0
                25.715896,44.085694,0
                25.721455,44.084705,0
                25.730236,44.082544,0
                25.741083,44.080087,0
                25.7492,44.078095,0
                25.76314,44.074385,0
                25.77065,44.072311,0
                25.785268,44.067796,0
                25.794058,44.065503,0
                25.805697,44.062159,0
                25.815572,44.059579,0
                25.825639,44.057477,0
                25.838943,44.054269,0
                25.854229,44.050494,0
                25.859618,44.049339,0
                25.872924,44.045935,0
                25.885545,44.042637,0
                25.896004,44.040215,0
                25.910409,44.036502,0
                25.923502,44.033279,0
                25.935757,44.030213,0
                25.951439,44.02699,0
                25.970312,44.023107,0
                25.985406,44.020168,0
                25.99869,44.017706,0
                26.00992,44.015331,0
                26.026552,44.011058,0
                26.042029,44.00605,0
                26.060196,44.000337,0
                26.072753,43.996975,0
                26.084392,43.994183,0
                26.098427,43.991017,0
                26.103612,43.989905,0
                26.118571,43.986977,0
                26.130641,43.983917,0
                26.138641,43.981735,0
                26.144546,43.983338,0
                26.15214,43.98475,0
                26.1608,43.986614,0
                26.17675,43.986862,0
                26.185969,43.985603,0
                26.19557,43.985234,0
                26.199099,43.985322,0
                26.229591,43.995774,0
                26.234709,43.99908,0
                26.247227,44.001912,0
                26.263627,44.007128,0
                26.280081,44.013088,0
                26.282516,44.014068,0
                26.287587,44.01812,0
                26.299887,44.022973,0
                26.310357,44.026779,0
                26.31554,44.029351,0
                26.338588,44.033439,0
                26.347913,44.035585,0
                26.351181,44.036596,0
                26.357484,44.03721,0
                26.363319,44.036523,0
                26.369921,44.037208,0
                26.373136,44.03775,0
                26.390536,44.040383,0
                26.398414,44.040989,0
                26.404548,44.04011,0
                26.416202,44.036651,0
                26.426144,44.036005,0
                26.431942,44.035783,0
                26.437264,44.036814,0
                26.44302,44.039274,0
                26.456571,44.038977,0
                26.46429,44.039237,0
                26.476709,44.041305,0
                26.481197,44.042298,0
                26.484896,44.043866,0
                26.49066,44.045248,0
                26.495193,44.045707,0
                26.508643,44.050573,0
                26.514909,44.052644,0
                26.543958,44.056541,0
                26.557182,44.057894,0
                26.583368,44.054,0
                26.587434,44.053296,0
                26.595893,44.052438,0
                26.600655,44.052366,0
                26.61681,44.056919,0
                26.641244,44.060737,0
                26.646749,44.060581,0
                26.658721,44.062408,0
                26.664989,44.064472,0
                26.67528,44.068778,0
                26.678069,44.070098,0
                26.694113,44.075043,0
                26.715349,44.07825,0
                26.725013,44.076819,0
                26.74031,44.075755,0
                26.767105,44.079373,0
                26.772347,44.080455,0
                26.777622,44.082343,0
                26.784555,44.085914,0
                26.788613,44.087959,0
                26.813305,44.098438,0
                26.819878,44.101791,0
                26.827471,44.104039,0
                26.836463,44.109756,0
                26.849761,44.114168,0
                26.855219,44.116126,0
                26.86013,44.11793,0
                26.86461,44.119024,0
                26.874384,44.121105,0
                26.877867,44.122046,0
                26.891354,44.127079,0
                26.900271,44.131992,0
                26.913951,44.133791,0
                26.917689,44.133733,0
                26.928803,44.132416,0
                26.931619,44.133462,0
                26.966914,44.134671,0
                26.971868,44.134591,0
                26.982045,44.134037,0
                26.98887,44.133893,0
                26.99491,44.134254,0
                26.998743,44.13547,0
                27.005289,44.136588,0
                27.017537,44.1404,0
                27.02666,44.142218,0
                27.044661,44.143559,0
                27.058561,44.146492,0
                27.057553,44.162298,0
                27.056859,44.174911,0
                27.055992,44.181982,0
                27.05505,44.1929,0
                27.054731,44.198518,0
                27.05446,44.209592,0
                27.053583,44.219497,0
                27.051894,44.23535,0
                27.051867,44.242233,0
                27.050729,44.253105,0
                27.04983,44.263668,0
                27.04783,44.280264,0
                27.047017,44.289458,0
                27.046704,44.299199,0
                27.046176,44.308085,0
                27.045277,44.321003,0
                27.044899,44.327724,0
                27.044287,44.341103,0
                27.043737,44.347451,0
                27.043645,44.364249,0
                27.043485,44.376785,0
                27.04385,44.387024,0
                27.043555,44.395088,0
                27.043412,44.400797,0
                27.04351,44.410942,0
                27.043524,44.420976,0
                27.043737,44.42804,0
                27.043304,44.43659,0
                27.04335,44.444834,0
                27.042975,44.453831,0
                27.043078,44.464821,0
                27.042562,44.479627,0
                27.042661,44.489768,0
                27.042728,44.499097,0
                27.042894,44.511916,0
                27.042709,44.526035,0
                27.04248,44.536887,0
                27.042838,44.547281,0
                27.043215,44.563095,0
                27.044342,44.576024,0
                27.04504,44.582265,0
                27.045848,44.592546,0
                27.047381,44.605039,0
                27.049566,44.619312,0
                27.051892,44.633488,0
                27.05382,44.647792,0
                27.05497,44.660167,0
                27.056156,44.67242,0
                27.057658,44.687451,0
                27.059389,44.704959,0
                27.060135,44.713287,0
                27.062126,44.726301,0
                27.063222,44.738167,0
                27.063643,44.746495,0
                27.063663,44.755366,0
                27.064105,44.765932,0
                27.064472,44.773729,0
                27.064801,44.777079,0
                27.064296,44.782941,0
                27.064823,44.790483,0
                27.065214,44.797441,0
                27.066276,44.809011,0
                27.067313,44.815362,0
                27.067618,44.820309,0
                27.06813,44.828425,0
                27.068756,44.834178,0
                27.069293,44.841922,0
                27.069698,44.852397,0
                27.070053,44.861601,0
                27.070415,44.866514,0
                27.070812,44.871654,0
                27.071628,44.879757,0
                27.072307,44.890455,0
                27.07326,44.900367,0
                27.073719,44.903253,0
                27.075043,44.910822,0
                27.076137,44.917714,0
                27.076754,44.923258,0
                27.078277,44.931391,0
                27.079346,44.937026,0
                27.081257,44.943475,0
                27.082313,44.948579,0
                27.085203,44.963982,0
                27.086341,44.970128,0
                27.08707,44.974831,0
                27.087766,44.98107,0
                27.089124,44.990704,0
                27.090427,44.998706,0
                27.091614,45.00443,0
                27.092626,45.008806,0
                27.093899,45.01596,0
                27.094937,45.025122,0
                27.095424,45.034922,0
                27.095838,45.042685,0
                27.096557,45.046783,0
                27.098194,45.054527,0
                27.100276,45.061911,0
                27.101237,45.065745,0
                27.103507,45.077421,0
                27.103953,45.081916,0
                27.10538,45.086952,0
                27.111224,45.10339,0
                27.114696,45.112506,0
                27.119887,45.125736,0
                27.123079,45.135415,0
                27.12548,45.141821,0
                27.127944,45.149641,0
                27.132845,45.165554,0
                27.136213,45.177251,0
                27.141825,45.192413,0
                27.147498,45.207044,0
                27.150112,45.212657,0
                27.151517,45.216659,0
                27.152469,45.219033,0
                27.155737,45.23208,0
                27.156491,45.234789,0
                27.158484,45.240126,0
                27.161771,45.249776,0
                27.165692,45.262039,0
                27.170049,45.271457,0
                27.174517,45.281531,0
                27.176943,45.287415,0
                27.178513,45.294741,0
                27.181936,45.306085,0
                27.183318,45.310667,0
                27.1853,45.315843,0
                27.187319,45.320777,0
                27.189227,45.327042,0
                27.190566,45.332164,0
                27.191429,45.337465,0
                27.19259,45.347661,0
                27.193879,45.353328,0
                27.19473,45.357422,0
                27.195535,45.368876,0
                27.196941,45.377155,0
                27.198928,45.382498,0
                27.201327,45.389687,0
                27.203564,45.397307,0
                27.204753,45.405657,0
                27.205294,45.408879,0
                27.205296,45.415588,0
                27.205618,45.424355,0
                27.206428,45.43036,0
                27.20711,45.435472,0
                27.208631,45.444414,0
                27.21106,45.457045,0
                27.212831,45.468185,0
                27.214777,45.480976,0
                27.216453,45.493379,0
                27.21749,45.504105,0
                27.218268,45.514521,0
                27.219642,45.526062,0
                27.221049,45.535755,0
                27.222216,45.543554,0
                27.222898,45.551791,0
                27.223638,45.558526,0
                27.223674,45.569489,0
                27.223942,45.582786,0
                27.224215,45.590997,0
                27.225361,45.607726,0
                27.226284,45.619981,0
                27.227901,45.63384,0
                27.228702,45.638582,0
                27.228929,45.645217,0
                27.228634,45.652444,0
                27.228158,45.656721,0
                27.226805,45.66557,0
                27.225525,45.676282,0
                27.22508,45.684228,0
                27.224447,45.688738,0
                27.222794,45.697432,0
                27.220234,45.710215,0
                27.218475,45.722162,0
                27.216994,45.732004,0
                27.215308,45.74216,0
                27.214026,45.746667,0
                27.209811,45.754953,0
                27.205479,45.766025,0
                27.200347,45.777711,0
                27.197199,45.783415,0
                27.193558,45.792833,0
                27.191651,45.799438,0
                27.190413,45.804688,0
                27.187325,45.814529,0
                27.185512,45.821178,0
                27.184193,45.826262,0
                27.182718,45.830882,0
                27.18075,45.834401,0
                27.178094,45.838221,0
                27.175579,45.842714,0
                27.173451,45.845344,0
                27.171189,45.849022,0
                27.169026,45.852653,0
                27.16659,45.857403,0
                27.165528,45.860278,0
                27.164414,45.863911,0
                27.162631,45.867552,0
                27.158944,45.873391,0
                27.156197,45.879896,0
                27.154434,45.884587,0
                27.152559,45.889414,0
                27.15069,45.895763,0
                27.147361,45.902627,0
                27.144218,45.908937,0
                27.139949,45.91811,0
                27.138597,45.921065,0
                27.13343,45.929687,0
                27.126684,45.941029,0
                27.120277,45.955087,0
                27.118141,45.96306,0
                27.116058,45.968839,0
                27.112161,45.975796,0
                27.110539,45.97879,0
                27.107241,45.986328,0
                27.105386,45.993506,0
                27.103099,45.999392,0
                27.101127,46.004523,0
                27.099097,46.009257,0
                27.097206,46.013459,0
                27.094098,46.019154,0
                27.089408,46.02998,0
                27.085102,46.04045,0
                27.082612,46.047879,0
                27.080505,46.055269,0
                27.079276,46.059204,0
                27.077389,46.064058,0
                27.075973,46.067527,0
                27.07521,46.070302,0
                27.073675,46.07515,0
                27.072607,46.078794,0
                27.071165,46.083338,0
                27.068243,46.088958,0
                27.065464,46.093624,0
                27.064095,46.096765,0
                27.060432,46.103604,0
                27.057972,46.108762,0
                27.05687,46.111793,0
                27.053211,46.122627,0
                27.04996,46.12988,0
                27.045673,46.13747,0
                27.041677,46.144983,0
                27.040195,46.148093,0
                27.034814,46.161221,0
                27.032236,46.168335,0
                27.027118,46.178849,0
                27.021791,46.190656,0
                27.020874,46.194104,0
                27.016153,46.20449,0
                27.01281,46.211271,0
                27.009461,46.218163,0
                27.004524,46.228932,0
                27.001829,46.233867,0
                26.998454,46.23963,0
                26.996327,46.24401,0
                26.993437,46.250555,0
                26.989784,46.258003,0
                26.987916,46.263934,0
                26.984193,46.271781,0
                26.980826,46.277934,0
                26.97644,46.286325,0
                26.974283,46.290365,0
                26.972979,46.294519,0
                26.971133,46.299041,0
                26.970078,46.302418,0
                26.967799,46.305736,0
                26.963792,46.313646,0
                26.960765,46.320769,0
                26.958481,46.325885,0
                26.956345,46.331856,0
                26.953931,46.338549,0
                26.952473,46.342874,0
                26.949135,46.349821,0
                26.946272,46.35742,0
                26.942373,46.365573,0
                26.938809,46.371352,0
                26.936992,46.374867,0
                26.935979,46.378428,0
                26.934454,46.382519,0
                26.932047,46.388049,0
                26.931163,46.39094,0
                26.926039,46.400809,0
                26.921922,46.408735,0
                26.918832,46.41469,0
                26.913398,46.425938,0
                26.909122,46.434925,0
                26.904028,46.446431,0
                26.902633,46.450395,0
                26.899001,46.458008,0
                26.895184,46.466929,0
                26.892214,46.474559,0
                26.885741,46.488043,0
                26.883096,46.494018,0
                26.879822,46.500819,0
                26.876202,46.509492,0
                26.873381,46.517749,0
                26.868251,46.531431,0
                26.863606,46.539836,0
                26.858726,46.550205,0
                26.857463,46.5531,0
                26.854322,46.560139,0
                26.849637,46.569395,0
                26.846012,46.576122,0
                26.840698,46.583465,0
                26.832614,46.594926,0
                26.827164,46.608904,0
                26.823474,46.619782,0
                26.820984,46.62604,0
                26.819726,46.630255,0
                26.813554,46.643462,0
                26.808339,46.653956,0
                26.803611,46.66409,0
                26.800281,46.672181,0
                26.794342,46.683542,0
                26.786967,46.695407,0
                26.776411,46.710891,0
                26.76618,46.727954,0
                26.758855,46.740366,0
                26.750099,46.756563,0
                26.741628,46.773312,0
                26.732872,46.789594,0
                26.725531,46.80277,0
                26.721677,46.808736,0
                26.71381,46.823934,0
                26.707849,46.8344,0
                26.69955,46.846788,0
                26.692306,46.856446,0
                26.687443,46.863787,0
                26.684528,46.869393,0
                26.676103,46.882765,0
                26.671552,46.89109,0
                26.668629,46.89728,0
                26.662684,46.907046,0
                26.657943,46.916148,0
                26.656182,46.919423,0
                26.651484,46.927972,0
                26.65014,46.929939,0
                26.646903,46.936383,0
                26.643092,46.943999,0
                26.641294,46.947158,0
                26.636425,46.955253,0
                26.632251,46.962361,0
                26.625515,46.971871,0
                26.623276,46.97504,0
                26.617034,46.985498,0
                26.610068,46.998344,0
                26.608221,47.00206,0
                26.601319,47.012593,0
                26.598422,47.016768,0
                26.595459,47.021808,0
              </coordinates>
            </LinearRing>
          </outerBoundaryIs>
        </Polygon>
      </Placemark>
    </Folder>
  </Document>
</kml>
