<?xml version="1.0" encoding="UTF-8"?>
<kml xmlns="http://www.opengis.net/kml/2.2">
  <Document>
    <name>Harta de zonare seismică (Tc) din P100-2013</name>
    <description/>
    <Style id="line-0000FF-4000-nodesc-normal">
      <LineStyle>
        <color>ffff0000</color>
        <width>4</width>
      </LineStyle>
      <BalloonStyle>
        <text><![CDATA[<h3>$[name]</h3>]]></text>
      </BalloonStyle>
    </Style>
    <Style id="line-0000FF-4000-nodesc-highlight">
      <LineStyle>
        <color>ffff0000</color>
        <width>6</width>
      </LineStyle>
      <BalloonStyle>
        <text><![CDATA[<h3>$[name]</h3>]]></text>
      </BalloonStyle>
    </Style>
    <StyleMap id="line-0000FF-4000-nodesc">
      <Pair>
        <key>normal</key>
        <styleUrl>#line-0000FF-4000-nodesc-normal</styleUrl>
      </Pair>
      <Pair>
        <key>highlight</key>
        <styleUrl>#line-0000FF-4000-nodesc-highlight</styleUrl>
      </Pair>
    </StyleMap>
    <Style id="poly-00FF00-1000-76-normal">
      <LineStyle>
        <color>ff00ff00</color>
        <width>1</width>
      </LineStyle>
      <PolyStyle>
        <color>4c00ff00</color>
        <fill>1</fill>
        <outline>1</outline>
      </PolyStyle>
    </Style>
    <Style id="poly-00FF00-1000-76-highlight">
      <LineStyle>
        <color>ff00ff00</color>
        <width>1.5</width>
      </LineStyle>
      <PolyStyle>
        <color>4c00ff00</color>
        <fill>1</fill>
        <outline>1</outline>
      </PolyStyle>
    </Style>
    <StyleMap id="poly-00FF00-1000-76">
      <Pair>
        <key>normal</key>
        <styleUrl>#poly-00FF00-1000-76-normal</styleUrl>
      </Pair>
      <Pair>
        <key>highlight</key>
        <styleUrl>#poly-00FF00-1000-76-highlight</styleUrl>
      </Pair>
    </StyleMap>
    <Style id="poly-00FFFF-1000-76-normal">
      <LineStyle>
        <color>ffffff00</color>
        <width>1</width>
      </LineStyle>
      <PolyStyle>
        <color>4cffff00</color>
        <fill>1</fill>
        <outline>1</outline>
      </PolyStyle>
    </Style>
    <Style id="poly-00FFFF-1000-76-highlight">
      <LineStyle>
        <color>ffffff00</color>
        <width>1.5</width>
      </LineStyle>
      <PolyStyle>
        <color>4cffff00</color>
        <fill>1</fill>
        <outline>1</outline>
      </PolyStyle>
    </Style>
    <StyleMap id="poly-00FFFF-1000-76">
      <Pair>
        <key>normal</key>
        <styleUrl>#poly-00FFFF-1000-76-normal</styleUrl>
      </Pair>
      <Pair>
        <key>highlight</key>
        <styleUrl>#poly-00FFFF-1000-76-highlight</styleUrl>
      </Pair>
    </StyleMap>
    <Style id="poly-FFFF00-1000-76-normal">
      <LineStyle>
        <color>ff00ffff</color>
        <width>1</width>
      </LineStyle>
      <PolyStyle>
        <color>4c00ffff</color>
        <fill>1</fill>
        <outline>1</outline>
      </PolyStyle>
    </Style>
    <Style id="poly-FFFF00-1000-76-highlight">
      <LineStyle>
        <color>ff00ffff</color>
        <width>1.5</width>
      </LineStyle>
      <PolyStyle>
        <color>4c00ffff</color>
        <fill>1</fill>
        <outline>1</outline>
      </PolyStyle>
    </Style>
    <StyleMap id="poly-FFFF00-1000-76">
      <Pair>
        <key>normal</key>
        <styleUrl>#poly-FFFF00-1000-76-normal</styleUrl>
      </Pair>
      <Pair>
        <key>highlight</key>
        <styleUrl>#poly-FFFF00-1000-76-highlight</styleUrl>
      </Pair>
    </StyleMap>
    <Folder>
      <name>Tc</name>
      <Placemark>
        <name>@UTCB</name>
      </Placemark>
    </Folder>
    <Folder>
      <name>Izolinii</name>
      <Placemark>
        <name>Izo1</name>
        <styleUrl>#line-0000FF-4000-nodesc</styleUrl>
        <LineString>
          <tessellate>1</tessellate>
          <coordinates>
            22.899189,44.114491,0
            22.957863,44.159051,0
            23.003232,44.194472,0
            23.03958,44.218943,0
            23.080325,44.247149,0
            23.117604,44.272536,0
            23.189653,44.30939,0
            23.246279,44.33759,0
            23.30422,44.362897,0
            23.375847,44.390835,0
            23.433188,44.413121,0
            23.506855,44.441699,0
            23.564212,44.464559,0
            23.613072,44.482846,0
            23.655757,44.497044,0
            23.67644,44.504268,0
            23.697215,44.511043,0
            23.717421,44.518084,0
            23.733841,44.52397,0
            23.756538,44.531858,0
            23.773131,44.537374,0
            23.788324,44.5425,0
            23.800425,44.546594,0
            23.822161,44.553972,0
            23.838247,44.559156,0
            23.85219,44.563813,0
            23.864641,44.56771,0
            23.880251,44.572545,0
            23.896144,44.577378,0
            23.910415,44.581777,0
            23.921922,44.585432,0
            23.93496,44.589571,0
            23.948029,44.593539,0
            23.958449,44.596673,0
            23.969503,44.600056,0
            23.977675,44.602499,0
            23.985664,44.605038,0
            23.993117,44.607247,0
            24.007189,44.611471,0
            24.018432,44.614687,0
            24.026914,44.617096,0
            24.036347,44.619588,0
            24.045798,44.62212,0
            24.057162,44.624873,0
            24.068704,44.627638,0
            24.079196,44.629973,0
            24.090748,44.63245,0
            24.104353,44.635603,0
            24.11671,44.638801,0
            24.124841,44.640998,0
            24.132659,44.643228,0
            24.143489,44.646467,0
            24.150422,44.648694,0
            24.15885,44.65155,0
            24.16684,44.654084,0
            24.176134,44.657142,0
            24.186053,44.660304,0
            24.193713,44.662654,0
            24.203312,44.665432,0
            24.214049,44.66824,0
            24.224704,44.670915,0
            24.234876,44.67344,0
            24.245822,44.676246,0
            24.255068,44.678553,0
            24.262835,44.680529,0
            24.27102,44.682628,0
            24.279091,44.684723,0
            24.288201,44.687021,0
            24.298451,44.689663,0
            24.306111,44.691663,0
            24.313474,44.693614,0
            24.325206,44.696539,0
            24.335232,44.698959,0
            24.34418,44.701066,0
            24.35319,44.703044,0
            24.360781,44.704795,0
            24.368867,44.706375,0
            24.376142,44.707588,0
            24.382673,44.708585,0
            24.391069,44.709896,0
            24.398666,44.71113,0
            24.404687,44.71224,0
            24.41083,44.713245,0
            24.416691,44.714137,0
            24.421935,44.714995,0
            24.427079,44.716018,0
            24.432874,44.717013,0
            24.43965,44.718284,0
            24.446219,44.719458,0
            24.451278,44.72036,0
            24.456735,44.721394,0
            24.463719,44.722797,0
            24.472758,44.724508,0
            24.482222,44.726337,0
            24.490392,44.727884,0
            24.497964,44.729302,0
            24.503799,44.730329,0
            24.510835,44.731668,0
            24.518611,44.733124,0
            24.531113,44.734956,0
            24.54221,44.736748,0
            24.55298,44.738431,0
            24.561348,44.739751,0
            24.57309,44.741789,0
            24.583463,44.743705,0
            24.594418,44.745864,0
            24.604378,44.747742,0
            24.614564,44.749736,0
            24.626476,44.752069,0
            24.637027,44.754193,0
            24.65124,44.756898,0
            24.664843,44.759502,0
            24.678504,44.762023,0
            24.690657,44.764081,0
            24.702697,44.766148,0
            24.71298,44.767994,0
            24.723847,44.769798,0
            24.735075,44.771446,0
            24.746383,44.773297,0
            24.75617,44.774721,0
            24.765436,44.776229,0
            24.774957,44.777839,0
            24.786713,44.779918,0
            24.797192,44.781891,0
            24.809696,44.784155,0
            24.818974,44.785861,0
            24.827845,44.787481,0
            24.841006,44.789635,0
            24.853676,44.791707,0
            24.86456,44.793361,0
            24.877142,44.79562,0
            24.8876,44.797365,0
            24.899045,44.799227,0
            24.910802,44.800953,0
            24.922326,44.802777,0
            24.933437,44.804529,0
            24.943722,44.806336,0
            24.954163,44.808154,0
            24.960245,44.809183,0
            24.96944,44.810898,0
            24.980957,44.813125,0
            24.991626,44.815225,0
            25.002185,44.817325,0
            25.015438,44.819769,0
            25.028971,44.822136,0
            25.041544,44.824469,0
            25.051665,44.826158,0
            25.060796,44.827616,0
            25.069511,44.82913,0
            25.078579,44.830634,0
            25.086529,44.8319,0
            25.096608,44.833735,0
            25.106764,44.835832,0
            25.118588,44.838239,0
            25.127983,44.84044,0
            25.139375,44.843144,0
            25.152863,44.846434,0
            25.162623,44.848708,0
            25.176134,44.851794,0
            25.187104,44.854598,0
            25.195301,44.856683,0
            25.206087,44.859264,0
            25.216755,44.861706,0
            25.227764,44.864371,0
            25.238467,44.866658,0
            25.249273,44.868749,0
            25.259642,44.870672,0
            25.269607,44.87244,0
            25.28122,44.874602,0
            25.292835,44.876468,0
            25.302936,44.878222,0
            25.31506,44.88036,0
            25.331047,44.883077,0
            25.344138,44.885342,0
            25.357151,44.887833,0
            25.367831,44.889756,0
            25.380842,44.892174,0
            25.3948,44.894875,0
            25.407476,44.897606,0
            25.418467,44.900199,0
            25.430127,44.90283,0
            25.441691,44.905639,0
            25.455521,44.908946,0
            25.472049,44.912827,0
            25.483104,44.915044,0
            25.494198,44.917179,0
            25.503995,44.918924,0
            25.51604,44.921016,0
            25.527443,44.922853,0
            25.544818,44.925687,0
            25.557608,44.927796,0
            25.574977,44.930589,0
            25.590568,44.932967,0
            25.603914,44.93496,0
            25.619843,44.937213,0
            25.633935,44.939228,0
            25.646699,44.941313,0
            25.661357,44.944103,0
            25.671529,44.946388,0
            25.678405,44.947941,0
            25.684525,44.949852,0
            25.688797,44.951682,0
            25.693934,44.953978,0
            25.700355,44.957377,0
            25.705958,44.960589,0
            25.711926,44.964435,0
            25.718392,44.968927,0
            25.72284,44.972324,0
            25.726863,44.975521,0
            25.730856,44.978653,0
            25.734585,44.982296,0
            25.737079,44.985163,0
            25.739278,44.987922,0
            25.741594,44.99103,0
            25.744369,44.994837,0
            25.746836,44.998252,0
            25.748849,45.001931,0
            25.750309,45.005203,0
            25.751313,45.008139,0
            25.752201,45.011787,0
            25.752779,45.01518,0
            25.753127,45.020435,0
            25.753157,45.024373,0
            25.753136,45.03037,0
            25.753111,45.0373,0
            25.753063,45.045578,0
            25.75318,45.051016,0
            25.752745,45.055307,0
            25.752118,45.058742,0
            25.751214,45.06337,0
            25.750384,45.06852,0
            25.749298,45.073454,0
            25.748357,45.078576,0
            25.747311,45.084347,0
            25.745991,45.09108,0
            25.744144,45.09981,0
            25.743032,45.105401,0
            25.741529,45.111743,0
            25.739832,45.119596,0
            25.738482,45.126969,0
            25.736888,45.134473,0
            25.735273,45.141616,0
            25.733224,45.150792,0
            25.730837,45.160467,0
            25.728587,45.169992,0
            25.726955,45.176652,0
            25.725109,45.184488,0
            25.723128,45.193105,0
            25.721138,45.201903,0
            25.719135,45.211168,0
            25.71749,45.219306,0
            25.715649,45.228171,0
            25.713435,45.237312,0
            25.711429,45.245593,0
            25.710354,45.251666,0
            25.708888,45.25681,0
            25.706522,45.26328,0
            25.704251,45.26799,0
            25.700565,45.275763,0
            25.697121,45.282394,0
            25.691954,45.292755,0
            25.687417,45.301606,0
            25.68131,45.312561,0
            25.676717,45.321474,0
            25.673393,45.327725,0
            25.670023,45.334396,0
            25.667491,45.339474,0
            25.665376,45.344255,0
            25.663854,45.348326,0
            25.662458,45.352352,0
            25.6615,45.356148,0
            25.660779,45.359469,0
            25.660031,45.363003,0
            25.659726,45.369299,0
            25.659361,45.372984,0
            25.659116,45.377347,0
            25.658682,45.381969,0
            25.658293,45.390411,0
            25.657731,45.396936,0
            25.657535,45.403158,0
            25.656933,45.409301,0
            25.656124,45.418426,0
            25.655238,45.432062,0
            25.654841,45.439749,0
            25.654031,45.448252,0
            25.653242,45.456596,0
            25.653208,45.46213,0
            25.653749,45.46719,0
            25.654441,45.472452,0
            25.655103,45.476756,0
            25.656095,45.4823,0
            25.657687,45.489491,0
            25.659105,45.496353,0
            25.660458,45.503309,0
            25.661815,45.510653,0
            25.663549,45.518901,0
            25.664499,45.523593,0
            25.665251,45.526518,0
            25.666141,45.529353,0
            25.667795,45.532285,0
            25.6697,45.535454,0
            25.671593,45.53839,0
            25.674264,45.542436,0
            25.676727,45.546285,0
            25.678974,45.549799,0
            25.682128,45.554895,0
            25.68636,45.562304,0
            25.689811,45.568243,0
            25.693374,45.57464,0
            25.696379,45.58018,0
            25.699341,45.585732,0
            25.703325,45.593264,0
            25.706816,45.600262,0
            25.710487,45.607339,0
            25.713848,45.613936,0
            25.71715,45.622035,0
            25.720358,45.629361,0
            25.723058,45.635835,0
            25.725196,45.641137,0
            25.72812,45.648273,0
            25.731162,45.654095,0
            25.73394,45.658918,0
            25.737367,45.664141,0
            25.741179,45.669699,0
            25.74548,45.675786,0
            25.75028,45.682527,0
            25.754193,45.687968,0
            25.758587,45.693938,0
            25.763042,45.699965,0
            25.767908,45.706436,0
            25.773663,45.714523,0
            25.77893,45.721594,0
            25.783624,45.727898,0
            25.788929,45.735001,0
            25.795297,45.743796,0
            25.800797,45.751224,0
            25.805663,45.758317,0
            25.810081,45.764505,0
            25.814236,45.770595,0
            25.818214,45.776596,0
            25.822259,45.782695,0
            25.824962,45.786817,0
            25.827531,45.79055,0
            25.830398,45.794217,0
            25.833159,45.79713,0
            25.836392,45.80024,0
            25.840487,45.803984,0
            25.844424,45.807286,0
            25.849496,45.811614,0
            25.854622,45.81607,0
            25.860135,45.821243,0
            25.86683,45.827326,0
            25.873204,45.833024,0
            25.879059,45.838076,0
            25.885002,45.843497,0
            25.891307,45.849037,0
            25.898022,45.854977,0
            25.905056,45.860803,0
            25.911485,45.866471,0
            25.917532,45.871634,0
            25.923664,45.877132,0
            25.929562,45.882183,0
            25.937388,45.888998,0
            25.944606,45.895309,0
            25.95225,45.901902,0
            25.960481,45.908977,0
            25.967122,45.914954,0
            25.97545,45.921934,0
            25.982399,45.927535,0
            25.987591,45.931851,0
            25.995458,45.938324,0
            26.004255,45.944858,0
            26.012077,45.950598,0
            26.021306,45.957268,0
            26.031641,45.964227,0
            26.041485,45.970353,0
            26.050975,45.976153,0
            26.061802,45.981802,0
            26.070843,45.986078,0
            26.079701,45.990223,0
            26.088777,45.994097,0
            26.098585,45.998278,0
            26.109804,46.00259,0
            26.12136,46.006856,0
            26.134259,46.011276,0
            26.150251,46.016423,0
            26.168883,46.022185,0
            26.187393,46.02783,0
            26.205953,46.034037,0
            26.221075,46.039215,0
            26.235173,46.044129,0
            26.250227,46.049377,0
            26.267515,46.055041,0
            26.28481,46.060543,0
            26.301478,46.065864,0
            26.317635,46.070965,0
            26.333322,46.076062,0
            26.351842,46.082179,0
            26.371723,46.088549,0
            26.389376,46.094752,0
            26.407235,46.101177,0
            26.421505,46.105593,0
            26.429616,46.108196,0
            26.438209,46.111114,0
            26.445184,46.11275,0
            26.451517,46.114232,0
            26.463461,46.117585,0
            26.474272,46.120114,0
            26.489264,46.123265,0
            26.504509,46.126704,0
            26.520028,46.130127,0
            26.540768,46.134847,0
            26.558303,46.138723,0
            26.576824,46.142753,0
            26.591013,46.146245,0
            26.608378,46.150376,0
            26.623534,46.153867,0
            26.636533,46.156766,0
            26.652234,46.159771,0
            26.670652,46.163159,0
            26.6882,46.166084,0
            26.710156,46.169737,0
            26.728925,46.173008,0
            26.745285,46.175677,0
            26.762706,46.178419,0
            26.782022,46.181891,0
            26.799593,46.184704,0
            26.817552,46.187355,0
            26.83553,46.189926,0
            26.849409,46.192304,0
            26.859249,46.193832,0
            26.869576,46.19605,0
            26.876777,46.197842,0
            26.883024,46.199736,0
            26.890262,46.201858,0
            26.897075,46.204127,0
            26.904387,46.20676,0
            26.913197,46.209789,0
            26.922629,46.213087,0
            26.928726,46.215091,0
            26.935979,46.217491,0
            26.94293,46.21993,0
            26.951141,46.222878,0
            26.960136,46.226251,0
            26.969538,46.229983,0
            26.978641,46.233988,0
            26.986648,46.237821,0
            26.995928,46.242411,0
            27.005104,46.246994,0
            27.014794,46.251991,0
            27.02341,46.256502,0
            27.032517,46.261669,0
            27.041575,46.267027,0
            27.050283,46.272544,0
            27.059254,46.278523,0
            27.065922,46.283134,0
            27.074238,46.288618,0
            27.080999,46.293041,0
            27.087413,46.297576,0
            27.097727,46.3046,0
            27.105031,46.309457,0
            27.113382,46.315277,0
            27.120891,46.320364,0
            27.130559,46.326696,0
            27.139964,46.332323,0
            27.149137,46.338039,0
            27.156625,46.342985,0
            27.165926,46.349199,0
            27.174014,46.354302,0
            27.181307,46.358966,0
            27.187959,46.363182,0
            27.196007,46.368238,0
            27.205165,46.373707,0
            27.21455,46.379082,0
            27.226768,46.386462,0
            27.237231,46.39268,0
            27.245521,46.397646,0
            27.252493,46.40159,0
            27.260666,46.406102,0
            27.269651,46.410539,0
            27.277736,46.413693,0
            27.284885,46.415945,0
            27.293102,46.418152,0
            27.303772,46.421239,0
            27.314275,46.423639,0
            27.32385,46.425611,0
            27.336974,46.428639,0
            27.351032,46.431517,0
            27.363917,46.434172,0
            27.375992,46.436518,0
            27.385437,46.438087,0
            27.394146,46.439328,0
            27.404695,46.440742,0
            27.41753,46.442693,0
            27.427568,46.444519,0
            27.436534,46.446005,0
            27.44437,46.446803,0
            27.451746,46.447512,0
            27.458542,46.447833,0
            27.467234,46.447866,0
            27.477348,46.447005,0
            27.489709,46.445479,0
            27.504894,46.444299,0
            27.51625,46.443116,0
            27.529789,46.440809,0
            27.544003,46.438997,0
            27.555989,46.436476,0
            27.572185,46.43313,0
            27.582687,46.431119,0
            27.597158,46.428662,0
            27.613096,46.424948,0
            27.626215,46.421891,0
            27.640665,46.418184,0
            27.650331,46.414971,0
            27.658074,46.411776,0
            27.667516,46.407886,0
            27.67633,46.404183,0
            27.685944,46.399798,0
            27.693983,46.396159,0
            27.703442,46.391756,0
            27.71529,46.385531,0
            27.726766,46.379109,0
            27.735358,46.373046,0
            27.744745,46.366866,0
            27.754596,46.359776,0
            27.762787,46.353562,0
            27.768817,46.349023,0
            27.777628,46.342094,0
            27.784316,46.336684,0
            27.794818,46.327569,0
            27.802781,46.320433,0
            27.809466,46.31453,0
            27.817458,46.307125,0
            27.823642,46.301108,0
            27.826276,46.298331,0
            27.827882,46.295552,0
            27.829547,46.292186,0
            27.830424,46.289818,0
            27.831166,46.287383,0
            27.832183,46.284359,0
            27.834921,46.276987,0
            27.839236,46.265868,0
            27.841517,46.258353,0
            27.845446,46.247731,0
            27.848405,46.239261,0
            27.85069,46.232595,0
            27.852137,46.2274,0
            27.852701,46.220245,0
            27.852989,46.204077,0
            27.853251,46.186527,0
            27.853094,46.17146,0
            27.853348,46.156263,0
            27.853402,46.139723,0
            27.852722,46.121734,0
            27.852585,46.111092,0
            27.852197,46.098481,0
            27.851678,46.088377,0
            27.850733,46.079984,0
            27.848874,46.069124,0
            27.84736,46.059462,0
            27.845553,46.05031,0
            27.843901,46.04203,0
            27.84208,46.033831,0
            27.839747,46.022863,0
            27.838006,46.013926,0
            27.836942,46.008072,0
            27.835883,46.001649,0
            27.835096,45.995158,0
            27.834285,45.988768,0
            27.83326,45.982255,0
            27.832388,45.972852,0
            27.832049,45.966038,0
            27.831303,45.957245,0
            27.830911,45.948613,0
            27.830248,45.938691,0
            27.829538,45.928905,0
            27.829174,45.917434,0
            27.828941,45.90354,0
            27.828961,45.891228,0
            27.829152,45.886647,0
            27.830028,45.880861,0
            27.831252,45.875936,0
            27.832857,45.870794,0
            27.834456,45.866775,0
            27.836841,45.860569,0
            27.838851,45.855378,0
            27.842751,45.845574,0
            27.845488,45.83828,0
            27.847183,45.832535,0
            27.849054,45.826211,0
            27.851128,45.819659,0
            27.852678,45.813997,0
            27.854345,45.808365,0
            27.856534,45.801967,0
            27.85989,45.791543,0
            27.862786,45.782251,0
            27.865737,45.773057,0
            27.866633,45.770549,0
            27.867877,45.766533,0
            27.869942,45.762209,0
            27.872538,45.758226,0
            27.87502,45.7548,0
            27.878571,45.750469,0
            27.881707,45.747256,0
            27.885139,45.743179,0
            27.890751,45.737296,0
            27.895266,45.731966,0
            27.900723,45.725771,0
            27.907147,45.718736,0
            27.912658,45.713119,0
            27.917913,45.707626,0
            27.922045,45.703229,0
            27.929616,45.695121,0
            27.933171,45.691385,0
            27.939921,45.684493,0
            27.946345,45.677572,0
            27.949337,45.674225,0
            27.953215,45.6702,0
            27.956576,45.667058,0
            27.960943,45.66385,0
            27.967811,45.659798,0
            27.976803,45.654859,0
            27.984805,45.650776,0
            27.996136,45.645122,0
            28.008506,45.638192,0
            28.019168,45.632004,0
            28.028334,45.626311,0
            28.038621,45.620187,0
            28.047736,45.614756,0
            28.056977,45.60941,0
            28.067652,45.603642,0
            28.079223,45.597129,0
            28.086998,45.592586,0
            28.095978,45.587609,0
            28.105469,45.582443,0
            28.111228,45.579291,0
            28.116834,45.576301,0
          </coordinates>
        </LineString>
      </Placemark>
      <Placemark>
        <name>Izo2</name>
        <styleUrl>#line-0000FF-4000-nodesc</styleUrl>
        <LineString>
          <tessellate>1</tessellate>
          <coordinates>
            26.248369,44.150311,0
            26.295123,44.160142,0
            26.336032,44.168994,0
            26.379811,44.179374,0
            26.423561,44.190448,0
            26.460533,44.199804,0
            26.488613,44.208785,0
            26.511746,44.21756,0
            26.547536,44.229691,0
            26.579094,44.245199,0
            26.607593,44.261999,0
            26.63876,44.287194,0
            26.670511,44.314062,0
            26.69426,44.338979,0
            26.719004,44.366969,0
            26.738561,44.393074,0
            26.756017,44.412244,0
            26.773322,44.433539,0
            26.794369,44.458708,0
            26.809489,44.482767,0
            26.826134,44.513277,0
            26.843896,44.542399,0
            26.850062,44.552073,0
            26.857526,44.564178,0
            26.865959,44.577196,0
            26.872686,44.587266,0
            26.87925,44.596513,0
            26.884609,44.604058,0
            26.890146,44.612854,0
            26.895826,44.622496,0
            26.905711,44.639073,0
            26.916314,44.656757,0
            26.924814,44.671878,0
            26.933468,44.687442,0
            26.938784,44.69759,0
            26.944309,44.708314,0
            26.950358,44.719219,0
            26.956352,44.730407,0
            26.961101,44.739519,0
            26.965207,44.747189,0
            26.970255,44.75639,0
            26.97568,44.766245,0
            26.981227,44.777357,0
            26.984652,44.784769,0
            26.98876,44.794108,0
            26.992531,44.802328,0
            26.995999,44.808812,0
            26.999562,44.8145,0
            27.00429,44.822495,0
            27.00865,44.831305,0
            27.014458,44.842487,0
            27.020348,44.853542,0
            27.024645,44.861172,0
            27.029821,44.870306,0
            27.034822,44.87929,0
            27.037814,44.885119,0
            27.041896,44.892485,0
            27.045997,44.899811,0
            27.051624,44.909876,0
            27.057162,44.919239,0
            27.060962,44.925992,0
            27.065401,44.933538,0
            27.06839,44.940153,0
            27.071923,44.949572,0
            27.075199,44.959198,0
            27.078832,44.969647,0
            27.082286,44.978796,0
            27.085566,44.987782,0
            27.08954,44.999188,0
            27.094688,45.012597,0
            27.100002,45.025791,0
            27.104303,45.036227,0
            27.109061,45.048066,0
            27.113736,45.059391,0
            27.118033,45.070391,0
            27.122406,45.082909,0
            27.12607,45.094003,0
            27.13067,45.109117,0
            27.135279,45.123934,0
            27.139566,45.137583,0
            27.142996,45.147944,0
            27.147466,45.160918,0
            27.151985,45.172606,0
            27.155688,45.182013,0
            27.159818,45.192911,0
            27.16233,45.200678,0
            27.165974,45.213394,0
            27.169837,45.229124,0
            27.173572,45.244639,0
            27.178003,45.261055,0
            27.18216,45.2756,0
            27.18773,45.295238,0
            27.190432,45.305967,0
            27.191098,45.310305,0
            27.19185,45.317076,0
            27.192148,45.327012,0
            27.192287,45.345683,0
            27.192483,45.356444,0
            27.193003,45.36811,0
            27.193734,45.379571,0
            27.194886,45.400204,0
            27.194871,45.412442,0
            27.19436,45.421559,0
            27.193759,45.426563,0
            27.192904,45.431268,0
            27.191397,45.436406,0
            27.186261,45.453498,0
            27.182598,45.466968,0
            27.180974,45.472641,0
            27.178565,45.479552,0
            27.176187,45.485326,0
            27.172961,45.491639,0
            27.169275,45.499223,0
            27.165267,45.507153,0
            27.161712,45.514548,0
            27.1581,45.521736,0
            27.153943,45.529913,0
            27.151377,45.533375,0
            27.147489,45.537701,0
            27.143477,45.542083,0
            27.137439,45.548211,0
            27.129727,45.556035,0
            27.122939,45.563047,0
            27.118097,45.568259,0
            27.111525,45.575344,0
            27.104532,45.583123,0
            27.097258,45.590733,0
            27.087936,45.599362,0
            27.081103,45.605271,0
            27.073854,45.611965,0
            27.068675,45.616881,0
            27.061197,45.623788,0
            27.055956,45.628614,0
            27.051709,45.632527,0
            27.047784,45.635798,0
            27.044051,45.638576,0
            27.03861,45.641746,0
            27.029329,45.647275,0
            27.01932,45.653219,0
            27.007357,45.660449,0
            26.993294,45.669117,0
            26.977445,45.678231,0
            26.955946,45.690483,0
            26.941875,45.698271,0
            26.932868,45.702635,0
            26.923684,45.706586,0
            26.913974,45.710334,0
            26.901351,45.715653,0
            26.885833,45.721985,0
            26.870336,45.728217,0
            26.856181,45.733833,0
            26.838276,45.740408,0
            26.824072,45.744524,0
            26.811062,45.74788,0
            26.798618,45.750872,0
            26.78497,45.75404,0
            26.773595,45.756785,0
            26.762438,45.75976,0
            26.745147,45.765077,0
            26.722541,45.771781,0
            26.704292,45.77662,0
            26.682438,45.78223,0
            26.657466,45.788683,0
            26.650398,45.790693,0
            26.645466,45.791685,0
            26.639623,45.792714,0
            26.633984,45.793538,0
            26.627269,45.794259,0
            26.619858,45.794778,0
            26.601451,45.795952,0
            26.582818,45.797048,0
            26.56378,45.797037,0
            26.545743,45.797558,0
            26.528975,45.79787,0
            26.517017,45.798183,0
            26.508239,45.798093,0
            26.476095,45.799006,0
            26.452512,45.799319,0
            26.441234,45.798836,0
            26.432731,45.798573,0
            26.42448,45.798058,0
            26.409684,45.797415,0
            26.396954,45.796862,0
            26.371811,45.796839,0
            26.348282,45.796736,0
            26.338069,45.796706,0
            26.33293,45.796408,0
            26.326696,45.795769,0
            26.319912,45.794655,0
            26.310323,45.792707,0
            26.286678,45.787551,0
            26.256653,45.781794,0
            26.234411,45.777277,0
            26.207614,45.771311,0
            26.175003,45.764479,0
            26.158593,45.761418,0
            26.147191,45.758624,0
            26.138497,45.75593,0
            26.128236,45.751884,0
            26.103828,45.741833,0
            26.077841,45.732255,0
            26.052204,45.722208,0
            26.041956,45.71847,0
            26.033535,45.714558,0
            26.016289,45.704634,0
            25.997251,45.692571,0
            25.986037,45.685192,0
            25.968906,45.672975,0
            25.951197,45.661159,0
            25.93725,45.652251,0
            25.931666,45.647905,0
            25.92675,45.644151,0
            25.921671,45.63908,0
            25.918076,45.634387,0
            25.910338,45.622953,0
            25.900399,45.607676,0
            25.890237,45.591794,0
            25.876896,45.571277,0
            25.869577,45.56123,0
            25.86365,45.552369,0
            25.86172,45.548896,0
            25.860035,45.544593,0
            25.858162,45.538594,0
            25.855778,45.530759,0
            25.853947,45.52435,0
            25.850309,45.512666,0
            25.846962,45.500939,0
            25.844881,45.493076,0
            25.843339,45.486535,0
            25.84114,45.474684,0
            25.839327,45.465011,0
            25.838363,45.45858,0
            25.837464,45.452221,0
            25.836423,45.443526,0
            25.835693,45.436251,0
            25.83553,45.429513,0
            25.835507,45.423558,0
            25.836139,45.413958,0
            25.837007,45.403982,0
            25.837842,45.393217,0
            25.838354,45.382613,0
            25.838893,45.374884,0
            25.84,45.363371,0
            25.840552,45.360313,0
            25.841761,45.355903,0
            25.843862,45.350047,0
            25.845883,45.344665,0
            25.84891,45.33619,0
            25.852265,45.326575,0
            25.857326,45.313047,0
            25.861751,45.299907,0
            25.867175,45.285174,0
            25.875042,45.264911,0
            25.884335,45.243876,0
            25.894223,45.221606,0
            25.900637,45.210474,0
            25.904323,45.203877,0
            25.90945,45.194537,0
            25.917581,45.179421,0
            25.92781,45.160013,0
            25.9322,45.149975,0
            25.936761,45.138376,0
            25.9438,45.117863,0
            25.950295,45.098328,0
            25.954734,45.084543,0
            25.956943,45.074548,0
            25.959648,45.061171,0
            25.960634,45.055765,0
            25.961799,45.050143,0
            25.962793,45.044725,0
            25.96404,45.036778,0
            25.964979,45.022626,0
            25.96548,45.007435,0
            25.965892,44.990261,0
            25.966462,44.957342,0
            25.965988,44.944868,0
            25.965475,44.940591,0
            25.964617,44.935688,0
            25.963627,44.929789,0
            25.961749,44.917733,0
            25.959432,44.904155,0
            25.956404,44.888524,0
            25.953832,44.870954,0
            25.951102,44.853264,0
            25.948688,44.837872,0
            25.947833,44.83454,0
            25.945758,44.827832,0
            25.943129,44.821784,0
            25.93773,44.810361,0
            25.930308,44.796048,0
            25.92368,44.784771,0
            25.917283,44.776287,0
            25.909659,44.766814,0
            25.901917,44.757524,0
            25.894218,44.74802,0
            25.889631,44.742446,0
            25.884075,44.737258,0
            25.875429,44.731119,0
            25.855672,44.719714,0
            25.840897,44.711176,0
            25.823433,44.701993,0
            25.81006,44.697008,0
            25.796264,44.691805,0
            25.781609,44.686305,0
            25.773207,44.682623,0
            25.761219,44.676459,0
            25.745318,44.667758,0
            25.729308,44.659326,0
            25.706091,44.647179,0
            25.695179,44.64164,0
            25.68336,44.634611,0
            25.676054,44.629552,0
            25.664736,44.621013,0
            25.653051,44.61143,0
            25.645313,44.604329,0
            25.631819,44.591537,0
            25.620418,44.580615,0
            25.610831,44.571023,0
            25.598033,44.557585,0
            25.588399,44.547745,0
            25.579122,44.537981,0
            25.569449,44.527456,0
            25.561109,44.518236,0
            25.549662,44.505505,0
            25.541441,44.496831,0
            25.534652,44.488735,0
            25.529301,44.481463,0
            25.524652,44.474924,0
            25.518264,44.465216,0
            25.512304,44.456143,0
            25.505776,44.445659,0
            25.500863,44.437281,0
            25.496034,44.428363,0
            25.49379,44.423381,0
            25.49151,44.417411,0
            25.488891,44.409197,0
            25.486628,44.40176,0
            25.484748,44.394099,0
            25.482607,44.385409,0
            25.480866,44.378302,0
            25.479256,44.371762,0
            25.477547,44.365196,0
            25.475536,44.35703,0
            25.473755,44.349334,0
            25.473021,44.34406,0
            25.471902,44.332743,0
            25.471135,44.320755,0
            25.470822,44.309617,0
            25.470121,44.29608,0
            25.469728,44.28515,0
            25.469806,44.273962,0
            25.470179,44.262651,0
            25.470832,44.255585,0
            25.472222,44.247795,0
            25.47497,44.233361,0
            25.476406,44.226321,0
            25.477489,44.221521,0
            25.478867,44.216781,0
            25.480658,44.210537,0
            25.483407,44.204336,0
            25.488718,44.197333,0
            25.495964,44.188803,0
            25.50581,44.178301,0
            25.511119,44.172925,0
            25.523047,44.16096,0
            25.531976,44.152804,0
            25.540746,44.146036,0
            25.549829,44.140315,0
            25.561142,44.134238,0
            25.571811,44.128967,0
            25.585072,44.123697,0
            25.600384,44.118265,0
            25.616862,44.113354,0
            25.624672,44.111389,0
            25.633405,44.109738,0
            25.643252,44.108474,0
            25.653279,44.107526,0
            25.668288,44.106298,0
            25.678756,44.105435,0
            25.699608,44.103645,0
            25.720727,44.101767,0
            25.728285,44.101205,0
            25.739847,44.10058,0
            25.753911,44.100298,0
            25.764743,44.100557,0
            25.776174,44.101239,0
            25.788566,44.101804,0
            25.800725,44.10244,0
            25.811929,44.103173,0
            25.828169,44.104342,0
            25.844854,44.105808,0
            25.863223,44.107425,0
            25.884186,44.10916,0
            25.896542,44.10999,0
            25.916459,44.111274,0
            25.93249,44.111969,0
            25.953616,44.113167,0
            25.976064,44.1149,0
            25.991747,44.115953,0
            26.009175,44.117296,0
            26.028336,44.118924,0
            26.045977,44.120695,0
            26.064704,44.122804,0
            26.082897,44.124817,0
            26.099915,44.12689,0
            26.111848,44.12857,0
            26.136692,44.131581,0
            26.16108,44.13416,0
            26.181386,44.137187,0
            26.198036,44.140238,0
            26.212194,44.142954,0
            26.228311,44.146178,0
            26.248369,44.150311,0
          </coordinates>
        </LineString>
      </Placemark>
      <Placemark>
        <name>Izo3</name>
        <styleUrl>#line-0000FF-4000-nodesc</styleUrl>
        <LineString>
          <tessellate>1</tessellate>
          <coordinates>
            28.222937,45.465457,0
            28.222978,45.462681,0
            28.223049,45.458211,0
            28.223033,45.451964,0
            28.222893,45.446374,0
            28.222267,45.439158,0
            28.221597,45.43323,0
            28.221128,45.428079,0
            28.22046,45.422641,0
            28.219831,45.417122,0
            28.219413,45.412464,0
            28.218942,45.407924,0
            28.218585,45.405004,0
            28.21806,45.401786,0
            28.217402,45.399465,0
            28.216583,45.3975,0
            28.215602,45.395256,0
            28.214208,45.392065,0
            28.21271,45.388466,0
            28.211071,45.384621,0
            28.209854,45.381533,0
            28.208128,45.377366,0
            28.206362,45.373206,0
            28.204738,45.369415,0
            28.203317,45.365989,0
            28.201396,45.361401,0
            28.199994,45.357764,0
            28.198223,45.353386,0
            28.197041,45.350492,0
            28.195196,45.345969,0
            28.19369,45.342736,0
            28.192166,45.339584,0
            28.190303,45.336244,0
            28.188049,45.33268,0
            28.18642,45.330016,0
            28.184526,45.327005,0
            28.182114,45.3232,0
            28.179284,45.318588,0
            28.176916,45.314834,0
            28.174403,45.310904,0
            28.171927,45.307054,0
            28.169813,45.303813,0
            28.167736,45.300615,0
            28.165631,45.297246,0
            28.163995,45.294821,0
            28.16261,45.2928,0
            28.161263,45.290644,0
            28.159762,45.288435,0
            28.158775,45.286798,0
            28.158125,45.285626,0
            28.157661,45.284586,0
            28.157362,45.283708,0
            28.157061,45.282445,0
            28.156704,45.281004,0
            28.156451,45.279546,0
            28.156389,45.278411,0
            28.156486,45.276744,0
            28.156654,45.275034,0
            28.156923,45.272115,0
            28.15729,45.268968,0
            28.157837,45.264505,0
            28.158276,45.260867,0
            28.158728,45.257556,0
            28.1592,45.254458,0
            28.159695,45.250811,0
            28.159985,45.247858,0
            28.160407,45.244228,0
            28.161007,45.23983,0
            28.161498,45.235595,0
            28.162054,45.230985,0
            28.162502,45.227109,0
            28.16292,45.224076,0
            28.163268,45.221848,0
            28.163518,45.219548,0
            28.163772,45.217924,0
            28.16432,45.215805,0
            28.16517,45.213965,0
            28.166296,45.211634,0
            28.167933,45.208502,0
            28.170938,45.203407,0
            28.173392,45.199449,0
            28.175691,45.195074,0
            28.177648,45.191186,0
            28.179633,45.187125,0
            28.18171,45.182414,0
            28.182879,45.179517,0
            28.184269,45.176268,0
            28.18604,45.172175,0
            28.187851,45.1681,0
            28.18975,45.163896,0
            28.191199,45.160901,0
            28.193102,45.157176,0
            28.195068,45.15343,0
            28.197139,45.149698,0
            28.198433,45.147457,0
            28.199309,45.145913,0
            28.199719,45.144216,0
            28.199962,45.14304,0
            28.200092,45.140802,0
            28.200311,45.137677,0
            28.200349,45.134825,0
            28.20034,45.13218,0
            28.200336,45.130031,0
            28.200203,45.126391,0
            28.200065,45.122938,0
            28.200061,45.120576,0
            28.200102,45.118796,0
            28.200054,45.117013,0
            28.200135,45.115115,0
            28.200283,45.113006,0
            28.200475,45.111007,0
            28.2008,45.108841,0
            28.201112,45.106034,0
            28.201552,45.10344,0
            28.201964,45.101034,0
            28.202183,45.098522,0
            28.20246,45.093969,0
            28.20246,45.090677,0
            28.202553,45.086496,0
            28.20264,45.083235,0
            28.202734,45.079484,0
            28.202831,45.077192,0
            28.202914,45.074368,0
            28.202951,45.071304,0
            28.203181,45.068693,0
            28.203595,45.064823,0
            28.204196,45.061093,0
            28.204633,45.058374,0
            28.205113,45.056225,0
            28.205556,45.052934,0
            28.206323,45.048069,0
            28.20707,45.043107,0
            28.207877,45.038397,0
            28.208544,45.033876,0
            28.209199,45.029552,0
            28.209544,45.025386,0
            28.209605,45.021104,0
            28.209375,45.016489,0
            28.208627,45.009813,0
            28.207624,45.003432,0
            28.206106,44.996964,0
            28.204821,44.991485,0
            28.203737,44.985593,0
            28.202853,44.98091,0
            28.201927,44.976599,0
            28.200853,44.971019,0
            28.200134,44.96687,0
            28.199697,44.964266,0
            28.199182,44.961308,0
            28.198602,44.958082,0
            28.197897,44.95459,0
            28.197226,44.951647,0
            28.196304,44.947646,0
            28.195765,44.945065,0
            28.195175,44.942,0
            28.194636,44.93907,0
            28.194197,44.936601,0
            28.193374,44.933592,0
            28.192135,44.930687,0
            28.190249,44.927457,0
            28.187229,44.922138,0
            28.184234,44.917126,0
            28.181851,44.912832,0
            28.179072,44.907945,0
            28.176388,44.903074,0
            28.174101,44.899014,0
            28.171551,44.894595,0
            28.168807,44.889893,0
            28.16648,44.885872,0
            28.163781,44.881392,0
            28.160569,44.876218,0
            28.157455,44.87154,0
            28.155164,44.868299,0
            28.152794,44.864933,0
            28.15037,44.861757,0
            28.147818,44.858589,0
            28.1447,44.854626,0
            28.141715,44.850744,0
            28.138544,44.846432,0
            28.135548,44.842462,0
            28.132299,44.838472,0
            28.128548,44.83401,0
            28.125385,44.830092,0
            28.121783,44.825477,0
            28.118491,44.821567,0
            28.116174,44.818744,0
            28.113233,44.815154,0
            28.111286,44.812768,0
            28.108877,44.809815,0
            28.106165,44.806545,0
            28.103507,44.803509,0
            28.100283,44.799962,0
            28.096797,44.796404,0
            28.092696,44.79267,0
            28.088713,44.789655,0
            28.083948,44.786035,0
            28.080087,44.783121,0
            28.076257,44.780159,0
            28.073385,44.777971,0
            28.070459,44.775756,0
            28.066633,44.772838,0
            28.061674,44.768825,0
            28.057115,44.765392,0
            28.052951,44.762415,0
            28.04942,44.759871,0
            28.045812,44.757365,0
            28.041177,44.753932,0
            28.036799,44.750507,0
            28.032505,44.747105,0
            28.027124,44.743018,0
            28.022704,44.739782,0
            28.018838,44.736856,0
            28.014791,44.733846,0
            28.011378,44.731323,0
            28.009677,44.730078,0
            28.007316,44.728356,0
            28.005905,44.727085,0
            28.004414,44.725391,0
            28.003064,44.723575,0
            28.002025,44.721873,0
            28.001014,44.719801,0
            28.000264,44.717822,0
            27.999401,44.71351,0
            27.998477,44.707984,0
            27.997547,44.702963,0
            27.996139,44.696363,0
            27.994747,44.690109,0
            27.99319,44.682966,0
            27.991724,44.676548,0
            27.990705,44.671638,0
            27.990754,44.66956,0
            27.991488,44.66613,0
            27.992659,44.662408,0
            27.994449,44.658381,0
            27.997013,44.654151,0
            28.000288,44.649263,0
            28.00328,44.645296,0
            28.006873,44.64104,0
            28.010561,44.636956,0
            28.015278,44.63152,0
            28.020067,44.626313,0
            28.026918,44.618079,0
            28.033156,44.610509,0
            28.038066,44.604542,0
            28.042308,44.599578,0
            28.045854,44.595339,0
            28.048074,44.592292,0
            28.050329,44.588587,0
            28.051863,44.585807,0
            28.053879,44.581509,0
            28.055588,44.577326,0
            28.057775,44.57143,0
            28.059039,44.567641,0
            28.060158,44.564181,0
            28.061325,44.560219,0
            28.063158,44.554034,0
            28.065043,44.547757,0
            28.067381,44.540017,0
            28.069091,44.534504,0
            28.070686,44.529452,0
            28.072005,44.525936,0
            28.073202,44.523106,0
            28.074353,44.520519,0
            28.075906,44.517053,0
            28.078396,44.512075,0
            28.081303,44.506414,0
            28.08421,44.501146,0
            28.087502,44.495606,0
            28.09075,44.490474,0
            28.093702,44.48606,0
            28.097327,44.480775,0
            28.099717,44.477691,0
            28.103026,44.47353,0
            28.10596,44.470052,0
            28.108279,44.467084,0
            28.11032,44.464248,0
            28.111572,44.461849,0
            28.111907,44.460272,0
            28.112132,44.458134,0
            28.112197,44.456052,0
            28.11233,44.451995,0
            28.112608,44.444904,0
            28.112536,44.436241,0
            28.112569,44.429019,0
            28.112648,44.423276,0
            28.112878,44.414983,0
            28.113052,44.408547,0
            28.113297,44.400348,0
            28.11351,44.391717,0
            28.113616,44.384966,0
            28.113546,44.380475,0
            28.113063,44.375494,0
            28.11239,44.372358,0
            28.111151,44.36878,0
            28.109835,44.365754,0
            28.108124,44.362483,0
            28.105738,44.358146,0
            28.103796,44.354137,0
            28.101854,44.350313,0
            28.099302,44.345407,0
            28.096392,44.340006,0
            28.09472,44.336434,0
            28.092164,44.330636,0
            28.090623,44.326344,0
            28.088499,44.320819,0
            28.087304,44.317455,0
            28.085423,44.313092,0
            28.082469,44.308494,0
            28.079524,44.304412,0
            28.07526,44.299638,0
            28.068161,44.293633,0
            28.059291,44.287588,0
            28.050978,44.282382,0
            28.041418,44.276734,0
            28.032921,44.27137,0
            28.024713,44.2662,0
            28.014587,44.259623,0
            28.002193,44.251918,0
            27.987357,44.243734,0
            27.97513,44.238544,0
            27.962701,44.233122,0
            27.953552,44.228984,0
            27.945802,44.225506,0
            27.938993,44.222326,0
            27.931521,44.218982,0
            27.92493,44.216207,0
            27.917194,44.212977,0
            27.908394,44.209465,0
            27.904072,44.207939,0
            27.900338,44.206685,0
            27.895879,44.205327,0
            27.891451,44.204222,0
            27.886756,44.203041,0
            27.882054,44.201963,0
            27.876834,44.200923,0
            27.872107,44.2,0
            27.867155,44.199122,0
            27.862651,44.198491,0
            27.855968,44.197379,0
            27.847763,44.196045,0
            27.839317,44.194647,0
            27.831377,44.19339,0
            27.822588,44.192119,0
            27.814382,44.1905,0
            27.808081,44.189314,0
            27.802442,44.188208,0
            27.797072,44.187101,0
            27.79098,44.18581,0
            27.784648,44.184351,0
            27.776554,44.182432,0
            27.771594,44.181091,0
            27.765951,44.179524,0
            27.759203,44.177363,0
            27.751573,44.174737,0
            27.744614,44.172133,0
            27.737175,44.169406,0
            27.731316,44.167159,0
            27.721835,44.163806,0
            27.713555,44.161008,0
            27.701995,44.1575,0
            27.692131,44.154527,0
            27.686791,44.152742,0
            27.678829,44.150303,0
            27.670005,44.147788,0
            27.66114,44.145115,0
            27.652507,44.14237,0
            27.643953,44.139666,0
            27.634524,44.136506,0
            27.625684,44.133552,0
            27.616378,44.130509,0
            27.607614,44.127685,0
            27.597475,44.124625,0
            27.591166,44.122547,0
            27.586116,44.120996,0
            27.579423,44.118967,0
            27.571977,44.116669,0
            27.565805,44.114952,0
            27.55741,44.112365,0
            27.549113,44.110328,0
            27.542314,44.108797,0
            27.533663,44.107217,0
            27.524674,44.105611,0
            27.517881,44.104326,0
            27.511093,44.103222,0
            27.500925,44.101657,0
            27.491028,44.10021,0
            27.481936,44.098757,0
            27.472811,44.097294,0
            27.462998,44.095679,0
            27.455479,44.094395,0
            27.449148,44.093494,0
            27.443585,44.093079,0
            27.436828,44.093256,0
            27.431017,44.093651,0
            27.425827,44.093995,0
            27.421277,44.094502,0
            27.415884,44.095167,0
            27.4105,44.096013,0
            27.406184,44.096727,0
            27.400885,44.09765,0
            27.397012,44.098356,0
            27.392132,44.099282,0
            27.387161,44.100265,0
            27.381715,44.101323,0
            27.375297,44.102458,0
            27.369073,44.103427,0
            27.363227,44.104249,0
            27.356732,44.105126,0
            27.350475,44.105897,0
            27.344331,44.106776,0
            27.339066,44.107615,0
            27.331761,44.108778,0
            27.322518,44.110261,0
            27.312159,44.111841,0
            27.301811,44.113287,0
            27.29504,44.114135,0
            27.287134,44.115079,0
            27.281133,44.115746,0
            27.275906,44.116262,0
          </coordinates>
        </LineString>
      </Placemark>
    </Folder>
    <Folder>
      <name>Zone</name>
      <Placemark>
        <name>P100-1/2013</name>
        <description>Tc = 0,7 s</description>
        <styleUrl>#poly-00FFFF-1000-76</styleUrl>
        <Polygon>
          <outerBoundaryIs>
            <LinearRing>
              <tessellate>1</tessellate>
              <coordinates>
                27.326535,44.065775,0
                27.356239,44.058511,0
                27.370347,44.038458,0
                27.383,44.026833,0
                27.395808,44.015082,0
                27.398178,44.012498,0
                27.434077,44.017434,0
                27.46674,44.022291,0
                27.474276,44.022169,0
                27.482211,44.021573,0
                27.505542,44.01979,0
                27.52216,44.018674,0
                27.54578,44.017049,0
                27.572782,44.01509,0
                27.592945,44.013585,0
                27.612122,44.012227,0
                27.628826,44.031674,0
                27.643296,44.048048,0
                27.673449,44.029669,0
                27.685217,44.00731,0
                27.693913,43.990821,0
                27.701654,43.97544,0
                27.709951,43.959325,0
                27.712104,43.958701,0
                27.718028,43.957537,0
                27.725821,43.955774,0
                27.730288,43.95428,0
                27.734424,43.953271,0
                27.737291,43.953357,0
                27.740883,43.953915,0
                27.743564,43.954895,0
                27.746202,43.955833,0
                27.748219,43.956776,0
                27.750235,43.957148,0
                27.753753,43.958227,0
                27.755743,43.958444,0
                27.762104,43.958827,0
                27.787334,43.961227,0
                27.808996,43.96295,0
                27.826293,43.964561,0
                27.843729,43.96618,0
                27.860652,43.975694,0
                27.871033,43.981669,0
                27.88168,43.987808,0
                27.892851,43.994379,0
                27.903235,44.00067,0
                27.916697,44.008456,0
                27.940348,43.988036,0
                27.944351,43.984174,0
                27.944803,43.983203,0
                27.946278,43.976686,0
                27.946757,43.971945,0
                27.950538,43.956052,0
                27.953881,43.940623,0
                27.963163,43.924061,0
                27.970971,43.910091,0
                27.977358,43.897975,0
                27.980906,43.886082,0
                27.984291,43.874997,0
                27.98916,43.859295,0
                27.994066,43.843582,0
                27.994779,43.842066,0
                27.997911,43.841168,0
                28.000216,43.841509,0
                28.017121,43.836555,0
                28.036623,43.828714,0
                28.055347,43.821308,0
                28.073253,43.814265,0
                28.085558,43.809443,0
                28.096863,43.804834,0
                28.10521,43.801347,0
                28.111688,43.799042,0
                28.1271,43.79341,0
                28.138999,43.789664,0
                28.157925,43.783607,0
                28.182939,43.775545,0
                28.198612,43.770537,0
                28.215883,43.764917,0
                28.236364,43.75825,0
                28.241078,43.758326,0
                28.256449,43.757318,0
                28.28171,43.755898,0
                28.306403,43.754625,0
                28.326656,43.753473,0
                28.342081,43.752486,0
                28.348818,43.752313,0
                28.360659,43.749787,0
                28.379472,43.746387,0
                28.404402,43.74157,0
                28.42476,43.737544,0
                28.442602,43.734141,0
                28.446994,43.733676,0
                28.466795,43.734384,0
                28.489967,43.735114,0
                28.508715,43.736051,0
                28.530502,43.737062,0
                28.552002,43.737959,0
                28.578805,43.738881,0
                28.579226,43.739881,0
                28.579804,43.744124,0
                28.579372,43.748092,0
                28.577741,43.751479,0
                28.577352,43.756148,0
                28.578047,43.760305,0
                28.579804,43.766331,0
                28.581882,43.771083,0
                28.581944,43.77738,0
                28.582628,43.781327,0
                28.581494,43.784112,0
                28.582598,43.788017,0
                28.586542,43.787483,0
                28.589118,43.800599,0
                28.590466,43.805861,0
                28.590331,43.809796,0
                28.590292,43.813364,0
                28.590101,43.818222,0
                28.590637,43.821849,0
                28.591839,43.826226,0
                28.594094,43.829418,0
                28.592028,43.833921,0
                28.59216,43.837804,0
                28.59439,43.84109,0
                28.597843,43.842244,0
                28.601495,43.846132,0
                28.605888,43.848116,0
                28.609548,43.853403,0
                28.60725,43.859533,0
                28.607198,43.863557,0
                28.608253,43.870061,0
                28.608486,43.877548,0
                28.610437,43.883659,0
                28.612738,43.890013,0
                28.615976,43.896136,0
                28.620813,43.902213,0
                28.624732,43.908382,0
                28.630844,43.91147,0
                28.634602,43.91844,0
                28.63797,43.924562,0
                28.636391,43.930801,0
                28.635563,43.935263,0
                28.639568,43.941247,0
                28.639821,43.950415,0
                28.644511,43.956466,0
                28.650582,43.963398,0
                28.65693,43.96945,0
                28.657102,43.977524,0
                28.663021,43.980859,0
                28.668064,43.98448,0
                28.668305,43.989502,0
                28.665795,44.000914,0
                28.665374,44.011667,0
                28.660332,44.023961,0
                28.653148,44.038167,0
                28.646876,44.049711,0
                28.641669,44.069264,0
                28.639983,44.077033,0
                28.646038,44.083047,0
                28.668774,44.089278,0
                28.66874,44.112581,0
                28.663142,44.125502,0
                28.66278,44.141935,0
                28.663569,44.157625,0
                28.664729,44.169768,0
                28.663521,44.173113,0
                28.659793,44.179262,0
                28.658284,44.185977,0
                28.656604,44.194535,0
                28.657244,44.201012,0
                28.653291,44.20599,0
                28.651159,44.210199,0
                28.647561,44.214807,0
                28.63768,44.220611,0
                28.629302,44.231877,0
                28.62279,44.249688,0
                28.620236,44.267151,0
                28.625391,44.292005,0
                28.639297,44.321018,0
                28.660507,44.329486,0
                28.686121,44.338471,0
                28.69359,44.34524,0
                28.696444,44.35302,0
                28.704969,44.367466,0
                28.719009,44.383471,0
                28.730755,44.395389,0
                28.748083,44.414947,0
                28.803219,44.454543,0
                28.850582,44.494571,0
                28.887945,44.543078,0
                28.937332,44.598751,0
                28.956046,44.636285,0
                28.977291,44.658748,0
                29.024106,44.701491,0
                29.067023,44.734029,0
                29.109236,44.756656,0
                29.157275,44.774776,0
                29.215817,44.787386,0
                29.284081,44.801073,0
                29.36638,44.809911,0
                29.433635,44.814364,0
                29.485579,44.818043,0
                29.518233,44.821196,0
                29.549547,44.823546,0
                29.565672,44.833041,0
                29.585769,44.839635,0
                29.608714,44.847844,0
                29.613879,44.855659,0
                29.617934,44.868912,0
                29.621369,44.881521,0
                29.628156,44.92193,0
                29.639581,45.000991,0
                29.642085,45.016954,0
                29.646353,45.041295,0
                29.647419,45.049222,0
                29.648359,45.060214,0
                29.650959,45.074164,0
                29.653431,45.084952,0
                29.655421,45.09434,0
                29.659379,45.103607,0
                29.663676,45.114006,0
                29.670356,45.124641,0
                29.679284,45.137879,0
                29.692862,45.152638,0
                29.68457,45.164489,0
                29.66724,45.169186,0
                29.654362,45.169534,0
                29.627532,45.230166,0
                29.670196,45.221215,0
                29.669052,45.223919,0
                29.668472,45.226057,0
                29.667277,45.230089,0
                29.664688,45.234207,0
                29.662557,45.237661,0
                29.661438,45.240575,0
                29.660591,45.244008,0
                29.659292,45.248256,0
                29.659206,45.24934,0
                29.659429,45.251163,0
                29.661047,45.254386,0
                29.66196,45.256967,0
                29.662693,45.25844,0
                29.663405,45.260073,0
                29.665004,45.261199,0
                29.672691,45.265966,0
                29.675709,45.267223,0
                29.677648,45.268348,0
                29.67814,45.268972,0
                29.678358,45.269556,0
                29.678168,45.270563,0
                29.675592,45.2799,0
                29.67342,45.286227,0
                29.671355,45.292037,0
                29.668825,45.298471,0
                29.669392,45.304068,0
                29.669035,45.308181,0
                29.668128,45.310418,0
                29.666369,45.312346,0
                29.663587,45.31689,0
                29.661547,45.321791,0
                29.66132,45.322976,0
                29.659331,45.326601,0
                29.657596,45.329272,0
                29.656801,45.331955,0
                29.656277,45.33293,0
                29.656045,45.333694,0
                29.655507,45.334817,0
                29.654708,45.335681,0
                29.653646,45.336641,0
                29.652522,45.337136,0
                29.651123,45.337997,0
                29.651218,45.338603,0
                29.65139,45.339313,0
                29.651002,45.339901,0
                29.650188,45.340557,0
                29.646368,45.343113,0
                29.641799,45.346252,0
                29.636302,45.349996,0
                29.633199,45.352127,0
                29.631865,45.353232,0
                29.62821,45.356606,0
                29.626683,45.357652,0
                29.624093,45.360318,0
                29.61962,45.364684,0
                29.615941,45.368465,0
                29.611987,45.37214,0
                29.605269,45.378285,0
                29.600656,45.381325,0
                29.597725,45.383264,0
                29.596448,45.385428,0
                29.595607,45.386852,0
                29.594945,45.387977,0
                29.593946,45.388513,0
                29.590873,45.389348,0
                29.573922,45.397202,0
                29.564174,45.401343,0
                29.553176,45.407043,0
                29.552247,45.40774,0
                29.549844,45.409222,0
                29.546538,45.409395,0
                29.539781,45.410805,0
                29.52934,45.412721,0
                29.522413,45.414005,0
                29.519433,45.414695,0
                29.517156,45.414973,0
                29.500875,45.418683,0
                29.498473,45.419121,0
                29.495029,45.420022,0
                29.493217,45.420307,0
                29.483604,45.421377,0
                29.475609,45.423156,0
                29.463848,45.427573,0
                29.45904,45.42943,0
                29.455165,45.430141,0
                29.453704,45.430804,0
                29.447306,45.431983,0
                29.443618,45.432889,0
                29.439111,45.434185,0
                29.43685,45.435755,0
                29.431809,45.441328,0
                29.430838,45.441733,0
                29.430012,45.4425,0
                29.429007,45.442957,0
                29.42749,45.443098,0
                29.424231,45.443045,0
                29.403974,45.438692,0
                29.403417,45.438684,0
                29.401267,45.438865,0
                29.399532,45.439149,0
                29.398973,45.43912,0
                29.3987,45.43879,0
                29.398804,45.436995,0
                29.394604,45.436117,0
                29.393091,45.436003,0
                29.391335,45.43601,0
                29.389406,45.436378,0
                29.383553,45.439226,0
                29.381753,45.439611,0
                29.379588,45.439457,0
                29.373969,45.437857,0
                29.369505,45.437666,0
                29.367857,45.437705,0
                29.36401,45.437638,0
                29.357331,45.437164,0
                29.353777,45.437223,0
                29.350108,45.437744,0
                29.34153,45.443469,0
                29.337525,45.446283,0
                29.335232,45.447261,0
                29.331474,45.447985,0
                29.327163,45.448245,0
                29.322733,45.44732,0
                29.319758,45.446154,0
                29.317065,45.444926,0
                29.312442,45.441069,0
                29.31178,45.439916,0
                29.310566,45.438738,0
                29.307292,45.435998,0
                29.301517,45.431347,0
                29.299325,45.430177,0
                29.295602,45.428847,0
                29.292171,45.427745,0
                29.288318,45.426905,0
                29.283234,45.426747,0
                29.278948,45.427017,0
                29.272002,45.429076,0
                29.26886,45.430099,0
                29.265024,45.431426,0
                29.261306,45.432694,0
                29.258517,45.433683,0
                29.256588,45.434086,0
                29.25527,45.434016,0
                29.253543,45.434318,0
                29.252952,45.434452,0
                29.250196,45.435039,0
                29.248316,45.435304,0
                29.247699,45.435123,0
                29.245752,45.434324,0
                29.242246,45.432903,0
                29.239406,45.432254,0
                29.237493,45.431764,0
                29.235275,45.430676,0
                29.227179,45.424537,0
                29.225528,45.423358,0
                29.224236,45.422315,0
                29.212484,45.417547,0
                29.202363,45.417173,0
                29.200494,45.416764,0
                29.198907,45.416045,0
                29.195549,45.415307,0
                29.187945,45.412123,0
                29.185697,45.410795,0
                29.184651,45.409796,0
                29.183413,45.408046,0
                29.182004,45.405342,0
                29.179472,45.399917,0
                29.177962,45.398234,0
                29.174351,45.396158,0
                29.168421,45.394036,0
                29.16261,45.3923,0
                29.154834,45.389925,0
                29.145608,45.386696,0
                29.137445,45.384317,0
                29.12922,45.382678,0
                29.128669,45.382682,0
                29.12645,45.382592,0
                29.123685,45.382196,0
                29.122049,45.381816,0
                29.121168,45.381464,0
                29.117996,45.380518,0
                29.116705,45.379876,0
                29.110877,45.376309,0
                29.107458,45.374926,0
                29.104358,45.374241,0
                29.098057,45.374399,0
                29.094467,45.374639,0
                29.086101,45.374061,0
                29.082861,45.373511,0
                29.082077,45.373124,0
                29.081351,45.372647,0
                29.080662,45.371865,0
                29.077783,45.369254,0
                29.074212,45.366953,0
                29.061409,45.361531,0
                29.056695,45.360025,0
                29.054129,45.359543,0
                29.052281,45.35951,0
                29.048819,45.359654,0
                29.046636,45.360117,0
                29.044695,45.360359,0
                29.042523,45.36004,0
                29.040092,45.358751,0
                29.033697,45.35356,0
                29.030021,45.351737,0
                29.022022,45.349104,0
                29.015037,45.346834,0
                29.008245,45.344518,0
                29.002961,45.341695,0
                28.99838,45.337723,0
                28.987821,45.333311,0
                28.984601,45.331313,0
                28.981746,45.331492,0
                28.976479,45.332329,0
                28.972823,45.33262,0
                28.968853,45.331716,0
                28.96237,45.326853,0
                28.95878,45.323,0
                28.954358,45.317396,0
                28.951011,45.311148,0
                28.950278,45.306556,0
                28.955177,45.297458,0
                28.955288,45.293478,0
                28.953934,45.288763,0
                28.952674,45.285966,0
                28.950261,45.283708,0
                28.944994,45.280693,0
                28.93689,45.279959,0
                28.929878,45.280652,0
                28.925887,45.281373,0
                28.916502,45.285876,0
                28.915095,45.286881,0
                28.90461,45.294183,0
                28.893035,45.302113,0
                28.879929,45.31253,0
                28.877468,45.314799,0
                28.873605,45.316515,0
                28.868003,45.31735,0
                28.864068,45.316605,0
                28.854064,45.316107,0
                28.84496,45.317164,0
                28.839037,45.319623,0
                28.83222,45.325182,0
                28.822632,45.333558,0
                28.815466,45.336211,0
                28.808147,45.336234,0
                28.803851,45.335581,0
                28.801817,45.335048,0
                28.797649,45.334062,0
                28.795871,45.333247,0
                28.787797,45.330897,0
                28.783785,45.329338,0
                28.780459,45.327429,0
                28.779248,45.325767,0
                28.779348,45.323527,0
                28.780115,45.320596,0
                28.782229,45.318765,0
                28.792251,45.315667,0
                28.794732,45.315197,0
                28.79801,45.314285,0
                28.804053,45.311923,0
                28.80561,45.309757,0
                28.806153,45.307183,0
                28.804806,45.303436,0
                28.803744,45.300925,0
                28.797896,45.296302,0
                28.795146,45.293612,0
                28.791813,45.291164,0
                28.788233,45.28987,0
                28.780901,45.290208,0
                28.772936,45.290746,0
                28.761959,45.289264,0
                28.758522,45.288365,0
                28.75551,45.286999,0
                28.754069,45.285642,0
                28.753343,45.284193,0
                28.752837,45.282625,0
                28.754233,45.277513,0
                28.763733,45.265027,0
                28.769624,45.260957,0
                28.77935,45.257645,0
                28.787094,45.254973,0
                28.791837,45.25121,0
                28.793112,45.248427,0
                28.793532,45.245803,0
                28.792928,45.242599,0
                28.791351,45.239882,0
                28.785786,45.237604,0
                28.778272,45.236584,0
                28.770091,45.235546,0
                28.76126,45.234577,0
                28.749534,45.232792,0
                28.739383,45.231233,0
                28.734031,45.229297,0
                28.719488,45.22394,0
                28.710903,45.224038,0
                28.703054,45.225747,0
                28.700212,45.226733,0
                28.689967,45.230018,0
                28.670711,45.237132,0
                28.630303,45.244798,0
                28.565775,45.248105,0
                28.562305,45.248891,0
                28.547087,45.256618,0
                28.4985,45.273798,0
                28.496887,45.273836,0
                28.494557,45.274486,0
                28.492401,45.275672,0
                28.476679,45.280666,0
                28.453664,45.288101,0
                28.435212,45.29242,0
                28.42439,45.296062,0
                28.41426,45.299411,0
                28.390671,45.306607,0
                28.370413,45.313126,0
                28.349812,45.32004,0
                28.340575,45.326323,0
                28.334943,45.33109,0
                28.329194,45.339291,0
                28.317805,45.357241,0
                28.304855,45.37543,0
                28.300212,45.381141,0
                28.295805,45.385881,0
                28.288812,45.390549,0
                28.287335,45.391867,0
                28.284338,45.394192,0
                28.282375,45.396255,0
                28.281764,45.400697,0
                28.281981,45.401783,0
                28.282776,45.40328,0
                28.283951,45.404307,0
                28.284045,45.407019,0
                28.286497,45.424302,0
                28.286813,45.429706,0
                28.285891,45.433924,0
                28.282257,45.441187,0
                28.278844,45.445568,0
                28.27327,45.45034,0
                28.270134,45.452263,0
                28.266105,45.453984,0
                28.247494,45.45914,0
                28.237632,45.462615,0
                28.222927,45.465407,0
                28.223005,45.451589,0
                28.222664,45.442629,0
                28.221544,45.432048,0
                28.220119,45.41979,0
                28.219003,45.40819,0
                28.218102,45.402285,0
                28.217526,45.399399,0
                28.215785,45.395498,0
                28.210468,45.383054,0
                28.206515,45.373244,0
                28.201661,45.362014,0
                28.19808,45.352884,0
                28.194764,45.344966,0
                28.192111,45.33951,0
                28.187166,45.331358,0
                28.180842,45.321102,0
                28.173698,45.309956,0
                28.167665,45.30048,0
                28.163192,45.293536,0
                28.158459,45.286363,0
                28.157458,45.284233,0
                28.156425,45.279205,0
                28.156952,45.270685,0
                28.158251,45.260538,0
                28.160241,45.246157,0
                28.161377,45.237055,0
                28.162597,45.226167,0
                28.163752,45.218659,0
                28.164306,45.215917,0
                28.167754,45.208887,0
                28.173237,45.199827,0
                28.177252,45.19203,0
                28.181329,45.183514,0
                28.183971,45.176926,0
                28.188898,45.16573,0
                28.19382,45.155775,0
                28.19944,45.145885,0
                28.199943,45.143211,0
                28.200355,45.137245,0
                28.200252,45.131424,0
                28.200127,45.124532,0
                28.200159,45.118716,0
                28.200228,45.114172,0
                28.200307,45.111856,0
                28.200732,45.10934,0
                28.20095,45.108347,0
                28.201105,45.10625,0
                28.201584,45.103526,0
                28.202069,45.100914,0
                28.202125,45.097493,0
                28.202431,45.093924,0
                28.202429,45.090026,0
                28.202611,45.086378,0
                28.20279,45.079241,0
                28.202935,45.071211,0
                28.203421,45.066318,0
                28.20419,45.060918,0
                28.205036,45.056966,0
                28.20559,45.052175,0
                28.206602,45.046426,0
                28.207517,45.040396,0
                28.208354,45.034808,0
                28.209418,45.028249,0
                28.209564,45.024264,0
                28.209522,45.019046,0
                28.209373,45.016497,0
                28.208927,45.012171,0
                28.208492,45.008493,0
                28.207908,45.004847,0
                28.207177,45.001212,0
                28.20592,44.996048,0
                28.205086,44.992576,0
                28.204442,44.989,0
                28.202997,44.981953,0
                28.202019,44.977106,0
                28.201455,44.973712,0
                28.200443,44.968574,0
                28.199772,44.96454,0
                28.199064,44.96001,0
                28.19826,44.95614,0
                28.197297,44.952086,0
                28.196535,44.9483,0
                28.195846,44.945591,0
                28.195075,44.941013,0
                28.194291,44.936785,0
                28.193561,44.934157,0
                28.192107,44.930547,0
                28.189952,44.926975,0
                28.187462,44.922501,0
                28.184936,44.91829,0
                28.182888,44.914548,0
                28.180547,44.910342,0
                28.178402,44.906652,0
                28.176085,44.902579,0
                28.172982,44.897038,0
                28.170482,44.892587,0
                28.167908,44.888327,0
                28.166043,44.885168,0
                28.163762,44.881354,0
                28.160532,44.876236,0
                28.157998,44.87242,0
                28.155584,44.868782,0
                28.153108,44.86524,0
                28.14977,44.861034,0
                28.146127,44.856532,0
                28.142747,44.852035,0
                28.139578,44.847794,0
                28.135366,44.842253,0
                28.13153,44.83754,0
                28.127076,44.832311,0
                28.121311,44.824832,0
                28.117314,44.820082,0
                28.113341,44.815229,0
                28.108314,44.809131,0
                28.103748,44.803806,0
                28.100447,44.800134,0
                28.097691,44.797296,0
                28.092848,44.792847,0
                28.089423,44.790269,0
                28.085746,44.787421,0
                28.081053,44.783905,0
                28.076294,44.780142,0
                28.071948,44.77691,0
                28.067975,44.773823,0
                28.063581,44.770377,0
                28.05864,44.766573,0
                28.05355,44.762862,0
                28.048423,44.759195,0
                28.044699,44.7565,0
                28.039642,44.752742,0
                28.034912,44.749041,0
                28.029611,44.744875,0
                28.023028,44.740017,0
                28.018485,44.736597,0
                28.012704,44.732325,0
                28.007476,44.728484,0
                28.00601,44.727185,0
                28.004603,44.72562,0
                28.003251,44.72391,0
                28.002047,44.7218,0
                28.001136,44.720092,0
                28.000368,44.71804,0
                27.999656,44.714779,0
                27.9989,44.710241,0
                27.998257,44.706864,0
                27.99779,44.704094,0
                27.996849,44.699884,0
                27.995947,44.695326,0
                27.994967,44.690902,0
                27.993949,44.686822,0
                27.992783,44.681373,0
                27.991766,44.676436,0
                27.990677,44.671584,0
                27.990781,44.669572,0
                27.991511,44.666074,0
                27.992279,44.663597,0
                27.992849,44.661982,0
                27.994063,44.659135,0
                27.99574,44.656245,0
                27.997877,44.652849,0
                28.000233,44.64935,0
                28.002446,44.646315,0
                28.005564,44.642598,0
                28.008044,44.639719,0
                28.01134,44.636021,0
                28.014822,44.632027,0
                28.018644,44.627953,0
                28.020339,44.626054,0
                28.023061,44.622698,0
                28.025994,44.619299,0
                28.028592,44.61607,0
                28.032388,44.611437,0
                28.035288,44.607907,0
                28.039684,44.602638,0
                28.043363,44.598293,0
                28.045867,44.595327,0
                28.04755,44.592975,0
                28.048139,44.592223,0
                28.049744,44.589547,0
                28.051139,44.587199,0
                28.05252,44.584383,0
                28.054111,44.581061,0
                28.055527,44.577551,0
                28.057088,44.573154,0
                28.058472,44.569363,0
                28.05963,44.56573,0
                28.060957,44.561715,0
                28.062279,44.557154,0
                28.063587,44.552743,0
                28.064713,44.54897,0
                28.065752,44.545348,0
                28.067152,44.540898,0
                28.068605,44.536091,0
                28.07002,44.531546,0
                28.070765,44.529141,0
                28.071959,44.526032,0
                28.073437,44.522559,0
                28.075288,44.518589,0
                28.076448,44.51586,0
                28.078852,44.511243,0
                28.080671,44.50754,0
                28.082949,44.503374,0
                28.085195,44.499568,0
                28.087413,44.495643,0
                28.08957,44.492345,0
                28.092204,44.488281,0
                28.0947,44.484578,0
                28.097369,44.480724,0
                28.100093,44.47718,0
                28.102752,44.473846,0
                28.105538,44.470584,0
                28.10786,44.467621,0
                28.110253,44.46432,0
                28.111539,44.461889,0
                28.111972,44.459439,0
                28.112125,44.457637,0
                28.112336,44.453324,0
                28.112433,44.448919,0
                28.112562,44.44598,0
                28.112502,44.443039,0
                28.112545,44.439777,0
                28.112544,44.435827,0
                28.112533,44.432429,0
                28.112518,44.428847,0
                28.11264,44.425015,0
                28.112632,44.42408,0
                28.112748,44.421449,0
                28.112751,44.419751,0
                28.112813,44.418271,0
                28.112846,44.416525,0
                28.112928,44.413834,0
                28.11301,44.41162,0
                28.113055,44.409535,0
                28.113068,44.407817,0
                28.113127,44.405304,0
                28.11317,44.401585,0
                28.113248,44.396189,0
                28.113515,44.389984,0
                28.113559,44.386079,0
                28.113646,44.382836,0
                28.113584,44.379935,0
                28.113145,44.37653,0
                28.112505,44.373185,0
                28.111988,44.371105,0
                28.111315,44.369012,0
                28.110047,44.366085,0
                28.10853,44.363255,0
                28.106931,44.36032,0
                28.105605,44.357852,0
                28.103352,44.353334,0
                28.100423,44.347642,0
                28.096968,44.341217,0
                28.095285,44.337683,0
                28.092852,44.332061,0
                28.091403,44.32856,0
                28.089675,44.323944,0
                28.088796,44.321397,0
                28.08757,44.318013,0
                28.085614,44.313437,0
                28.083702,44.310321,0
                28.0815,44.307158,0
                28.079701,44.304746,0
                28.076625,44.301176,0
                28.073117,44.297759,0
                28.069641,44.294902,0
                28.066667,44.292637,0
                28.062886,44.290079,0
                28.056377,44.28572,0
                28.050681,44.282203,0
                28.045611,44.2792,0
                28.041156,44.276582,0
                28.036235,44.273481,0
                28.03077,44.26995,0
                28.026512,44.267317,0
                28.020943,44.263694,0
                28.015489,44.260176,0
                28.010066,44.256821,0
                28.005146,44.253757,0
                28.002518,44.252149,0
                27.999039,44.250202,0
                27.994903,44.247826,0
                27.990198,44.245304,0
                27.987527,44.243767,0
                27.978871,44.240078,0
                27.972566,44.237524,0
                27.968371,44.235622,0
                27.961507,44.232576,0
                27.955541,44.229908,0
                27.949896,44.227406,0
                27.943689,44.224508,0
                27.938066,44.221858,0
                27.931137,44.2188,0
                27.92526,44.216283,0
                27.91951,44.21397,0
                27.914404,44.211893,0
                27.909422,44.20991,0
                27.90403,44.207916,0
                27.898466,44.206105,0
                27.892447,44.204486,0
                27.885924,44.202841,0
                27.879398,44.201371,0
                27.871079,44.199818,0
                27.866836,44.199106,0
                27.861856,44.198411,0
                27.855682,44.197317,0
                27.848145,44.196224,0
                27.840975,44.194901,0
                27.835345,44.194022,0
                27.831112,44.19333,0
                27.822939,44.192163,0
                27.817163,44.191019,0
                27.806473,44.188957,0
                27.795384,44.186694,0
                27.787399,44.185009,0
                27.779234,44.183065,0
                27.77421,44.18173,0
                27.766496,44.179724,0
                27.762376,44.178384,0
                27.756719,44.176528,0
                27.749771,44.174064,0
                27.742283,44.171321,0
                27.734907,44.168545,0
                27.729751,44.166589,0
                27.722225,44.163967,0
                27.716792,44.162143,0
                27.711324,44.160312,0
                27.702706,44.157741,0
                27.695189,44.155463,0
                27.689171,44.153541,0
                27.683073,44.151577,0
                27.676696,44.149707,0
                27.670864,44.148025,0
                27.663994,44.146014,0
                27.657073,44.14389,0
                27.649315,44.141341,0
                27.641043,44.138672,0
                27.634397,44.136476,0
                27.627524,44.134143,0
                27.617545,44.13091,0
                27.607742,44.12777,0
                27.598507,44.124989,0
                27.590762,44.122448,0
                27.583061,44.120054,0
                27.57546,44.11777,0
                27.568079,44.11555,0
                27.562549,44.113989,0
                27.55756,44.112434,0
                27.54946,44.110381,0
                27.541762,44.108694,0
                27.531708,44.10687,0
                27.521097,44.104971,0
                27.511141,44.10323,0
                27.501631,44.101792,0
                27.492361,44.100442,0
                27.482439,44.098819,0
                27.471458,44.09704,0
                27.459755,44.095094,0
                27.449024,44.093449,0
                27.443314,44.093129,0
                27.438426,44.093192,0
                27.4298,44.093695,0
                27.425625,44.094005,0
                27.412379,44.095671,0
                27.403588,44.097241,0
                27.391781,44.09937,0
                27.383782,44.100949,0
                27.374277,44.10259,0
                27.365391,44.103998,0
                27.358782,44.104857,0
                27.351658,44.105736,0
                27.343439,44.106999,0
                27.33274,44.108646,0
                27.32255,44.110304,0
                27.31457,44.111469,0
                27.306837,44.112586,0
                27.297475,44.113798,0
                27.288942,44.114832,0
                27.283262,44.115473,0
                27.275985,44.116211,0
                27.276291,44.115369,0
                27.281252,44.111815,0
                27.283924,44.110198,0
                27.284251,44.109535,0
                27.284059,44.108939,0
                27.282382,44.108245,0
                27.279104,44.107682,0
                27.276925,44.106022,0
                27.276262,44.104305,0
                27.276327,44.101954,0
                27.276598,44.100579,0
                27.277539,44.096956,0
                27.279349,44.094044,0
                27.283727,44.090497,0
                27.284612,44.090005,0
                27.286806,44.087299,0
                27.287787,44.086195,0
                27.289682,44.084311,0
                27.290272,44.083411,0
                27.290281,44.08249,0
                27.290184,44.077015,0
                27.291259,44.074861,0
                27.299454,44.072674,0
                27.308931,44.070111,0
                27.326535,44.065775,0
              </coordinates>
            </LinearRing>
          </outerBoundaryIs>
        </Polygon>
      </Placemark>
      <Placemark>
        <name>P100-1/2013</name>
        <description>Tc = 0,7 s</description>
        <styleUrl>#poly-00FFFF-1000-76</styleUrl>
        <Polygon>
          <outerBoundaryIs>
            <LinearRing>
              <tessellate>1</tessellate>
              <coordinates>
                28.11803,45.575651,0
                28.118795,45.577636,0
                28.121436,45.579024,0
                28.118421,45.580833,0
                28.114604,45.58541,0
                28.112485,45.586879,0
                28.10736,45.587742,0
                28.106136,45.588393,0
                28.104321,45.591337,0
                28.101545,45.594793,0
                28.098976,45.596297,0
                28.092881,45.598114,0
                28.091496,45.599402,0
                28.089048,45.60466,0
                28.08899,45.608075,0
                28.090016,45.610244,0
                28.098892,45.615257,0
                28.100878,45.618505,0
                28.108434,45.620433,0
                28.110193,45.621568,0
                28.112403,45.626211,0
                28.114305,45.6267,0
                28.119698,45.627229,0
                28.121555,45.626661,0
                28.122996,45.622852,0
                28.127456,45.620176,0
                28.130538,45.618979,0
                28.132083,45.619434,0
                28.131637,45.621465,0
                28.130366,45.623054,0
                28.130817,45.623917,0
                28.134027,45.624305,0
                28.138028,45.625766,0
                28.140553,45.625154,0
                28.14157,45.622393,0
                28.143681,45.621494,0
                28.145333,45.621581,0
                28.146326,45.625281,0
                28.149988,45.626694,0
                28.152823,45.632234,0
                28.154877,45.633908,0
                28.15718,45.636797,0
                28.158579,45.637376,0
                28.164005,45.638132,0
                28.167023,45.640234,0
                28.171925,45.640831,0
                28.174063,45.644091,0
                28.174327,45.645551,0
                28.172985,45.648051,0
                28.170639,45.64911,0
                28.167423,45.648589,0
                28.162662,45.649728,0
                28.159826,45.649834,0
                28.158142,45.651071,0
                28.15916,45.651969,0
                28.16473,45.652546,0
                28.166158,45.654119,0
                28.164976,45.656898,0
                28.162454,45.659401,0
                28.162805,45.660988,0
                28.166814,45.665906,0
                28.166789,45.669559,0
                28.167381,45.672038,0
                28.169886,45.675061,0
                28.169261,45.677754,0
                28.170392,45.680061,0
                28.166578,45.681891,0
                28.165204,45.687546,0
                28.163929,45.689237,0
                28.162072,45.693247,0
                28.163853,45.696907,0
                28.1636,45.69872,0
                28.160271,45.702519,0
                28.159871,45.705001,0
                28.16277,45.705134,0
                28.165927,45.706176,0
                28.170298,45.709011,0
                28.169741,45.710923,0
                28.164257,45.716827,0
                28.163972,45.718896,0
                28.166452,45.72263,0
                28.166466,45.72398,0
                28.164973,45.724524,0
                28.161987,45.724393,0
                28.160453,45.725849,0
                28.162275,45.729264,0
                28.165815,45.730995,0
                28.164852,45.733152,0
                28.166512,45.735986,0
                28.1654,45.737461,0
                28.15997,45.738949,0
                28.15729,45.740165,0
                28.155669,45.744019,0
                28.154768,45.744652,0
                28.151318,45.744405,0
                28.150525,45.745423,0
                28.150598,45.74822,0
                28.149695,45.751553,0
                28.151709,45.754458,0
                28.148496,45.755819,0
                28.143299,45.760855,0
                28.14428,45.7636,0
                28.145461,45.764494,0
                28.147369,45.763891,0
                28.149486,45.764145,0
                28.149759,45.765484,0
                28.148448,45.766599,0
                28.148108,45.768316,0
                28.150124,45.771243,0
                28.150846,45.773979,0
                28.153261,45.773943,0
                28.155226,45.775514,0
                28.155485,45.77863,0
                28.15262,45.779985,0
                28.153955,45.782009,0
                28.152452,45.783452,0
                28.150391,45.783079,0
                28.14718,45.781395,0
                28.143175,45.780891,0
                28.140505,45.779541,0
                28.1345,45.778515,0
                28.128616,45.78199,0
                28.119315,45.791086,0
                28.114495,45.790246,0
                28.112932,45.791823,0
                28.112529,45.79554,0
                28.11447,45.796087,0
                28.117732,45.794591,0
                28.120648,45.795985,0
                28.122061,45.798696,0
                28.119465,45.802841,0
                28.120694,45.807451,0
                28.118612,45.813382,0
                28.117162,45.814937,0
                28.110457,45.814678,0
                28.107544,45.816029,0
                28.108331,45.817185,0
                28.112402,45.820518,0
                28.111548,45.821971,0
                28.109356,45.823472,0
                28.111303,45.825877,0
                28.111095,45.8274,0
                28.108464,45.83045,0
                28.112048,45.833315,0
                28.11239,45.835313,0
                28.109797,45.838422,0
                28.108312,45.841894,0
                28.106076,45.842719,0
                28.105853,45.843902,0
                28.107741,45.844607,0
                28.111903,45.84502,0
                28.112239,45.847897,0
                28.113449,45.850217,0
                28.110474,45.852072,0
                28.108649,45.855564,0
                28.105819,45.859259,0
                28.108074,45.860748,0
                28.115165,45.860694,0
                28.119084,45.863033,0
                28.121955,45.863411,0
                28.125851,45.862834,0
                28.127112,45.863105,0
                28.127663,45.865104,0
                28.127221,45.869357,0
                28.128622,45.87257,0
                28.132661,45.876317,0
                28.131059,45.87751,0
                28.128231,45.87778,0
                28.128206,45.87891,0
                28.130552,45.881717,0
                28.130345,45.882495,0
                28.127581,45.88469,0
                28.125627,45.885057,0
                28.123904,45.882533,0
                28.120428,45.883626,0
                28.117339,45.882658,0
                28.115073,45.882843,0
                28.113149,45.884325,0
                28.113283,45.885682,0
                28.11834,45.887024,0
                28.116859,45.88974,0
                28.116479,45.892513,0
                28.113103,45.894979,0
                28.112358,45.899146,0
                28.116116,45.900053,0
                28.118411,45.899859,0
                28.120206,45.901113,0
                28.119253,45.904385,0
                28.116384,45.908521,0
                28.116938,45.910712,0
                28.120252,45.913557,0
                28.12018,45.917581,0
                28.123369,45.92038,0
                28.125569,45.921459,0
                28.125836,45.923386,0
                28.122067,45.927247,0
                28.121683,45.929969,0
                28.118576,45.933252,0
                28.115545,45.934965,0
                28.114581,45.936816,0
                28.118414,45.942949,0
                28.11827,45.945063,0
                28.115699,45.949249,0
                28.114519,45.954263,0
                28.111347,45.958026,0
                28.106375,45.961055,0
                28.105233,45.962847,0
                28.105431,45.964539,0
                28.108642,45.966779,0
                28.10769,45.969515,0
                28.102143,45.972167,0
                28.102029,45.973279,0
                28.106653,45.975456,0
                28.107366,45.978415,0
                28.105231,45.978814,0
                28.100311,45.977802,0
                28.098576,45.978461,0
                28.09909,45.981739,0
                28.102753,45.983389,0
                28.104164,45.984891,0
                28.105274,45.988414,0
                28.104058,45.989664,0
                28.099598,45.990382,0
                28.09869,45.991122,0
                28.096599,45.995173,0
                28.096114,45.997455,0
                28.0945,46.000921,0
                28.090823,46.005415,0
                28.086866,46.006691,0
                28.085765,46.00786,0
                28.086049,46.009229,0
                28.091829,46.012108,0
                28.095506,46.014849,0
                28.094458,46.017215,0
                28.089229,46.019088,0
                28.087663,46.020252,0
                28.088788,46.02289,0
                28.089241,46.026984,0
                28.090866,46.030357,0
                28.09042,46.033566,0
                28.091098,46.036102,0
                28.095628,46.039595,0
                28.097619,46.043221,0
                28.102916,46.042614,0
                28.104003,46.043898,0
                28.101005,46.045831,0
                28.100867,46.047698,0
                28.105125,46.052574,0
                28.10469,46.053301,0
                28.101355,46.054084,0
                28.093622,46.052892,0
                28.092386,46.053618,0
                28.090119,46.056379,0
                28.088943,46.059375,0
                28.091669,46.060193,0
                28.097934,46.060222,0
                28.100716,46.063935,0
                28.100021,46.065104,0
                28.097193,46.065314,0
                28.093197,46.066644,0
                28.089929,46.068182,0
                28.089448,46.069966,0
                28.090206,46.071641,0
                28.093124,46.073655,0
                28.093293,46.07513,0
                28.092341,46.078374,0
                28.094047,46.079348,0
                28.097341,46.078474,0
                28.098294,46.080261,0
                28.099817,46.08113,0
                28.102009,46.080555,0
                28.104931,46.078559,0
                28.108666,46.07841,0
                28.10878,46.080078,0
                28.106989,46.083209,0
                28.107229,46.083753,0
                28.111591,46.086706,0
                28.110168,46.088051,0
                28.106716,46.08909,0
                28.105509,46.091332,0
                28.1069,46.093649,0
                28.106933,46.096139,0
                28.102332,46.098338,0
                28.102929,46.099163,0
                28.105495,46.09862,0
                28.107886,46.098923,0
                28.110153,46.103646,0
                28.112097,46.103702,0
                28.114765,46.102133,0
                28.118875,46.102206,0
                28.122401,46.104264,0
                28.122208,46.105837,0
                28.116409,46.107796,0
                28.116137,46.109452,0
                28.11825,46.11253,0
                28.119756,46.11257,0
                28.123939,46.111359,0
                28.125026,46.112205,0
                28.124323,46.115958,0
                28.125874,46.120129,0
                28.125024,46.125462,0
                28.125722,46.126409,0
                28.128948,46.125535,0
                28.13044,46.125961,0
                28.133215,46.128379,0
                28.134681,46.130271,0
                28.132925,46.131203,0
                28.128929,46.131129,0
                28.128455,46.13155,0
                28.125634,46.137736,0
                28.125976,46.139367,0
                28.128419,46.141283,0
                28.129125,46.14362,0
                28.127987,46.145586,0
                28.1247,46.147132,0
                28.123819,46.148539,0
                28.124181,46.150437,0
                28.126331,46.155081,0
                28.128963,46.155177,0
                28.13146,46.154201,0
                28.13299,46.154642,0
                28.134608,46.158975,0
                28.136286,46.161577,0
                28.139563,46.163591,0
                28.143045,46.164531,0
                28.141868,46.166584,0
                28.137072,46.171089,0
                28.130168,46.174304,0
                28.128372,46.177054,0
                28.129328,46.178771,0
                28.131831,46.178427,0
                28.135159,46.176882,0
                28.140381,46.175775,0
                28.143404,46.176819,0
                28.14384,46.179284,0
                28.133435,46.181012,0
                28.1317,46.18258,0
                28.131082,46.185121,0
                28.131806,46.185703,0
                28.134772,46.185727,0
                28.139454,46.182845,0
                28.140376,46.18284,0
                28.14158,46.184676,0
                28.141427,46.191075,0
                28.140962,46.192214,0
                28.138481,46.191721,0
                28.136707,46.19267,0
                28.134268,46.195433,0
                28.130961,46.194846,0
                28.123289,46.19227,0
                28.119044,46.191652,0
                28.117804,46.193294,0
                28.11759,46.195748,0
                28.123691,46.199859,0
                28.125719,46.203861,0
                28.1261,46.206808,0
                28.125457,46.208702,0
                28.1237,46.210682,0
                28.119856,46.212205,0
                28.11668,46.211251,0
                28.116395,46.210053,0
                28.117759,46.205242,0
                28.116916,46.20375,0
                28.113631,46.202068,0
                28.111481,46.2029,0
                28.109867,46.204807,0
                28.11039,46.207098,0
                28.114319,46.210592,0
                28.114342,46.212027,0
                28.107363,46.215521,0
                28.11054,46.216228,0
                28.11194,46.218328,0
                28.112015,46.220396,0
                28.106787,46.221462,0
                28.106609,46.222283,0
                28.110453,46.226809,0
                28.111732,46.23047,0
                28.111612,46.234709,0
                28.110284,46.237404,0
                28.109778,46.241893,0
                28.110602,46.243626,0
                28.113266,46.246071,0
                28.115023,46.244901,0
                28.116651,46.240465,0
                28.118942,46.238833,0
                28.119909,46.239975,0
                28.118878,46.242594,0
                28.120414,46.242872,0
                28.120976,46.241806,0
                28.123063,46.241863,0
                28.127619,46.246174,0
                28.133605,46.250758,0
                28.135216,46.25078,0
                28.137514,46.248374,0
                28.140266,46.248188,0
                28.143835,46.250508,0
                28.146086,46.251328,0
                28.146306,46.253366,0
                28.142022,46.257102,0
                28.139806,46.257337,0
                28.132471,46.256013,0
                28.130296,46.256117,0
                28.129021,46.259276,0
                28.126609,46.261381,0
                28.126547,46.262227,0
                28.134534,46.263269,0
                28.136468,46.265093,0
                28.13416,46.267479,0
                28.136354,46.268402,0
                28.13716,46.271703,0
                28.136864,46.279321,0
                28.137185,46.281612,0
                28.140015,46.284867,0
                28.144293,46.286384,0
                28.147341,46.285933,0
                28.147547,46.285086,0
                28.143881,46.279725,0
                28.145681,46.278132,0
                28.151545,46.278298,0
                28.15252,46.27903,0
                28.15347,46.281572,0
                28.152833,46.283566,0
                28.149546,46.289847,0
                28.149872,46.292137,0
                28.152615,46.292211,0
                28.15489,46.290231,0
                28.155966,46.286842,0
                28.158107,46.286144,0
                28.162616,46.286853,0
                28.164847,46.286104,0
                28.162377,46.282827,0
                28.16265,46.281773,0
                28.169604,46.282717,0
                28.169906,46.283566,0
                28.169026,46.289082,0
                28.16919,46.294441,0
                28.170317,46.296889,0
                28.172634,46.297894,0
                28.176833,46.29553,0
                28.176243,46.293274,0
                28.172371,46.290484,0
                28.175619,46.288459,0
                28.178682,46.285874,0
                28.180166,46.285303,0
                28.180879,46.286845,0
                28.178988,46.289694,0
                28.180801,46.291194,0
                28.183559,46.290395,0
                28.186179,46.291521,0
                28.18671,46.293002,0
                28.185831,46.294609,0
                28.182215,46.294453,0
                28.179125,46.296007,0
                28.177925,46.299169,0
                28.179791,46.300536,0
                28.182383,46.299795,0
                28.187667,46.302536,0
                28.189821,46.30311,0
                28.195028,46.303104,0
                28.196353,46.303875,0
                28.197665,46.306124,0
                28.20209,46.31075,0
                28.205506,46.314991,0
                28.207414,46.318567,0
                28.208975,46.320321,0
                28.207251,46.321063,0
                28.201522,46.320514,0
                28.201016,46.320801,0
                28.199652,46.326308,0
                28.19727,46.32824,0
                28.196027,46.327416,0
                28.194782,46.32389,0
                28.193639,46.322913,0
                28.19228,46.323192,0
                28.189082,46.325845,0
                28.186928,46.326326,0
                28.188121,46.328423,0
                28.19178,46.329465,0
                28.191766,46.330451,0
                28.188629,46.331726,0
                28.183627,46.333081,0
                28.186494,46.336346,0
                28.188851,46.337326,0
                28.192087,46.334554,0
                28.196229,46.33402,0
                28.196678,46.33563,0
                28.194783,46.338585,0
                28.196429,46.341003,0
                28.199327,46.342889,0
                28.199231,46.344126,0
                28.195622,46.346846,0
                28.193257,46.3467,0
                28.194251,46.343139,0
                28.193585,46.342556,0
                28.190805,46.343549,0
                28.187217,46.345561,0
                28.185754,46.349109,0
                28.182838,46.35223,0
                28.183121,46.352866,0
                28.186759,46.353626,0
                28.188845,46.353329,0
                28.185886,46.35202,0
                28.185576,46.351254,0
                28.189519,46.349605,0
                28.193344,46.349192,0
                28.196125,46.349658,0
                28.195999,46.350375,0
                28.192155,46.353392,0
                28.190628,46.356314,0
                28.192399,46.359447,0
                28.193082,46.357043,0
                28.198101,46.356333,0
                28.201336,46.356462,0
                28.205031,46.35735,0
                28.207544,46.358411,0
                28.207971,46.359773,0
                28.205955,46.360354,0
                28.203011,46.360188,0
                28.201117,46.359128,0
                28.199891,46.360105,0
                28.19906,46.364996,0
                28.200727,46.365299,0
                28.204213,46.364456,0
                28.205976,46.364967,0
                28.203843,46.36669,0
                28.20679,46.36877,0
                28.205933,46.369578,0
                28.199403,46.369648,0
                28.198101,46.369235,0
                28.197585,46.37129,0
                28.200291,46.373908,0
                28.20325,46.374089,0
                28.208201,46.372446,0
                28.208836,46.372785,0
                28.210063,46.37707,0
                28.212417,46.380278,0
                28.214913,46.381612,0
                28.217551,46.380481,0
                28.221053,46.381291,0
                28.220793,46.382037,0
                28.217501,46.382972,0
                28.220145,46.386042,0
                28.222677,46.38737,0
                28.223415,46.389154,0
                28.216353,46.391347,0
                28.215835,46.392982,0
                28.217058,46.395516,0
                28.218726,46.39561,0
                28.223794,46.392095,0
                28.226811,46.391218,0
                28.231884,46.391306,0
                28.233832,46.389906,0
                28.235491,46.389861,0
                28.23954,46.393364,0
                28.242504,46.394564,0
                28.242763,46.395702,0
                28.239048,46.399765,0
                28.237436,46.40081,0
                28.234003,46.40027,0
                28.229468,46.398442,0
                28.227863,46.39831,0
                28.225162,46.399244,0
                28.224433,46.400141,0
                28.225247,46.402328,0
                28.229582,46.403985,0
                28.23474,46.403473,0
                28.238696,46.406507,0
                28.237531,46.407528,0
                28.231766,46.407319,0
                28.230064,46.408375,0
                28.229834,46.413113,0
                28.23088,46.41598,0
                28.233975,46.416832,0
                28.242858,46.416958,0
                28.248819,46.415079,0
                28.2501,46.415467,0
                28.250371,46.420075,0
                28.251696,46.421402,0
                28.253576,46.421805,0
                28.257343,46.423675,0
                28.258292,46.424827,0
                28.258573,46.42698,0
                28.257925,46.428597,0
                28.255322,46.432184,0
                28.256261,46.433809,0
                28.26099,46.437326,0
                28.257103,46.446671,0
                28.255863,46.447373,0
                28.250606,46.446935,0
                28.242008,46.447739,0
                28.24126,46.448517,0
                28.240242,46.452786,0
                28.245362,46.455608,0
                28.248381,46.456817,0
                28.253983,46.457832,0
                28.256553,46.459087,0
                28.257979,46.46152,0
                28.256206,46.46258,0
                28.252207,46.462583,0
                28.246406,46.463555,0
                28.245302,46.464468,0
                28.246538,46.465144,0
                28.25061,46.465838,0
                28.251411,46.467191,0
                28.247278,46.468066,0
                28.244921,46.469708,0
                28.245071,46.472566,0
                28.246435,46.475034,0
                28.246071,46.476847,0
                28.244008,46.478317,0
                28.240504,46.479871,0
                28.239029,46.479536,0
                28.235151,46.47603,0
                28.230485,46.477879,0
                28.225948,46.479108,0
                28.224742,46.480213,0
                28.22702,46.481958,0
                28.231317,46.483845,0
                28.23199,46.485138,0
                28.228747,46.487341,0
                28.228695,46.490963,0
                28.23055,46.495124,0
                28.228793,46.495634,0
                28.225118,46.495172,0
                28.223364,46.495632,0
                28.223391,46.497995,0
                28.222622,46.500535,0
                28.221277,46.502472,0
                28.219583,46.5026,0
                28.217003,46.49956,0
                28.215257,46.498641,0
                28.212122,46.499021,0
                28.211381,46.500258,0
                28.214637,46.502187,0
                28.212957,46.503591,0
                28.209934,46.50448,0
                28.208971,46.505878,0
                28.209941,46.507201,0
                28.215093,46.512159,0
                28.219959,46.510129,0
                28.221567,46.510036,0
                28.222571,46.511378,0
                28.218813,46.518507,0
                28.214619,46.52094,0
                28.213889,46.521777,0
                28.215617,46.52288,0
                28.219291,46.522369,0
                28.22206,46.520327,0
                28.2252,46.520755,0
                28.228658,46.52371,0
                28.229275,46.525277,0
                28.229913,46.530192,0
                28.228648,46.530498,0
                28.226904,46.529395,0
                28.225244,46.529483,0
                28.224881,46.531524,0
                28.227039,46.535146,0
                28.225206,46.536381,0
                28.223505,46.536009,0
                28.223475,46.533771,0
                28.221509,46.533853,0
                28.217785,46.535933,0
                28.214824,46.536619,0
                28.216256,46.538932,0
                28.218354,46.540885,0
                28.222504,46.543479,0
                28.222746,46.544326,0
                28.220714,46.545568,0
                28.221591,46.547885,0
                28.226725,46.553502,0
                28.229428,46.553098,0
                28.230795,46.551975,0
                28.23471,46.550878,0
                28.235571,46.551626,0
                28.2335,46.555046,0
                28.232781,46.557534,0
                28.232868,46.562702,0
                28.231647,46.563305,0
                28.227659,46.562593,0
                28.225476,46.563022,0
                28.225308,46.564833,0
                28.22732,46.567262,0
                28.227413,46.568373,0
                28.225115,46.571072,0
                28.222505,46.57895,0
                28.224853,46.580441,0
                28.238263,46.579952,0
                28.241273,46.581214,0
                28.239821,46.582331,0
                28.231445,46.584545,0
                28.23169,46.585548,0
                28.236264,46.587116,0
                28.239933,46.590254,0
                28.241047,46.592961,0
                28.237913,46.595734,0
                28.240218,46.599907,0
                28.242081,46.601612,0
                28.244704,46.602666,0
                28.24925,46.603467,0
                28.24994,46.604534,0
                28.244329,46.606416,0
                28.244545,46.607953,0
                28.246564,46.609533,0
                28.251575,46.611607,0
                28.25184,46.613361,0
                28.249207,46.615455,0
                28.251026,46.618733,0
                28.251362,46.621043,0
                28.248575,46.626531,0
                28.247115,46.627879,0
                28.244069,46.628059,0
                28.241862,46.62748,0
                28.239977,46.628389,0
                28.239182,46.629816,0
                28.2403,46.632148,0
                28.242941,46.633464,0
                28.244458,46.636065,0
                28.243477,46.6402,0
                28.23862,46.642943,0
                28.238255,46.644473,0
                28.240191,46.645527,0
                28.244245,46.644713,0
                28.245111,46.646133,0
                28.23903,46.649825,0
                28.237204,46.652067,0
                28.237854,46.656252,0
                28.236552,46.659502,0
                28.236399,46.66392,0
                28.235229,46.666903,0
                28.23951,46.666807,0
                28.239935,46.667606,0
                28.239259,46.670486,0
                28.235538,46.674284,0
                28.235229,46.675062,0
                28.236524,46.678008,0
                28.236044,46.679588,0
                28.232572,46.681783,0
                28.229723,46.681017,0
                28.231607,46.677079,0
                28.231127,46.674305,0
                28.22889,46.673471,0
                28.227291,46.674014,0
                28.223472,46.676504,0
                28.224649,46.678615,0
                28.224136,46.681707,0
                28.222465,46.684182,0
                28.221478,46.689761,0
                28.220468,46.69046,0
                28.217713,46.689878,0
                28.215244,46.687284,0
                28.214588,46.683567,0
                28.213963,46.683234,0
                28.210623,46.684282,0
                28.208476,46.685929,0
                28.207993,46.6876,0
                28.212357,46.687323,0
                28.214467,46.69162,0
                28.215056,46.694027,0
                28.214439,46.696101,0
                28.212783,46.697435,0
                28.205133,46.698663,0
                28.203277,46.699224,0
                28.202898,46.700929,0
                28.203864,46.701727,0
                28.208252,46.702881,0
                28.210347,46.704361,0
                28.210298,46.709183,0
                28.208859,46.713041,0
                28.205886,46.715004,0
                28.20264,46.71534,0
                28.201441,46.716615,0
                28.202793,46.721125,0
                28.200646,46.721286,0
                28.195459,46.720434,0
                28.194728,46.722284,0
                28.192075,46.723465,0
                28.187771,46.723278,0
                28.186885,46.724319,0
                28.188183,46.727345,0
                28.191476,46.729164,0
                28.195261,46.729504,0
                28.195759,46.730016,0
                28.195382,46.733445,0
                28.193573,46.735279,0
                28.190116,46.735314,0
                28.185376,46.733623,0
                28.182136,46.735443,0
                28.180356,46.737429,0
                28.178879,46.742604,0
                28.179179,46.743325,0
                28.183677,46.743113,0
                28.184427,46.744532,0
                28.183068,46.746962,0
                28.181777,46.747548,0
                28.178229,46.747537,0
                28.177245,46.748033,0
                28.17756,46.75073,0
                28.173994,46.750487,0
                28.173599,46.751792,0
                28.175834,46.755585,0
                28.178378,46.756279,0
                28.180611,46.755439,0
                28.183116,46.755775,0
                28.185255,46.759403,0
                28.183999,46.759877,0
                28.179418,46.758311,0
                28.177859,46.759608,0
                28.178821,46.763339,0
                28.179247,46.767574,0
                28.178882,46.769719,0
                28.176107,46.770628,0
                28.171222,46.768457,0
                28.168001,46.770316,0
                28.168725,46.772261,0
                28.173018,46.774323,0
                28.172812,46.775685,0
                28.17039,46.775854,0
                28.166133,46.774149,0
                28.163927,46.774571,0
                28.161314,46.776863,0
                28.161578,46.777733,0
                28.167934,46.777999,0
                28.176361,46.77733,0
                28.176591,46.778653,0
                28.17381,46.781257,0
                28.1709,46.78269,0
                28.166235,46.783988,0
                28.165684,46.785798,0
                28.166474,46.790314,0
                28.162845,46.791668,0
                28.161281,46.79074,0
                28.16242,46.787288,0
                28.162135,46.784527,0
                28.160223,46.784912,0
                28.156652,46.790221,0
                28.154674,46.792154,0
                28.149188,46.794544,0
                28.14954,46.795645,0
                28.15288,46.798343,0
                28.15063,46.799944,0
                28.14711,46.799549,0
                28.143846,46.802336,0
                28.142174,46.802614,0
                28.137218,46.801817,0
                28.134797,46.802315,0
                28.132496,46.803543,0
                28.128548,46.807711,0
                28.128966,46.810503,0
                28.130153,46.812104,0
                28.129403,46.813628,0
                28.12447,46.813737,0
                28.123832,46.815269,0
                28.125814,46.818917,0
                28.125373,46.82306,0
                28.123497,46.82282,0
                28.119583,46.818912,0
                28.117321,46.819237,0
                28.114849,46.821832,0
                28.114374,46.823306,0
                28.11591,46.827386,0
                28.115952,46.830713,0
                28.115008,46.83703,0
                28.113691,46.838574,0
                28.107973,46.841543,0
                28.107646,46.842875,0
                28.109069,46.844309,0
                28.110243,46.843958,0
                28.112125,46.841268,0
                28.113685,46.841669,0
                28.114532,46.845363,0
                28.116069,46.848147,0
                28.119208,46.849818,0
                28.123053,46.847251,0
                28.12619,46.851523,0
                28.125272,46.853097,0
                28.120753,46.85282,0
                28.11782,46.853356,0
                28.117241,46.85458,0
                28.118934,46.855564,0
                28.122529,46.85596,0
                28.121332,46.857883,0
                28.115603,46.860185,0
                28.112617,46.861714,0
                28.107795,46.865428,0
                28.10775,46.866619,0
                28.111626,46.868376,0
                28.111397,46.869639,0
                28.110012,46.869813,0
                28.102743,46.869487,0
                28.098662,46.869883,0
                28.0988,46.871326,0
                28.101002,46.873117,0
                28.104472,46.873691,0
                28.108114,46.873273,0
                28.111124,46.87454,0
                28.113948,46.876944,0
                28.117958,46.87755,0
                28.118639,46.878522,0
                28.113252,46.881668,0
                28.112278,46.883507,0
                28.114169,46.888322,0
                28.114253,46.890373,0
                28.113533,46.892964,0
                28.111475,46.895237,0
                28.109362,46.894643,0
                28.109927,46.891273,0
                28.109464,46.889801,0
                28.107297,46.889934,0
                28.105556,46.893619,0
                28.102848,46.895661,0
                28.098131,46.892558,0
                28.096233,46.892442,0
                28.094347,46.895412,0
                28.091307,46.896289,0
                28.086209,46.895504,0
                28.085788,46.89703,0
                28.088289,46.899613,0
                28.087988,46.90097,0
                28.084279,46.901371,0
                28.083138,46.903153,0
                28.083687,46.904122,0
                28.087284,46.907278,0
                28.092008,46.905247,0
                28.094115,46.904859,0
                28.095923,46.905557,0
                28.094408,46.909391,0
                28.096076,46.910464,0
                28.102979,46.90956,0
                28.103929,46.909899,0
                28.106914,46.914327,0
                28.108939,46.916109,0
                28.112778,46.921796,0
                28.112482,46.922736,0
                28.099158,46.927132,0
                28.09727,46.928297,0
                28.097532,46.929357,0
                28.100162,46.929833,0
                28.103379,46.929126,0
                28.105912,46.929525,0
                28.105019,46.931418,0
                28.101596,46.932858,0
                28.096754,46.933414,0
                28.089725,46.933636,0
                28.084069,46.934669,0
                28.082221,46.936802,0
                28.083162,46.938219,0
                28.086435,46.937482,0
                28.088473,46.935455,0
                28.090397,46.937711,0
                28.088478,46.9411,0
                28.090056,46.941909,0
                28.091692,46.94001,0
                28.095643,46.940354,0
                28.097187,46.942193,0
                28.098647,46.94807,0
                28.09788,46.949766,0
                28.09483,46.949827,0
                28.09213,46.947472,0
                28.090498,46.947487,0
                28.089857,46.949252,0
                28.090339,46.950738,0
                28.093645,46.954434,0
                28.093241,46.956801,0
                28.088625,46.956139,0
                28.083159,46.957542,0
                28.08028,46.95991,0
                28.079156,46.961673,0
                28.078876,46.963668,0
                28.08215,46.965119,0
                28.085372,46.965767,0
                28.086147,46.967378,0
                28.084563,46.970972,0
                28.086383,46.973251,0
                28.09212,46.974805,0
                28.095736,46.976204,0
                28.096252,46.978922,0
                28.088767,46.981945,0
                28.085507,46.98449,0
                28.078495,46.985425,0
                28.078593,46.986693,0
                28.081342,46.989822,0
                28.08047,46.990899,0
                28.076111,46.991731,0
                28.070555,46.99383,0
                28.065887,46.996109,0
                28.060014,46.998351,0
                28.054737,46.999913,0
                28.054166,47.000727,0
                28.055581,47.003668,0
                28.053855,47.005612,0
                28.051635,47.005813,0
                28.051623,47.003924,0
                28.052821,47.002071,0
                28.051524,47.001176,0
                28.045429,47.003662,0
                28.040913,47.007177,0
                28.040568,47.008227,0
                28.042988,47.009331,0
                28.038701,47.011754,0
                28.036411,47.011407,0
                28.035104,47.010227,0
                28.033102,47.010808,0
                28.032471,47.012523,0
                28.034471,47.014924,0
                28.039441,47.018634,0
                28.042547,47.019071,0
                28.046894,47.017577,0
                28.051393,47.014183,0
                28.053994,47.014648,0
                28.052414,47.019856,0
                28.049532,47.023717,0
                28.047433,47.024834,0
                28.045562,47.023988,0
                28.043608,47.021256,0
                28.041672,47.02082,0
                28.040436,47.022705,0
                28.040226,47.025391,0
                28.038519,47.028284,0
                28.034917,47.030577,0
                28.031571,47.03011,0
                28.028616,47.030477,0
                28.02544,47.029015,0
                28.022969,47.025749,0
                28.022627,47.023527,0
                28.01791,47.023169,0
                28.013322,47.024205,0
                28.007344,47.026593,0
                28.000169,47.028315,0
                27.995002,47.02872,0
                27.994618,47.029523,0
                27.995905,47.033627,0
                27.99464,47.035798,0
                27.98955,47.037277,0
                27.987374,47.035742,0
                27.98685,47.034318,0
                27.983987,47.034003,0
                27.981081,47.03491,0
                27.978201,47.036748,0
                27.976701,47.03838,0
                27.974562,47.042267,0
                27.971858,47.043888,0
                27.964201,47.043234,0
                27.959978,47.041167,0
                27.95867,47.041545,0
                27.958277,47.044568,0
                27.960317,47.046481,0
                27.963726,47.046948,0
                27.964148,47.047939,0
                27.962469,47.048911,0
                27.955109,47.046928,0
                27.952626,47.046568,0
                27.948078,47.047442,0
                27.945835,47.049464,0
                27.944601,47.049601,0
                27.944998,47.05161,0
                27.946809,47.052501,0
                27.950835,47.053473,0
                27.955783,47.053618,0
                27.956907,47.053076,0
                27.958812,47.053978,0
                27.959492,47.055331,0
                27.957876,47.056937,0
                27.953217,47.058388,0
                27.945827,47.059838,0
                27.944128,47.060463,0
                27.941785,47.06381,0
                27.940001,47.065038,0
                27.938449,47.064915,0
                27.93779,47.06317,0
                27.935178,47.061354,0
                27.933114,47.06128,0
                27.930473,47.062006,0
                27.923554,47.066745,0
                27.919322,47.06742,0
                27.915649,47.066681,0
                27.913944,47.069377,0
                27.908769,47.073289,0
                27.906182,47.075811,0
                27.904322,47.076009,0
                27.900711,47.073161,0
                27.899157,47.072983,0
                27.897378,47.074028,0
                27.897092,47.079685,0
                27.896593,47.081798,0
                27.895235,47.084196,0
                27.892368,47.087801,0
                27.889603,47.09009,0
                27.887251,47.090702,0
                27.884031,47.08986,0
                27.879972,47.091557,0
                27.879961,47.092904,0
                27.884089,47.097673,0
                27.883503,47.09902,0
                27.87897,47.100211,0
                27.875648,47.101968,0
                27.871614,47.102859,0
                27.868501,47.102015,0
                27.867491,47.103257,0
                27.870284,47.104397,0
                27.873009,47.104286,0
                27.875424,47.106458,0
                27.873616,47.10771,0
                27.864503,47.107141,0
                27.863242,47.106708,0
                27.861483,47.103726,0
                27.858614,47.103967,0
                27.856161,47.106156,0
                27.855072,47.109673,0
                27.856654,47.112151,0
                27.855533,47.113156,0
                27.849494,47.113261,0
                27.834325,47.115878,0
                27.830465,47.117653,0
                27.82676,47.121722,0
                27.827171,47.123367,0
                27.833287,47.124694,0
                27.837184,47.126669,0
                27.839274,47.128888,0
                27.840657,47.128982,0
                27.843275,47.127452,0
                27.844621,47.123742,0
                27.845568,47.122823,0
                27.848532,47.122918,0
                27.851443,47.125143,0
                27.852035,47.127906,0
                27.848337,47.13206,0
                27.843452,47.135008,0
                27.841006,47.135674,0
                27.8365,47.133482,0
                27.83258,47.133256,0
                27.831042,47.133702,0
                27.829714,47.135251,0
                27.829859,47.138505,0
                27.827239,47.138556,0
                27.824998,47.135532,0
                27.820895,47.135561,0
                27.814897,47.138154,0
                27.808124,47.137415,0
                27.798497,47.138219,0
                27.792225,47.139602,0
                27.78374,47.140647,0
                27.782533,47.141313,0
                27.781383,47.143476,0
                27.782982,47.144451,0
                27.787332,47.143842,0
                27.79074,47.142727,0
                27.79807,47.141927,0
                27.800106,47.142518,0
                27.800285,47.143947,0
                27.796376,47.147687,0
                27.794785,47.14852,0
                27.791934,47.148509,0
                27.786849,47.146684,0
                27.784738,47.147567,0
                27.784851,47.150535,0
                27.788549,47.153166,0
                27.789919,47.153395,0
                27.798138,47.152543,0
                27.800396,47.151726,0
                27.802472,47.152146,0
                27.801231,47.154773,0
                27.803064,47.156927,0
                27.80568,47.15834,0
                27.81127,47.163186,0
                27.810987,47.165368,0
                27.809362,47.166743,0
                27.806258,47.165672,0
                27.80391,47.166374,0
                27.797388,47.170233,0
                27.796164,47.172437,0
                27.79769,47.176223,0
                27.799282,47.181858,0
                27.802739,47.186268,0
                27.803797,47.188437,0
                27.803189,47.190474,0
                27.801133,47.191174,0
                27.798392,47.189411,0
                27.795406,47.18822,0
                27.792228,47.188059,0
                27.787006,47.190359,0
                27.786566,47.191195,0
                27.786436,47.197039,0
                27.787148,47.200908,0
                27.789042,47.204365,0
                27.790711,47.206242,0
                27.790583,47.20793,0
                27.788332,47.208404,0
                27.785283,47.207137,0
                27.780299,47.204062,0
                27.777898,47.20372,0
                27.777067,47.205016,0
                27.779938,47.209487,0
                27.786072,47.21452,0
                27.786639,47.217554,0
                27.785292,47.219706,0
                27.779594,47.221127,0
                27.775649,47.220731,0
                27.771188,47.221075,0
                27.769681,47.222579,0
                27.772609,47.224377,0
                27.775342,47.228147,0
                27.775651,47.229267,0
                27.774407,47.231133,0
                27.769076,47.232088,0
                27.76781,47.231986,0
                27.760524,47.229964,0
                27.755217,47.230626,0
                27.754158,47.232022,0
                27.754779,47.23405,0
                27.759058,47.23837,0
                27.759177,47.239727,0
                27.755617,47.240024,0
                27.75399,47.23868,0
                27.750827,47.238362,0
                27.748432,47.239461,0
                27.745463,47.242596,0
                27.745084,47.244622,0
                27.745993,47.246812,0
                27.749876,47.24859,0
                27.755042,47.247172,0
                27.756669,47.247934,0
                27.756832,47.250034,0
                27.755915,47.252517,0
                27.752237,47.254469,0
                27.749461,47.254424,0
                27.747392,47.253601,0
                27.744883,47.251132,0
                27.743307,47.251933,0
                27.742087,47.253884,0
                27.741894,47.255828,0
                27.743269,47.257427,0
                27.748292,47.257601,0
                27.75111,47.256852,0
                27.756092,47.256268,0
                27.75827,47.257489,0
                27.756319,47.259557,0
                27.747757,47.262041,0
                27.744858,47.264133,0
                27.744099,47.265299,0
                27.744854,47.267729,0
                27.74722,47.271986,0
                27.747895,47.274018,0
                27.747134,47.277091,0
                27.743952,47.277269,0
                27.739543,47.275688,0
                27.738129,47.275632,0
                27.737344,47.277567,0
                27.738411,47.280161,0
                27.738035,47.283757,0
                27.734713,47.289993,0
                27.732121,47.292847,0
                27.729743,47.294639,0
                27.726918,47.295579,0
                27.720687,47.293961,0
                27.717749,47.293956,0
                27.713817,47.297973,0
                27.709127,47.299902,0
                27.705029,47.29999,0
                27.703467,47.299434,0
                27.7026,47.297144,0
                27.705601,47.290342,0
                27.704413,47.289412,0
                27.691647,47.292046,0
                27.689076,47.291153,0
                27.687968,47.287765,0
                27.687978,47.285748,0
                27.685618,47.284681,0
                27.68324,47.286448,0
                27.682721,47.288716,0
                27.683141,47.293536,0
                27.684314,47.296541,0
                27.68402,47.297611,0
                27.681171,47.298434,0
                27.679433,47.29994,0
                27.680516,47.303687,0
                27.679812,47.308789,0
                27.678876,47.3097,0
                27.676082,47.309935,0
                27.674531,47.308928,0
                27.674655,47.307851,0
                27.676647,47.304489,0
                27.675098,47.301439,0
                27.673731,47.300395,0
                27.670886,47.300128,0
                27.669565,47.300833,0
                27.664266,47.307923,0
                27.661391,47.307634,0
                27.658172,47.305079,0
                27.65667,47.30539,0
                27.653775,47.307996,0
                27.649691,47.307979,0
                27.64645,47.307045,0
                27.646702,47.304972,0
                27.648601,47.30285,0
                27.64794,47.299689,0
                27.645641,47.299712,0
                27.642203,47.301277,0
                27.636525,47.302223,0
                27.633223,47.303247,0
                27.633119,47.30467,0
                27.637849,47.309588,0
                27.638605,47.311403,0
                27.637321,47.312661,0
                27.634977,47.312978,0
                27.62977,47.309917,0
                27.627132,47.311361,0
                27.627497,47.314887,0
                27.626467,47.320492,0
                27.625211,47.32261,0
                27.62152,47.326217,0
                27.620127,47.325411,0
                27.619371,47.322833,0
                27.616682,47.319681,0
                27.609908,47.317467,0
                27.606073,47.317251,0
                27.605677,47.318968,0
                27.610419,47.323074,0
                27.610742,47.325754,0
                27.608826,47.327734,0
                27.607039,47.328485,0
                27.60381,47.328542,0
                27.602398,47.327404,0
                27.599206,47.322082,0
                27.600977,47.319909,0
                27.600644,47.317549,0
                27.596831,47.317734,0
                27.59392,47.319554,0
                27.593072,47.32258,0
                27.59589,47.325162,0
                27.594996,47.326996,0
                27.592399,47.327729,0
                27.583668,47.327085,0
                27.581288,47.32804,0
                27.581697,47.33041,0
                27.584636,47.331756,0
                27.591785,47.332142,0
                27.595071,47.331557,0
                27.598599,47.329102,0
                27.601377,47.32925,0
                27.605582,47.333092,0
                27.611942,47.33675,0
                27.615103,47.339115,0
                27.6153,47.34025,0
                27.61306,47.341876,0
                27.611761,47.342006,0
                27.610492,47.33975,0
                27.60517,47.339643,0
                27.604417,47.340242,0
                27.604818,47.342458,0
                27.606744,47.344432,0
                27.606437,47.349062,0
                27.604404,47.349889,0
                27.598018,47.346863,0
                27.596295,47.346547,0
                27.594762,47.349191,0
                27.59639,47.351954,0
                27.59854,47.356926,0
                27.599379,47.359668,0
                27.600008,47.364251,0
                27.601311,47.367544,0
                27.600949,47.368371,0
                27.597858,47.368991,0
                27.595814,47.371253,0
                27.592883,47.369789,0
                27.592758,47.366612,0
                27.590084,47.36518,0
                27.588217,47.365307,0
                27.58408,47.368117,0
                27.579372,47.368577,0
                27.575802,47.368068,0
                27.574041,47.36976,0
                27.574523,47.371179,0
                27.578402,47.372301,0
                27.582879,47.374191,0
                27.583776,47.376827,0
                27.581927,47.378509,0
                27.57813,47.378156,0
                27.575486,47.374598,0
                27.573162,47.373829,0
                27.56966,47.374782,0
                27.568306,47.376987,0
                27.569087,47.381162,0
                27.568957,47.383843,0
                27.572698,47.385128,0
                27.571581,47.386461,0
                27.568757,47.387198,0
                27.568502,47.388205,0
                27.569517,47.390823,0
                27.569444,47.394358,0
                27.573849,47.397557,0
                27.578585,47.398933,0
                27.581231,47.398774,0
                27.582946,47.39979,0
                27.583177,47.402633,0
                27.584619,47.406571,0
                27.584178,47.409412,0
                27.58213,47.410459,0
                27.578473,47.408804,0
                27.576063,47.409104,0
                27.574136,47.412392,0
                27.57524,47.419012,0
                27.572002,47.420729,0
                27.567864,47.424289,0
                27.565294,47.424741,0
                27.562413,47.423051,0
                27.56075,47.423253,0
                27.55788,47.426238,0
                27.555956,47.427247,0
                27.554051,47.429204,0
                27.553785,47.431842,0
                27.554954,47.435006,0
                27.55741,47.436348,0
                27.560757,47.437385,0
                27.561863,47.439286,0
                27.559772,47.441788,0
                27.557711,47.446081,0
                27.558327,47.447469,0
                27.559767,47.447827,0
                27.565859,47.447611,0
                27.570149,47.449499,0
                27.573444,47.455468,0
                27.574159,47.457359,0
                27.572067,47.464323,0
                27.569563,47.465826,0
                27.567097,47.464096,0
                27.563469,47.462649,0
                27.561599,47.462667,0
                27.558437,47.464105,0
                27.557667,47.465584,0
                27.557007,47.46934,0
                27.555367,47.47083,0
                27.550515,47.471994,0
                27.54581,47.474124,0
                27.542889,47.477362,0
                27.541831,47.479446,0
                27.540162,47.486508,0
                27.539213,47.487674,0
                27.536077,47.488655,0
                27.533582,47.487887,0
                27.531676,47.484579,0
                27.533019,47.482852,0
                27.53709,47.480762,0
                27.536164,47.478245,0
                27.532096,47.4785,0
                27.528643,47.480381,0
                27.524133,47.482014,0
                27.522301,47.482173,0
                27.520692,47.481329,0
                27.520716,47.479032,0
                27.519092,47.476424,0
                27.515702,47.474445,0
                27.512713,47.475459,0
                27.512191,47.476503,0
                27.512613,47.482527,0
                27.513193,47.484184,0
                27.515923,47.487958,0
                27.515616,47.489106,0
                27.51336,47.48994,0
                27.511781,47.489106,0
                27.510496,47.486163,0
                27.507108,47.483973,0
                27.508373,47.481492,0
                27.508381,47.479602,0
                27.506289,47.478335,0
                27.504217,47.478257,0
                27.496547,47.479294,0
                27.49298,47.480706,0
                27.491887,47.482939,0
                27.492849,47.48473,0
                27.496025,47.486586,0
                27.495353,47.488284,0
                27.490928,47.488862,0
                27.480669,47.486372,0
                27.476276,47.485067,0
                27.474225,47.485945,0
                27.472298,47.490207,0
                27.468267,47.493024,0
                27.467433,47.495232,0
                27.468165,47.498746,0
                27.467284,47.499767,0
                27.461619,47.501963,0
                27.457615,47.503994,0
                27.454165,47.506876,0
                27.454214,47.50922,0
                27.456737,47.512611,0
                27.456885,47.513637,0
                27.455467,47.515805,0
                27.455638,47.518174,0
                27.456818,47.519395,0
                27.464127,47.523723,0
                27.467236,47.525882,0
                27.465557,47.527427,0
                27.462876,47.526738,0
                27.457825,47.523061,0
                27.453182,47.521562,0
                27.451204,47.522091,0
                27.450853,47.525556,0
                27.450124,47.526546,0
                27.444716,47.52988,0
                27.44526,47.531668,0
                27.453425,47.532728,0
                27.454882,47.533219,0
                27.456434,47.535275,0
                27.456595,47.536633,0
                27.453981,47.537812,0
                27.448027,47.535952,0
                27.444797,47.535872,0
                27.442498,47.537329,0
                27.439335,47.540928,0
                27.434073,47.541872,0
                27.430808,47.544101,0
                27.430049,47.545183,0
                27.43073,47.546931,0
                27.433079,47.547245,0
                27.437001,47.546638,0
                27.439007,47.547499,0
                27.439037,47.549335,0
                27.436423,47.550754,0
                27.43004,47.551235,0
                27.424762,47.552976,0
                27.423793,47.554083,0
                27.424871,47.555751,0
                27.426876,47.557221,0
                27.432331,47.562967,0
                27.430388,47.563772,0
                27.42397,47.562807,0
                27.420952,47.563178,0
                27.418401,47.565373,0
                27.417653,47.569982,0
                27.418212,47.572544,0
                27.421636,47.574969,0
                27.423509,47.577258,0
                27.426549,47.578474,0
                27.428728,47.581013,0
                27.426528,47.58371,0
                27.424551,47.584019,0
                27.420282,47.583722,0
                27.412783,47.582556,0
                27.410372,47.582427,0
                27.404618,47.582909,0
                27.401771,47.584254,0
                27.398015,47.58693,0
                27.390913,47.589637,0
                27.388394,47.591156,0
                27.381434,47.593089,0
                27.376351,47.595211,0
                27.371114,47.598965,0
                27.370862,47.600362,0
                27.373928,47.601704,0
                27.372806,47.603145,0
                27.369575,47.603796,0
                27.364695,47.609872,0
                27.363416,47.612862,0
                27.363115,47.617011,0
                27.36072,47.619726,0
                27.357785,47.621147,0
                27.344725,47.623804,0
                27.339038,47.625147,0
                27.333913,47.626959,0
                27.331516,47.628696,0
                27.322581,47.63871,0
                27.316956,47.641173,0
                27.314949,47.64342,0
                27.3155,47.647381,0
                27.315161,47.649105,0
                27.311716,47.65521,0
                27.308158,47.658604,0
                27.307742,47.659804,0
                27.305579,47.661247,0
                27.298323,47.661212,0
                27.294863,47.662466,0
                27.294949,47.666628,0
                27.294246,47.668405,0
                27.294735,47.670151,0
                27.296315,47.67213,0
                27.295982,47.676093,0
                27.296257,47.679782,0
                27.295132,47.681155,0
                27.29296,47.68185,0
                27.283651,47.683093,0
                27.278322,47.685217,0
                27.27471,47.688129,0
                27.273396,47.690735,0
                27.27885,47.693319,0
                27.279862,47.696564,0
                27.282478,47.699445,0
                27.281909,47.701654,0
                27.279755,47.701989,0
                27.275768,47.700209,0
                27.272832,47.699999,0
                27.270525,47.70105,0
                27.268619,47.702829,0
                27.267569,47.704892,0
                27.269183,47.707911,0
                27.267744,47.711258,0
                27.264803,47.713241,0
                27.258003,47.714882,0
                27.252787,47.71719,0
                27.250015,47.719796,0
                27.250535,47.720681,0
                27.253338,47.720419,0
                27.25523,47.721326,0
                27.258039,47.727617,0
                27.259556,47.729435,0
                27.263572,47.731838,0
                27.266541,47.732073,0
                27.268077,47.731006,0
                27.267856,47.726221,0
                27.270121,47.725854,0
                27.272823,47.728009,0
                27.277986,47.728413,0
                27.280706,47.727099,0
                27.283834,47.723792,0
                27.288871,47.722619,0
                27.292499,47.723102,0
                27.294259,47.724082,0
                27.29533,47.726433,0
                27.294846,47.727785,0
                27.292635,47.729088,0
                27.28806,47.72928,0
                27.284983,47.730115,0
                27.280926,47.734767,0
                27.280805,47.736114,0
                27.2819,47.739,0
                27.2861,47.744143,0
                27.289382,47.74563,0
                27.293816,47.745778,0
                27.297154,47.74654,0
                27.29841,47.747791,0
                27.29815,47.749847,0
                27.29661,47.751871,0
                27.294408,47.752671,0
                27.290866,47.751931,0
                27.288697,47.749187,0
                27.284619,47.748431,0
                27.279735,47.749758,0
                27.279718,47.75194,0
                27.284676,47.754007,0
                27.285541,47.756563,0
                27.283019,47.759158,0
                27.281679,47.761869,0
                27.279806,47.763935,0
                27.276321,47.76313,0
                27.271812,47.761064,0
                27.266867,47.759895,0
                27.265211,47.760432,0
                27.264471,47.762935,0
                27.267078,47.765118,0
                27.268107,47.767909,0
                27.266174,47.771041,0
                27.265604,47.775119,0
                27.266475,47.779337,0
                27.265241,47.780451,0
                27.262757,47.780753,0
                27.257368,47.778497,0
                27.254023,47.778214,0
                27.252652,47.780116,0
                27.254074,47.782141,0
                27.253612,47.784332,0
                27.250549,47.786015,0
                27.248776,47.787831,0
                27.249655,47.792775,0
                27.248329,47.794412,0
                27.240135,47.797186,0
                27.23341,47.798181,0
                27.231241,47.800055,0
                27.231439,47.803786,0
                27.230956,47.806122,0
                27.231504,47.806985,0
                27.235685,47.809209,0
                27.238235,47.811826,0
                27.241266,47.812464,0
                27.242117,47.814063,0
                27.240815,47.816398,0
                27.238472,47.817327,0
                27.233588,47.816482,0
                27.229995,47.81429,0
                27.220624,47.815159,0
                27.216402,47.818111,0
                27.214813,47.821322,0
                27.215624,47.824121,0
                27.217821,47.828148,0
                27.220808,47.829918,0
                27.222325,47.831664,0
                27.226047,47.831466,0
                27.227623,47.830148,0
                27.230189,47.826102,0
                27.233026,47.825286,0
                27.236792,47.825693,0
                27.241016,47.828165,0
                27.243166,47.828752,0
                27.246714,47.830555,0
                27.247688,47.833443,0
                27.246537,47.835385,0
                27.241535,47.837307,0
                27.226596,47.838307,0
                27.224912,47.838941,0
                27.225862,47.840177,0
                27.208436,47.848523,0
                27.199951,47.902214,0
                27.206958,47.905077,0
                27.221271,47.916483,0
                27.240507,47.891681,0
                27.250823,47.882042,0
                27.253162,47.883886,0
                27.251393,47.888363,0
                27.251748,47.890879,0
                27.259939,47.898025,0
                27.254164,47.902415,0
                27.249434,47.909902,0
                27.252884,47.911947,0
                27.245268,47.922159,0
                27.238357,47.920184,0
                27.216104,47.95149,0
                27.19238,47.940986,0
                27.176369,47.943493,0
                27.176501,47.947269,0
                27.166295,47.954931,0
                27.141234,47.966754,0
                27.153111,47.971469,0
                27.159122,47.986287,0
                27.166256,47.994793,0
                27.143765,47.992208,0
                27.136693,47.991303,0
                27.132759,47.991388,0
                27.128265,47.992351,0
                27.123346,47.994413,0
                27.120997,47.997188,0
                27.120319,47.999875,0
                27.120685,48.001074,0
                27.124158,48.006674,0
                27.127634,48.009518,0
                27.128433,48.01071,0
                27.127985,48.012979,0
                27.126872,48.013771,0
                27.12248,48.014891,0
                27.119543,48.014685,0
                27.114968,48.013693,0
                27.108968,48.011641,0
                27.103795,48.008436,0
                27.099874,48.007098,0
                27.094486,48.007127,0
                27.091781,48.008407,0
                27.08979,48.011479,0
                27.091162,48.017771,0
                27.094151,48.0227,0
                27.096093,48.023853,0
                27.101276,48.025084,0
                27.104257,48.02698,0
                27.106615,48.0294,0
                27.106256,48.031631,0
                27.104075,48.033644,0
                27.100744,48.034032,0
                27.08912,48.034436,0
                27.085567,48.035121,0
                27.083283,48.037136,0
                27.082388,48.040325,0
                27.083161,48.046828,0
                27.082806,48.048558,0
                27.079415,48.052932,0
                27.075312,48.055411,0
                27.065498,48.060377,0
                27.056725,48.064455,0
                27.051088,48.0668,0
                27.046772,48.069078,0
                27.045167,48.070653,0
                27.043145,48.075368,0
                27.042659,48.080666,0
                27.04065,48.082962,0
                27.035145,48.085365,0
                27.027834,48.088103,0
                27.026429,48.089688,0
                27.028568,48.092707,0
                27.031576,48.094247,0
                27.036338,48.097376,0
                27.038977,48.09998,0
                27.040691,48.1026,0
                27.041178,48.105458,0
                27.039336,48.110232,0
                27.03376,48.116168,0
                27.033988,48.118655,0
                27.039318,48.127574,0
                27.038908,48.129487,0
                27.036262,48.12989,0
                27.033645,48.128637,0
                27.030021,48.124323,0
                27.026863,48.123682,0
                27.023815,48.124967,0
                27.022345,48.12707,0
                27.022847,48.128096,0
                27.02837,48.133565,0
                27.02833,48.136594,0
                27.024806,48.138269,0
                27.021846,48.138334,0
                27.018215,48.137266,0
                27.014734,48.134973,0
                27.009996,48.127825,0
                27.006481,48.124207,0
                27.003866,48.122092,0
                26.999642,48.121674,0
                26.992041,48.126306,0
                26.98834,48.12803,0
                26.981683,48.129671,0
                26.973484,48.129588,0
                26.96827,48.130278,0
                26.960078,48.134074,0
                26.955299,48.137774,0
                26.951758,48.144181,0
                26.951442,48.149364,0
                26.951778,48.150134,0
                26.955605,48.152458,0
                26.959551,48.152151,0
                26.966786,48.148287,0
                26.977189,48.144597,0
                26.980356,48.144224,0
                26.98609,48.145091,0
                26.99025,48.147392,0
                26.992109,48.150054,0
                26.991764,48.152141,0
                26.990356,48.154087,0
                26.987766,48.156414,0
                26.981761,48.159736,0
                26.971408,48.162616,0
                26.966208,48.162063,0
                26.961615,48.16254,0
                26.951898,48.161301,0
                26.944321,48.16152,0
                26.941526,48.162075,0
                26.936651,48.163879,0
                26.933267,48.166435,0
                26.932389,48.168809,0
                26.933552,48.170984,0
                26.938084,48.174377,0
                26.943274,48.177384,0
                26.946207,48.17987,0
                26.948931,48.182991,0
                26.949946,48.1863,0
                26.948913,48.190026,0
                26.946447,48.193696,0
                26.942893,48.196356,0
                26.940362,48.197528,0
                26.934873,48.199061,0
                26.928915,48.199795,0
                26.922479,48.199381,0
                26.920321,48.199614,0
                26.915971,48.199294,0
                26.913517,48.198481,0
                26.912854,48.196841,0
                26.920141,48.186412,0
                26.921082,48.183209,0
                26.919938,48.18129,0
                26.916086,48.18029,0
                26.907167,48.179541,0
                26.903436,48.180398,0
                26.901532,48.181567,0
                26.894859,48.187061,0
                26.892427,48.189983,0
                26.892306,48.192123,0
                26.893508,48.193766,0
                26.894909,48.194232,0
                26.902047,48.194505,0
                26.904622,48.195758,0
                26.908929,48.199599,0
                26.90852,48.201673,0
                26.907258,48.202091,0
                26.901379,48.202126,0
                26.898474,48.201545,0
                26.890684,48.200833,0
                26.885761,48.201422,0
                26.884033,48.202274,0
                26.881034,48.20534,0
                26.877379,48.206659,0
                26.874197,48.210379,0
                26.865333,48.214755,0
                26.860276,48.218105,0
                26.859269,48.220679,0
                26.857536,48.22287,0
                26.857501,48.226084,0
                26.856583,48.229997,0
                26.85486,48.232125,0
                26.851406,48.234001,0
                26.849013,48.234057,0
                26.844577,48.231425,0
                26.842141,48.228569,0
                26.835451,48.226149,0
                26.83331,48.22591,0
                26.831281,48.226651,0
                26.829617,48.228613,0
                26.828866,48.230869,0
                26.82842,48.238104,0
                26.827677,48.241518,0
                26.826316,48.244306,0
                26.822335,48.245444,0
                26.819221,48.24527,0
                26.815607,48.247093,0
                26.815288,48.249024,0
                26.812483,48.250441,0
                26.810316,48.253316,0
                26.808451,48.254185,0
                26.803606,48.253575,0
                26.801488,48.252444,0
                26.799079,48.250183,0
                26.79604,48.249405,0
                26.789729,48.249761,0
                26.786929,48.249579,0
                26.784881,48.247959,0
                26.785487,48.244539,0
                26.783713,48.243113,0
                26.780306,48.243408,0
                26.774782,48.24596,0
                26.769799,48.247455,0
                26.763793,48.247946,0
                26.75868,48.246918,0
                26.753643,48.247911,0
                26.748683,48.247087,0
                26.744812,48.245866,0
                26.739257,48.244937,0
                26.734197,48.246135,0
                26.734952,48.248772,0
                26.738593,48.250079,0
                26.743017,48.253888,0
                26.741695,48.255684,0
                26.733859,48.258316,0
                26.728949,48.258649,0
                26.726841,48.256846,0
                26.727046,48.25576,0
                26.731445,48.250061,0
                26.731084,48.247925,0
                26.727403,48.246568,0
                26.724712,48.246339,0
                26.721225,48.246815,0
                26.719,48.247649,0
                26.715365,48.25047,0
                26.708603,48.25339,0
                26.705356,48.260736,0
                26.704384,48.264024,0
                26.702959,48.264985,0
                26.699464,48.265258,0
                26.696628,48.263741,0
                26.695305,48.262124,0
                26.693894,48.257618,0
                26.691045,48.254053,0
                26.686292,48.252041,0
                26.683617,48.249498,0
                26.680389,48.248602,0
                26.674726,48.248426,0
                26.667913,48.247061,0
                26.665064,48.247881,0
                26.663984,48.248797,0
                26.663449,48.252237,0
                26.66398,48.254228,0
                26.666575,48.258505,0
                26.666621,48.26138,0
                26.665314,48.263228,0
                26.66057,48.264288,0
                26.65794,48.262564,0
                26.657768,48.260115,0
                26.656806,48.257618,0
                26.652839,48.254375,0
                26.64927,48.253105,0
                26.64597,48.25263,0
                26.644529,48.25324,0
                26.644265,48.256476,0
                26.642564,48.258641,0
                26.637668,48.261783,0
                26.634698,48.262159,0
                26.630247,48.259815,0
                26.629477,48.258603,0
                26.629448,48.256072,0
                26.63113,48.252163,0
                26.628986,48.247312,0
                26.626556,48.246413,0
                26.625236,48.246876,0
                26.621665,48.250054,0
                26.617888,48.251447,0
                26.615855,48.251049,0
                26.614415,48.249492,0
                26.617211,48.246917,0
                26.620893,48.240622,0
                26.620083,48.239363,0
                26.617402,48.239182,0
                26.613344,48.240408,0
                26.611097,48.240464,0
                26.607322,48.239664,0
                26.602967,48.239561,0
                26.597672,48.23899,0
                26.59587,48.239285,0
                26.592868,48.241905,0
                26.59026,48.245193,0
                26.588505,48.246607,0
                26.586179,48.246822,0
                26.580707,48.243038,0
                26.578813,48.242665,0
                26.57682,48.243223,0
                26.575303,48.242661,0
                26.571272,48.238834,0
                26.570964,48.234411,0
                26.569232,48.231186,0
                26.569016,48.229316,0
                26.572268,48.225931,0
                26.572969,48.224221,0
                26.572456,48.219695,0
                26.570526,48.219466,0
                26.565623,48.221152,0
                26.558274,48.222475,0
                26.554378,48.224799,0
                26.550484,48.224699,0
                26.548368,48.223597,0
                26.548094,48.22106,0
                26.549445,48.218126,0
                26.548809,48.21626,0
                26.545761,48.214799,0
                26.538317,48.214176,0
                26.526552,48.208872,0
                26.522925,48.208377,0
                26.52246,48.20935,0
                26.523468,48.212286,0
                26.521759,48.21354,0
                26.515602,48.211458,0
                26.51174,48.211839,0
                26.508539,48.213335,0
                26.504709,48.216441,0
                26.494542,48.217851,0
                26.491576,48.217912,0
                26.488253,48.216434,0
                26.483373,48.215282,0
                26.480442,48.215343,0
                26.476518,48.216266,0
                26.470675,48.220571,0
                26.467646,48.220868,0
                26.466643,48.220342,0
                26.464953,48.21613,0
                26.463059,48.215223,0
                26.459397,48.214981,0
                26.455894,48.21333,0
                26.456211,48.21141,0
                26.458019,48.209967,0
                26.458347,48.208161,0
                26.457353,48.20654,0
                26.454776,48.205513,0
                26.447418,48.204137,0
                26.437465,48.204554,0
                26.433676,48.203413,0
                26.432542,48.200814,0
                26.432909,48.200146,0
                26.439031,48.197067,0
                26.439047,48.193943,0
                26.433253,48.192875,0
                26.431894,48.19422,0
                26.430828,48.196734,0
                26.423333,48.201024,0
                26.420744,48.201186,0
                26.418361,48.199873,0
                26.417183,48.197572,0
                26.415202,48.195745,0
                26.410824,48.193368,0
                26.405995,48.190228,0
                26.401126,48.188692,0
                26.398494,48.188364,0
                26.393983,48.18912,0
                26.391887,48.188867,0
                26.387413,48.186584,0
                26.385144,48.186513,0
                26.379802,48.190252,0
                26.379388,48.191189,0
                26.380713,48.192691,0
                26.384137,48.194826,0
                26.382773,48.196532,0
                26.376394,48.197796,0
                26.372391,48.197032,0
                26.371127,48.196058,0
                26.369792,48.193209,0
                26.369952,48.19097,0
                26.362622,48.186757,0
                26.358588,48.184992,0
                26.355537,48.185529,0
                26.353479,48.189615,0
                26.352024,48.191,0
                26.349395,48.191329,0
                26.347978,48.190563,0
                26.3476,48.188834,0
                26.34971,48.185634,0
                26.349,48.183893,0
                26.345777,48.182452,0
                26.342893,48.182421,0
                26.33461,48.183358,0
                26.333028,48.184211,0
                26.332882,48.182055,0
                26.329131,48.179861,0
                26.32774,48.176033,0
                26.333659,48.16639,0
                26.334975,48.160746,0
                26.334063,48.158622,0
                26.328153,48.152721,0
                26.315935,48.148065,0
                26.309455,48.143578,0
                26.302022,48.136522,0
                26.297759,48.1333,0
                26.287587,48.118744,0
                26.284866,48.11348,0
                26.284353,48.106782,0
                26.282269,48.100521,0
                26.277752,48.094952,0
                26.275615,48.086816,0
                26.271741,48.080757,0
                26.266119,48.076163,0
                26.261473,48.074593,0
                26.24898,48.069221,0
                26.231865,48.061423,0
                26.22323,48.056789,0
                26.213603,48.052274,0
                26.211938,48.050578,0
                26.210627,48.04489,0
                26.207833,48.028533,0
                26.19893,48.007605,0
                26.192844,48.00076,0
                26.185121,47.994901,0
                26.182961,47.994091,0
                26.170617,47.990583,0
                26.163301,47.988878,0
                26.143644,47.985908,0
                26.136932,47.984272,0
                26.13093,47.986993,0
                26.126443,47.987784,0
                26.117733,47.981971,0
                26.115013,47.981547,0
                26.101152,47.978236,0
                26.072322,47.985805,0
                26.061136,47.988007,0
                26.056563,47.98738,0
                26.022192,47.982208,0
                26.015711,47.981134,0
                25.998192,47.978762,0
                25.99611,47.978369,0
                25.974362,47.975165,0
                25.952157,47.970722,0
                25.944177,47.973205,0
                25.940375,47.975801,0
                25.929828,47.976998,0
                25.925294,47.977298,0
                25.914507,47.977354,0
                25.909515,47.969118,0
                25.907818,47.964877,0
                25.891872,47.961248,0
                25.879887,47.962954,0
                25.873409,47.966227,0
                25.861182,47.970104,0
                25.849638,47.968723,0
                25.836868,47.966881,0
                25.825728,47.963796,0
                25.818581,47.954011,0
                25.795289,47.945291,0
                25.774566,47.939397,0
                25.762021,47.940185,0
                25.750561,47.940768,0
                25.737773,47.941656,0
                25.733347,47.945743,0
                25.725055,47.943903,0
                25.720561,47.94441,0
                25.717942,47.940918,0
                25.710521,47.940687,0
                25.708551,47.941529,0
                25.708407,47.942554,0
                25.705865,47.942703,0
                25.705612,47.943475,0
                25.702866,47.943565,0
                25.697436,47.945532,0
                25.695617,47.944855,0
                25.692752,47.945439,0
                25.692544,47.94425,0
                25.690412,47.944065,0
                25.688862,47.945982,0
                25.687283,47.945965,0
                25.686019,47.943846,0
                25.679631,47.944804,0
                25.67923,47.945901,0
                25.676082,47.945555,0
                25.675578,47.946209,0
                25.669425,47.946463,0
                25.669348,47.94698,0
                25.665254,47.948059,0
                25.65853,47.948728,0
                25.657069,47.949209,0
                25.65214,47.948334,0
                25.65135,47.949089,0
                25.648648,47.948309,0
                25.64741,47.949205,0
                25.645634,47.94883,0
                25.642744,47.949481,0
                25.641091,47.94902,0
                25.625482,47.948763,0
                25.616674,47.945925,0
                25.591761,47.938162,0
                25.57028,47.936965,0
                25.557966,47.936124,0
                25.545479,47.935432,0
                25.537172,47.935267,0
                25.535188,47.935811,0
                25.533487,47.934666,0
                25.523709,47.934344,0
                25.514493,47.933737,0
                25.498259,47.932405,0
                25.490331,47.931387,0
                25.464979,47.928624,0
                25.456227,47.927738,0
                25.421271,47.923683,0
                25.374735,47.918566,0
                25.372336,47.918205,0
                25.350156,47.916147,0
                25.348885,47.916173,0
                25.341626,47.914076,0
                25.330117,47.913735,0
                25.325731,47.913403,0
                25.310984,47.914115,0
                25.292904,47.904385,0
                25.285869,47.90093,0
                25.270443,47.892708,0
                25.268159,47.892006,0
                25.265761,47.893663,0
                25.263013,47.893978,0
                25.258186,47.892141,0
                25.256569,47.892655,0
                25.2523,47.895607,0
                25.250148,47.896136,0
                25.244546,47.893944,0
                25.242103,47.89525,0
                25.238702,47.89594,0
                25.237651,47.895297,0
                25.229666,47.893014,0
                25.224311,47.882578,0
                25.221302,47.883068,0
                25.221102,47.881115,0
                25.222416,47.878955,0
                25.224669,47.872801,0
                25.222095,47.869426,0
                25.221692,47.85877,0
                25.219423,47.858233,0
                25.206301,47.853621,0
                25.204762,47.852456,0
                25.204434,47.85091,0
                25.200771,47.85001,0
                25.201458,47.847844,0
                25.200044,47.845846,0
                25.201659,47.842902,0
                25.201867,47.839443,0
                25.200174,47.839615,0
                25.198272,47.838176,0
                25.196641,47.835813,0
                25.196081,47.833757,0
                25.194492,47.833779,0
                25.191464,47.832075,0
                25.189158,47.829401,0
                25.185965,47.828426,0
                25.183333,47.828442,0
                25.182753,47.827077,0
                25.179968,47.825714,0
                25.179736,47.823227,0
                25.180661,47.820969,0
                25.179937,47.819918,0
                25.179251,47.816556,0
                25.176831,47.815467,0
                25.177205,47.813776,0
                25.167613,47.809372,0
                25.1669,47.808711,0
                25.168123,47.80666,0
                25.170067,47.804804,0
                25.170748,47.796494,0
                25.167092,47.791508,0
                25.163627,47.789855,0
                25.159657,47.789359,0
                25.153331,47.78918,0
                25.151364,47.790068,0
                25.148864,47.792105,0
                25.147162,47.791234,0
                25.14469,47.787993,0
                25.142273,47.785826,0
                25.137195,47.78393,0
                25.13413,47.78217,0
                25.132802,47.780205,0
                25.129219,47.77884,0
                25.128666,47.777175,0
                25.12307,47.772688,0
                25.11697,47.768664,0
                25.115478,47.763772,0
                25.116402,47.757131,0
                25.115649,47.754747,0
                25.112681,47.75411,0
                25.103376,47.752893,0
                25.097731,47.749119,0
                25.092989,47.749189,0
                25.088637,47.748732,0
                25.084346,47.745474,0
                25.082187,47.745111,0
                25.076771,47.745357,0
                25.065557,47.740663,0
                25.062873,47.74042,0
                25.054913,47.745777,0
                25.052967,47.746354,0
                25.053788,47.745038,0
                25.053604,47.743048,0
                25.051273,47.741089,0
                25.049488,47.738625,0
                25.044816,47.734381,0
                25.044634,47.732977,0
                25.042802,47.731701,0
                25.041271,47.728714,0
                25.041412,47.726859,0
                25.040214,47.725205,0
                25.03799,47.725398,0
                25.030891,47.727248,0
                25.028929,47.728085,0
                25.028239,47.729275,0
                25.0248,47.731175,0
                25.019779,47.730515,0
                25.01597,47.731044,0
                25.011897,47.733176,0
                25.006803,47.733899,0
                25.00156,47.729603,0
                25.001397,47.727043,0
                24.997559,47.725346,0
                24.99538,47.724999,0
                24.992849,47.725443,0
                24.989248,47.728288,0
                24.982567,47.729456,0
                24.965462,47.729214,0
                24.944736,47.728807,0
                24.933454,47.727792,0
                24.914956,47.725872,0
                24.901016,47.724548,0
                24.882961,47.724056,0
                24.885489,47.730444,0
                24.886326,47.733639,0
                24.882587,47.735963,0
                24.880807,47.739848,0
                24.880188,47.744029,0
                24.880354,47.745847,0
                24.877545,47.748732,0
                24.878283,47.752434,0
                24.870487,47.756773,0
                24.868475,47.758318,0
                24.855277,47.765416,0
                24.854905,47.770267,0
                24.852329,47.77186,0
                24.850464,47.77477,0
                24.836241,47.779436,0
                24.835814,47.78176,0
                24.83744,47.786365,0
                24.836532,47.793321,0
                24.833546,47.797368,0
                24.828841,47.799811,0
                24.821433,47.805978,0
                24.823614,47.81121,0
                24.823135,47.812622,0
                24.826674,47.817066,0
                24.827987,47.817809,0
                24.827802,47.820338,0
                24.821801,47.82129,0
                24.816968,47.821624,0
                24.812935,47.822651,0
                24.808206,47.823015,0
                24.804564,47.822136,0
                24.801238,47.82277,0
                24.797153,47.824583,0
                24.789357,47.824821,0
                24.784089,47.823265,0
                24.782071,47.825578,0
                24.781796,47.82788,0
                24.778734,47.831179,0
                24.778033,47.837225,0
                24.771848,47.837109,0
                24.765167,47.839126,0
                24.758202,47.836996,0
                24.75295,47.829464,0
                24.745875,47.834806,0
                24.741258,47.836532,0
                24.739484,47.838609,0
                24.7393,47.841014,0
                24.734329,47.843711,0
                24.728034,47.840859,0
                24.723893,47.841208,0
                24.719877,47.839017,0
                24.714783,47.840009,0
                24.706756,47.839878,0
                24.705549,47.840343,0
                24.70409,47.842718,0
                24.704497,47.848946,0
                24.702945,47.852363,0
                24.698991,47.853534,0
                24.692893,47.855776,0
                24.687295,47.856145,0
                24.682314,47.858744,0
                24.680994,47.861232,0
                24.67311,47.863121,0
                24.670479,47.865832,0
                24.669738,47.86975,0
                24.66836,47.870665,0
                24.667818,47.873057,0
                24.665785,47.876329,0
                24.668154,47.881034,0
                24.667309,47.885497,0
                24.670581,47.889358,0
                24.673244,47.893573,0
                24.673763,47.896266,0
                24.66978,47.89868,0
                24.667844,47.90236,0
                24.663568,47.905095,0
                24.660967,47.908784,0
                24.658405,47.908749,0
                24.652379,47.9105,0
                24.653868,47.913598,0
                24.651737,47.918954,0
                24.648065,47.920369,0
                24.635168,47.924301,0
                24.636257,47.929608,0
                24.63224,47.933325,0
                24.629751,47.933964,0
                24.632199,47.939754,0
                24.630563,47.940946,0
                24.630069,47.944186,0
                24.628162,47.94803,0
                24.623477,47.951716,0
                24.614698,47.950686,0
                24.61067,47.951546,0
                24.607225,47.949702,0
                24.601558,47.945238,0
                24.59582,47.946818,0
                24.59833,47.949907,0
                24.596019,47.952091,0
                24.595524,47.954138,0
                24.592047,47.956845,0
                24.583986,47.960739,0
                24.582818,47.964868,0
                24.575132,47.967304,0
                24.56408,47.968251,0
                24.562425,47.968175,0
                24.559605,47.966704,0
                24.555981,47.963839,0
                24.556055,47.961018,0
                24.552411,47.958558,0
                24.550002,47.958655,0
                24.549615,47.959934,0
                24.536932,47.961926,0
                24.531091,47.960606,0
                24.526806,47.961459,0
                24.517774,47.956384,0
                24.5134,47.953651,0
                24.5136,47.952198,0
                24.512145,47.95171,0
                24.502324,47.952212,0
                24.494581,47.955194,0
                24.487391,47.955667,0
                24.485334,47.957348,0
                24.479686,47.959796,0
                24.475074,47.961011,0
                24.47469,47.962096,0
                24.471689,47.963064,0
                24.464275,47.961611,0
                24.459606,47.9624,0
                24.449795,47.963,0
                24.446903,47.96386,0
                24.436297,47.970062,0
                24.433036,47.969411,0
                24.428444,47.96723,0
                24.426573,47.965865,0
                24.415472,47.959567,0
                24.409555,47.960011,0
                24.403005,47.957049,0
                24.400992,47.95565,0
                24.397072,47.95581,0
                24.393754,47.954172,0
                24.392129,47.952677,0
                24.392065,47.948287,0
                24.390447,47.946057,0
                24.38819,47.944338,0
                24.385659,47.94075,0
                24.383157,47.939864,0
                24.380389,47.934212,0
                24.380458,47.931223,0
                24.381681,47.926544,0
                24.378231,47.925408,0
                24.368772,47.923267,0
                24.36035,47.919522,0
                24.356884,47.918527,0
                24.353351,47.916474,0
                24.349999,47.915219,0
                24.344469,47.914413,0
                24.338601,47.918036,0
                24.334743,47.917681,0
                24.327712,47.922431,0
                24.327839,47.922984,0
                24.324809,47.925761,0
                24.319951,47.923114,0
                24.315734,47.922919,0
                24.311272,47.920071,0
                24.309624,47.918415,0
                24.306759,47.917292,0
                24.303734,47.916977,0
                24.301783,47.914371,0
                24.297913,47.911179,0
                24.294275,47.911253,0
                24.287101,47.909386,0
                24.286274,47.908716,0
                24.281748,47.907222,0
                24.279697,47.905745,0
                24.274949,47.906274,0
                24.269343,47.90622,0
                24.264961,47.907401,0
                24.255528,47.906735,0
                24.25067,47.904261,0
                24.247111,47.901856,0
                24.241518,47.900862,0
                24.23795,47.898534,0
                24.235026,47.89764,0
                24.229788,47.897253,0
                24.225736,47.897412,0
                24.221264,47.898797,0
                24.218995,47.901757,0
                24.21828,47.903646,0
                24.210006,47.909387,0
                24.2001,47.914764,0
                24.196671,47.917576,0
                24.19244,47.91842,0
                24.187968,47.91842,0
                24.174967,47.916919,0
                24.166136,47.919064,0
                24.162529,47.916277,0
                24.159452,47.916092,0
                24.154562,47.917007,0
                24.151972,47.916741,0
                24.146961,47.913496,0
                24.14518,47.912703,0
                24.140038,47.913027,0
                24.132972,47.915055,0
                24.128789,47.915875,0
                24.118002,47.914879,0
                24.113537,47.915515,0
                24.111319,47.916938,0
                24.103282,47.92639,0
                24.101522,47.929133,0
                24.100215,47.936117,0
                24.087225,47.941934,0
                24.075836,47.945924,0
                24.07195,47.947849,0
                24.065852,47.952135,0
                24.060423,47.953058,0
                24.049889,47.952472,0
                24.046366,47.951981,0
                24.037807,47.949718,0
                24.033278,47.949885,0
                24.03182,47.95107,0
                24.028094,47.956383,0
                24.02578,47.958272,0
                24.016996,47.964331,0
                24.013804,47.966214,0
                24.009966,47.967137,0
                24.007863,47.966845,0
                24.004291,47.965224,0
                23.999927,47.96197,0
                23.990995,47.960734,0
                23.98459,47.959332,0
                23.982911,47.960223,0
                23.982467,47.964468,0
                23.981549,47.966259,0
                23.97793,47.967596,0
                23.973794,47.966861,0
                23.972262,47.965565,0
                23.971678,47.963354,0
                23.96922,47.962386,0
                23.963349,47.964214,0
                23.959043,47.964028,0
                23.954879,47.96296,0
                23.951847,47.961315,0
                23.951972,47.955109,0
                23.947432,47.95111,0
                23.945126,47.948575,0
                23.942107,47.946744,0
                23.936094,47.945423,0
                23.931783,47.945263,0
                23.918863,47.945367,0
                23.916102,47.946584,0
                23.912264,47.946411,0
                23.907929,47.945251,0
                23.905774,47.944142,0
                23.893742,47.944172,0
                23.885791,47.94343,0
                23.88264,47.942393,0
                23.879232,47.939843,0
                23.87323,47.934257,0
                23.8692,47.932252,0
                23.865819,47.932712,0
                23.861152,47.935723,0
                23.855181,47.93852,0
                23.85289,47.93895,0
                23.849858,47.940559,0
                23.8462,47.946687,0
                23.842196,47.949115,0
                23.841572,47.949941,0
                23.842821,47.952222,0
                23.842019,47.954374,0
                23.836483,47.956456,0
                23.835179,47.958869,0
                23.836132,47.96134,0
                23.836624,47.964675,0
                23.834349,47.968115,0
                23.829526,47.971045,0
                23.826582,47.972077,0
                23.825435,47.973907,0
                23.824664,47.977709,0
                23.823001,47.979226,0
                23.820064,47.979532,0
                23.811943,47.984214,0
                23.806693,47.985009,0
                23.796226,47.98541,0
                23.794151,47.986349,0
                23.786677,47.98743,0
                23.784679,47.988238,0
                23.776929,47.994432,0
                23.772148,47.995436,0
                23.769393,47.994148,0
                23.768505,47.993074,0
                23.766246,47.992327,0
                23.764078,47.992538,0
                23.76047,47.99476,0
                23.756105,47.995411,0
                23.754203,47.994618,0
                23.747506,47.994912,0
                23.740324,47.993605,0
                23.733162,47.994037,0
                23.727833,47.993608,0
                23.72302,47.98976,0
                23.721692,47.987859,0
                23.718506,47.987548,0
                23.714594,47.990726,0
                23.712975,47.991273,0
                23.706588,47.991729,0
                23.703892,47.991356,0
                23.699318,47.989194,0
                23.696183,47.988879,0
                23.692041,47.98732,0
                23.686391,47.98653,0
                23.677604,47.985918,0
                23.670658,47.983765,0
                23.668411,47.98373,0
                23.665874,47.984518,0
                23.657329,47.988495,0
                23.650607,47.990143,0
                23.648568,47.991389,0
                23.646836,47.99523,0
                23.645273,47.997507,0
                23.642061,48.000017,0
                23.634675,48.002782,0
                23.631397,48.003074,0
                23.62795,48.002307,0
                23.62331,48.003566,0
                23.617667,48.007793,0
                23.615687,48.00861,0
                23.611949,48.00864,0
                23.607624,48.007521,0
                23.60375,48.007022,0
                23.6,48.007363,0
                23.594636,48.008468,0
                23.590641,48.007591,0
                23.586909,48.004705,0
                23.577181,48.004493,0
                23.572152,48.004124,0
                23.56627,48.004177,0
                23.562085,48.005322,0
                23.559265,48.006909,0
                23.554563,48.008289,0
                23.543903,48.009917,0
                23.540549,48.011982,0
                23.536143,48.017193,0
                23.534876,48.018257,0
                23.530575,48.020286,0
                23.528996,48.012757,0
                23.524982,48.002904,0
                23.52313,47.999929,0
                23.523264,47.996161,0
                23.519915,47.992552,0
                23.516745,47.990326,0
                23.512855,47.985033,0
                23.506714,47.979902,0
                23.505737,47.975272,0
                23.50526,47.970523,0
                23.504139,47.969208,0
                23.498097,47.967725,0
                23.495362,47.967859,0
                23.486728,47.97226,0
                23.482095,47.973351,0
                23.475111,47.974134,0
                23.468582,47.974278,0
                23.463121,47.973991,0
                23.459999,47.97507,0
                23.456181,47.975763,0
                23.453395,47.975717,0
                23.452044,47.976362,0
                23.451378,47.978022,0
                23.448837,47.980972,0
                23.44757,47.981697,0
                23.443221,47.982194,0
                23.438987,47.983304,0
                23.43722,47.985717,0
                23.435805,47.989534,0
                23.419072,47.987443,0
                23.41709,47.987921,0
                23.407512,47.992237,0
                23.405461,47.993686,0
                23.40418,47.995679,0
                23.403772,48.000141,0
                23.402205,48.001697,0
                23.393931,48.002948,0
                23.390855,48.004441,0
                23.386789,48.00538,0
                23.380258,48.003906,0
                23.378737,48.003883,0
                23.376794,48.009181,0
                23.374845,48.010317,0
                23.371707,48.011204,0
                23.3637,48.014774,0
                23.358619,48.015541,0
                23.35441,48.02003,0
                23.35241,48.021053,0
                23.349677,48.021386,0
                23.347535,48.020141,0
                23.342738,48.018986,0
                23.338634,48.020336,0
                23.336969,48.021811,0
                23.333464,48.021007,0
                23.331453,48.023274,0
                23.33106,48.025068,0
                23.332846,48.03313,0
                23.334745,48.03454,0
                23.339225,48.036165,0
                23.339399,48.037085,0
                23.3377,48.038429,0
                23.333216,48.039202,0
                23.327711,48.037465,0
                23.324582,48.041053,0
                23.321324,48.043621,0
                23.316945,48.045122,0
                23.314368,48.045274,0
                23.30676,48.043736,0
                23.301818,48.044266,0
                23.292978,48.04726,0
                23.289968,48.049034,0
                23.288931,48.050652,0
                23.285988,48.051155,0
                23.282637,48.055107,0
                23.279607,48.059535,0
                23.281227,48.062625,0
                23.283543,48.0645,0
                23.285971,48.070338,0
                23.287574,48.071489,0
                23.291368,48.072279,0
                23.293707,48.073247,0
                23.285706,48.079384,0
                23.282154,48.082627,0
                23.273162,48.085243,0
                23.271101,48.086914,0
                23.270364,48.088448,0
                23.270509,48.097774,0
                23.2693,48.100471,0
                23.263538,48.101809,0
                23.256514,48.102036,0
                23.252946,48.100058,0
                23.251554,48.096763,0
                23.248283,48.093478,0
                23.240776,48.095266,0
                23.235212,48.093589,0
                23.223169,48.095303,0
                23.200879,48.097338,0
                23.198084,48.098077,0
                23.191892,48.098724,0
                23.19048,48.10094,0
                23.188736,48.102315,0
                23.187853,48.104269,0
                23.187657,48.108013,0
                23.186205,48.112602,0
                23.183137,48.114459,0
                23.181928,48.118919,0
                23.17901,48.11943,0
                23.173132,48.119841,0
                23.168857,48.121085,0
                23.167736,48.118065,0
                23.165752,48.115075,0
                23.157909,48.115188,0
                23.157877,48.113446,0
                23.152518,48.113437,0
                23.151478,48.112561,0
                23.149263,48.102623,0
                23.146786,48.099964,0
                23.141046,48.097167,0
                23.14083,48.095988,0
                23.138947,48.095966,0
                23.137041,48.097378,0
                23.13159,48.096409,0
                23.129947,48.094401,0
                23.125469,48.093496,0
                23.119504,48.091254,0
                23.11679,48.08911,0
                23.115927,48.087498,0
                23.124901,48.082667,0
                23.123674,48.081463,0
                23.12461,48.078918,0
                23.124129,48.07807,0
                23.12135,48.077498,0
                23.119338,48.076379,0
                23.116501,48.072222,0
                23.112408,48.069935,0
                23.108775,48.068802,0
                23.106963,48.066844,0
                23.108487,48.064771,0
                23.112063,48.061572,0
                23.111475,48.058427,0
                23.113033,48.056207,0
                23.112832,48.054057,0
                23.110336,48.051745,0
                23.10825,48.050706,0
                23.105763,48.048463,0
                23.102724,48.046484,0
                23.100062,48.042857,0
                23.104912,48.041528,0
                23.109335,48.039777,0
                23.110159,48.037713,0
                23.109927,48.036022,0
                23.108286,48.03302,0
                23.092541,48.016911,0
                23.09898,48.015825,0
                23.093924,48.012131,0
                23.092683,48.008019,0
                23.08814,48.005478,0
                23.083902,48.004891,0
                23.079374,48.007639,0
                23.076792,48.008658,0
                23.072923,48.008587,0
                23.069074,48.007971,0
                23.06325,48.006323,0
                23.058347,48.003667,0
                23.030107,47.999631,0
                23.028602,47.997629,0
                23.025309,47.995523,0
                23.023989,47.9919,0
                23.021556,47.992017,0
                23.020199,47.993058,0
                23.017765,47.991161,0
                23.015605,47.992169,0
                23.012791,47.990617,0
                23.011261,47.993728,0
                23.005091,47.99621,0
                22.997679,47.995611,0
                22.996809,47.999482,0
                22.995216,48.002266,0
                22.992139,48.004932,0
                22.977873,48.00726,0
                22.978014,48.009724,0
                22.963136,48.011434,0
                22.959846,48.007635,0
                22.950446,48.013069,0
                22.94956,48.012625,0
                22.945192,48.01471,0
                22.944007,48.016722,0
                22.926776,48.019167,0
                22.926311,48.018084,0
                22.921199,48.01382,0
                22.921508,48.009615,0
                22.920317,48.006745,0
                22.922755,48.00382,0
                22.923157,48.001598,0
                22.924633,48.001492,0
                22.928407,47.9992,0
                22.935953,47.999164,0
                22.938831,47.99502,0
                22.940962,47.988458,0
                22.941111,47.98523,0
                22.944363,47.973951,0
                22.9447,47.970868,0
                22.947125,47.968887,0
                22.947286,47.967229,0
                22.942813,47.965607,0
                22.942666,47.964462,0
                22.936904,47.963951,0
                22.934321,47.961426,0
                22.9306,47.959349,0
                22.925475,47.959473,0
                22.92459,47.960881,0
                22.919983,47.959297,0
                22.919297,47.95722,0
                22.918227,47.957564,0
                22.916826,47.9606,0
                22.915237,47.957744,0
                22.913839,47.95766,0
                22.913102,47.959811,0
                22.910786,47.96046,0
                22.911487,47.957317,0
                22.908428,47.958559,0
                22.907432,47.960169,0
                22.905833,47.958713,0
                22.90584,47.957066,0
                22.903257,47.956354,0
                22.900844,47.958167,0
                22.900773,47.954591,0
                22.896782,47.954247,0
                22.896421,47.952741,0
                22.894759,47.951781,0
                22.890843,47.953201,0
                22.886736,47.951114,0
                22.885453,47.948892,0
                22.885774,47.946128,0
                22.884959,47.944743,0
                22.880126,47.943682,0
                22.872732,47.93633,0
                22.872484,47.932399,0
                22.866389,47.928868,0
                22.866481,47.925401,0
                22.863158,47.922155,0
                22.861068,47.92105,0
                22.85787,47.920256,0
                22.856537,47.916499,0
                22.852516,47.913536,0
                22.850613,47.910694,0
                22.847561,47.909131,0
                22.847014,47.908054,0
                22.843641,47.908539,0
                22.840655,47.907655,0
                22.833201,47.908381,0
                22.832549,47.909274,0
                22.824152,47.907157,0
                22.821113,47.904298,0
                22.817337,47.903322,0
                22.814834,47.900757,0
                22.805943,47.898196,0
                22.804055,47.896357,0
                22.801995,47.896193,0
                22.798946,47.895041,0
                22.794824,47.892589,0
                22.792957,47.891054,0
                22.790183,47.892286,0
                22.78333,47.893781,0
                22.77873,47.892589,0
                22.767852,47.893169,0
                22.766654,47.894704,0
                22.765124,47.894479,0
                22.764658,47.893029,0
                22.763394,47.892752,0
                22.760487,47.89474,0
                22.758203,47.893469,0
                22.756939,47.890353,0
                22.759562,47.887342,0
                22.758271,47.885975,0
                22.768555,47.878586,0
                22.76216,47.866907,0
                22.763537,47.864986,0
                22.766083,47.864203,0
                22.770143,47.86377,0
                22.771212,47.86423,0
                22.772952,47.86308,0
                22.773284,47.860641,0
                22.77266,47.859522,0
                22.774874,47.8588,0
                22.774549,47.856104,0
                22.777169,47.853107,0
                22.777532,47.848328,0
                22.776535,47.846229,0
                22.77699,47.842674,0
                22.774333,47.842813,0
                22.76604,47.841374,0
                22.761763,47.839435,0
                22.761557,47.83858,0
                22.755846,47.834742,0
                22.754133,47.835156,0
                22.751844,47.834273,0
                22.745152,47.834493,0
                22.740616,47.835458,0
                22.738727,47.834738,0
                22.735225,47.836151,0
                22.731417,47.835676,0
                22.72891,47.836428,0
                22.727264,47.837897,0
                22.723278,47.838362,0
                22.71998,47.838085,0
                22.715759,47.837071,0
                22.710709,47.834504,0
                22.710814,47.832479,0
                22.709602,47.827971,0
                22.709466,47.823954,0
                22.705784,47.823479,0
                22.703845,47.820383,0
                22.70157,47.819976,0
                22.699667,47.818205,0
                22.701538,47.814892,0
                22.695191,47.808415,0
                22.692567,47.803625,0
                22.688345,47.797634,0
                22.687858,47.795595,0
                22.684899,47.79161,0
                22.681589,47.790004,0
                22.680125,47.78768,0
                22.67068,47.788225,0
                22.669284,47.787033,0
                22.666024,47.786837,0
                22.663645,47.783598,0
                22.659523,47.781817,0
                22.647558,47.779236,0
                22.645,47.778979,0
                22.639474,47.779792,0
                22.636796,47.780646,0
                22.633973,47.780025,0
                22.629757,47.778485,0
                22.626895,47.776063,0
                22.617071,47.777501,0
                22.615121,47.777092,0
                22.614711,47.775954,0
                22.611749,47.77291,0
                22.611571,47.77203,0
                22.57207,47.772543,0
                22.549605,47.772611,0
                22.539901,47.781961,0
                22.512003,47.79496,0
                22.48836,47.805814,0
                22.481475,47.810922,0
                22.474055,47.80834,0
                22.466971,47.805122,0
                22.447986,47.803053,0
                22.440864,47.791894,0
                22.435135,47.770349,0
                22.432647,47.763833,0
                22.432542,47.761976,0
                22.427029,47.754487,0
                22.425853,47.750035,0
                22.427994,47.749577,0
                22.427094,47.746823,0
                22.429815,47.745186,0
                22.430396,47.741006,0
                22.411552,47.742348,0
                22.410275,47.746683,0
                22.402664,47.746687,0
                22.398654,47.747538,0
                22.394196,47.747523,0
                22.388896,47.745282,0
                22.383229,47.745721,0
                22.37895,47.747088,0
                22.374368,47.746658,0
                22.369063,47.747156,0
                22.359751,47.748998,0
                22.356565,47.748986,0
                22.352353,47.750709,0
                22.350932,47.750795,0
                22.346233,47.752901,0
                22.345356,47.75501,0
                22.340986,47.757037,0
                22.339918,47.758835,0
                22.333085,47.763632,0
                22.330466,47.76503,0
                22.324224,47.766703,0
                22.317376,47.765926,0
                22.319144,47.76136,0
                22.320921,47.755005,0
                22.320274,47.752101,0
                22.317562,47.743302,0
                22.311851,47.742136,0
                22.306197,47.741339,0
                22.303295,47.737106,0
                22.299057,47.737111,0
                22.297156,47.735504,0
                22.296169,47.735841,0
                22.285426,47.729374,0
                22.264629,47.731125,0
                22.25934,47.717369,0
                22.262293,47.716772,0
                22.26231,47.713682,0
                22.258916,47.697945,0
                22.256289,47.697932,0
                22.256048,47.696588,0
                22.253957,47.694952,0
                22.241809,47.695198,0
                22.237883,47.694745,0
                22.231103,47.693329,0
                22.226066,47.688002,0
                22.222891,47.682583,0
                22.225116,47.680678,0
                22.222542,47.672968,0
                22.223209,47.668335,0
                22.220167,47.663756,0
                22.222068,47.662139,0
                22.220881,47.660579,0
                22.218353,47.658822,0
                22.216498,47.658323,0
                22.211695,47.653906,0
                22.203333,47.654819,0
                22.19914,47.636214,0
                22.196872,47.634853,0
                22.195327,47.632264,0
                22.193434,47.626716,0
                22.192708,47.621803,0
                22.190015,47.614861,0
                22.190038,47.611982,0
                22.188493,47.609533,0
                22.182903,47.606251,0
                22.18042,47.599177,0
                22.178468,47.599191,0
                22.177224,47.596802,0
                22.176744,47.594358,0
                22.175052,47.594187,0
                22.173522,47.592469,0
                22.171167,47.591694,0
                22.166207,47.592507,0
                22.160247,47.592391,0
                22.156338,47.593411,0
                22.153286,47.593531,0
                22.146147,47.594627,0
                22.139229,47.598048,0
                22.135698,47.597824,0
                22.128237,47.598067,0
                22.129763,47.594881,0
                22.128459,47.591466,0
                22.129122,47.589188,0
                22.128297,47.588392,0
                22.124955,47.587347,0
                22.121463,47.583493,0
                22.121435,47.582078,0
                22.118899,47.578905,0
                22.115655,47.577312,0
                22.115033,47.575549,0
                22.112976,47.574748,0
                22.110082,47.57473,0
                22.10829,47.573635,0
                22.105281,47.572834,0
                22.103589,47.571274,0
                22.102521,47.567339,0
                22.100938,47.564619,0
                22.097946,47.561547,0
                22.093699,47.55819,0
                22.09063,47.557412,0
                22.089266,47.559722,0
                22.086751,47.560978,0
                22.082501,47.561325,0
                22.079275,47.562251,0
                22.074349,47.560826,0
                22.072325,47.557479,0
                22.066288,47.554536,0
                22.06333,47.553945,0
                22.058002,47.550944,0
                22.055346,47.548543,0
                22.054597,47.546886,0
                22.06206,47.543049,0
                22.06202,47.542715,0
                22.071311,47.537973,0
                22.061505,47.528986,0
                22.04553,47.539723,0
                22.039606,47.532711,0
                22.035929,47.529133,0
                22.031647,47.526119,0
                22.029768,47.524023,0
                22.024339,47.520025,0
                22.018697,47.511671,0
                22.01637,47.505192,0
                22.012493,47.501293,0
                22.012201,47.496871,0
                22.010327,47.489448,0
                22.008313,47.486217,0
                22.007117,47.483275,0
                22.007659,47.477577,0
                22.007446,47.475832,0
                22.009014,47.473997,0
                22.012791,47.470665,0
                22.013111,47.467544,0
                22.020925,47.4545,0
                22.032841,47.450985,0
                22.028752,47.444361,0
                22.026057,47.442367,0
                22.028023,47.439165,0
                22.027956,47.437981,0
                22.030697,47.435776,0
                22.035256,47.427351,0
                22.031992,47.426231,0
                22.033864,47.424109,0
                22.029776,47.42267,0
                22.033709,47.418416,0
                22.035056,47.416117,0
                22.03559,47.413371,0
                22.025301,47.3962,0
                22.024301,47.393235,0
                22.022765,47.390368,0
                22.019108,47.387292,0
                22.015382,47.382202,0
                22.014546,47.379976,0
                22.013019,47.378289,0
                22.011905,47.375843,0
                22.0085,47.377032,0
                22.0007,47.376886,0
                21.997594,47.377526,0
                21.994948,47.380944,0
                21.990446,47.381413,0
                21.98914,47.380814,0
                21.986647,47.381404,0
                21.985251,47.380026,0
                21.978517,47.378166,0
                21.975427,47.378228,0
                21.975031,47.380105,0
                21.965447,47.380625,0
                21.96162,47.381159,0
                21.961414,47.379974,0
                21.959002,47.378027,0
                21.955199,47.375677,0
                21.951304,47.374485,0
                21.950252,47.375235,0
                21.945129,47.375182,0
                21.938593,47.372894,0
                21.938186,47.371299,0
                21.939471,47.36965,0
                21.939784,47.367627,0
                21.937617,47.366158,0
                21.934738,47.360212,0
                21.930008,47.356396,0
                21.925182,47.353497,0
                21.923647,47.349883,0
                21.923246,47.344118,0
                21.917906,47.336861,0
                21.915367,47.335016,0
                21.913706,47.332597,0
                21.910733,47.330047,0
                21.907964,47.328707,0
                21.907384,47.326227,0
                21.905048,47.322761,0
                21.899557,47.318005,0
                21.896218,47.316225,0
                21.895231,47.31465,0
                21.89322,47.306071,0
                21.88815,47.294658,0
                21.885778,47.293387,0
                21.884798,47.291169,0
                21.885803,47.289313,0
                21.882364,47.288821,0
                21.878775,47.287338,0
                21.878047,47.285505,0
                21.879908,47.282681,0
                21.885341,47.279111,0
                21.888094,47.27787,0
                21.886301,47.275188,0
                21.887788,47.272049,0
                21.886872,47.270812,0
                21.881361,47.266487,0
                21.879963,47.264761,0
                21.876654,47.264922,0
                21.87182,47.263397,0
                21.867282,47.259343,0
                21.865087,47.256738,0
                21.864319,47.252775,0
                21.86285,47.25093,0
                21.860021,47.248857,0
                21.857783,47.245773,0
                21.857746,47.243649,0
                21.851638,47.23905,0
                21.849393,47.230358,0
                21.848582,47.230069,0
                21.846844,47.22369,0
                21.848521,47.221926,0
                21.85344,47.221043,0
                21.85425,47.220279,0
                21.858016,47.22008,0
                21.858274,47.219576,0
                21.8593,47.210354,0
                21.859093,47.207131,0
                21.859952,47.203454,0
                21.85907,47.194866,0
                21.858006,47.186955,0
                21.856377,47.18713,0
                21.852935,47.185505,0
                21.847538,47.184396,0
                21.838781,47.17714,0
                21.835856,47.177355,0
                21.831119,47.178831,0
                21.829428,47.174928,0
                21.825928,47.173976,0
                21.824978,47.173231,0
                21.822232,47.173672,0
                21.819793,47.172375,0
                21.817477,47.17274,0
                21.812626,47.165632,0
                21.81192,47.165786,0
                21.800412,47.137177,0
                21.802812,47.136298,0
                21.801186,47.133723,0
                21.800457,47.130692,0
                21.798527,47.127869,0
                21.796669,47.128081,0
                21.792519,47.125473,0
                21.791195,47.122788,0
                21.792123,47.119749,0
                21.789262,47.116612,0
                21.791972,47.115588,0
                21.789271,47.112951,0
                21.792762,47.111286,0
                21.79132,47.109355,0
                21.79273,47.107849,0
                21.791226,47.105908,0
                21.783387,47.107305,0
                21.770923,47.108857,0
                21.769825,47.108341,0
                21.765783,47.108063,0
                21.754476,47.105617,0
                21.751328,47.105144,0
                21.726128,47.098493,0
                21.724314,47.0956,0
                21.723813,47.093818,0
                21.721136,47.092816,0
                21.720819,47.091722,0
                21.718054,47.089711,0
                21.717878,47.088108,0
                21.713309,47.083286,0
                21.712674,47.080401,0
                21.714002,47.079444,0
                21.716413,47.074811,0
                21.708318,47.071461,0
                21.705358,47.071466,0
                21.706316,47.06991,0
                21.701373,47.068281,0
                21.704812,47.063324,0
                21.695674,47.060337,0
                21.697439,47.057999,0
                21.693997,47.056812,0
                21.688664,47.055489,0
                21.689698,47.053544,0
                21.684919,47.052287,0
                21.683691,47.050214,0
                21.682663,47.045639,0
                21.6803,47.044702,0
                21.677522,47.045421,0
                21.67698,47.044775,0
                21.672055,47.044629,0
                21.669561,47.043946,0
                21.667874,47.044157,0
                21.664401,47.043228,0
                21.662396,47.041679,0
                21.657802,47.040837,0
                21.650624,47.040877,0
                21.648496,47.040162,0
                21.649001,47.036535,0
                21.65009,47.033832,0
                21.653033,47.030942,0
                21.659773,47.021851,0
                21.661611,47.020226,0
                21.677889,47.018371,0
                21.678345,47.012163,0
                21.680574,47.007239,0
                21.682822,47.003946,0
                21.688081,47.003003,0
                21.688969,47.001815,0
                21.687391,46.999299,0
                21.684283,46.999164,0
                21.680267,46.997779,0
                21.679396,46.998011,0
                21.675918,46.992534,0
                21.67764,46.98901,0
                21.676196,46.98609,0
                21.673001,46.983256,0
                21.672297,46.98109,0
                21.670385,46.980087,0
                21.670621,46.977336,0
                21.668658,46.973032,0
                21.667971,46.97014,0
                21.671468,46.96954,0
                21.676388,46.969267,0
                21.681947,46.966915,0
                21.681493,46.964974,0
                21.678856,46.960344,0
                21.675688,46.959022,0
                21.674846,46.956377,0
                21.673253,46.953755,0
                21.663653,46.954826,0
                21.660169,46.95585,0
                21.658216,46.95522,0
                21.655411,46.951475,0
                21.655851,46.949956,0
                21.651254,46.947684,0
                21.650257,46.946457,0
                21.650312,46.943933,0
                21.647771,46.942089,0
                21.640651,46.938805,0
                21.638344,46.932981,0
                21.606332,46.93245,0
                21.604037,46.932118,0
                21.59874,46.927393,0
                21.597359,46.917959,0
                21.599405,46.916024,0
                21.599033,46.909187,0
                21.599878,46.90872,0
                21.600162,46.906461,0
                21.602653,46.903949,0
                21.607099,46.904316,0
                21.607408,46.902151,0
                21.610346,46.894395,0
                21.611955,46.892782,0
                21.614276,46.886456,0
                21.606208,46.885892,0
                21.6036,46.884896,0
                21.601139,46.878868,0
                21.603299,46.868723,0
                21.601382,46.86584,0
                21.597669,46.864634,0
                21.597774,46.862676,0
                21.595293,46.860527,0
                21.58769,46.860477,0
                21.584663,46.859895,0
                21.58117,46.858392,0
                21.5809,46.857432,0
                21.576342,46.857141,0
                21.569829,46.855511,0
                21.569086,46.853869,0
                21.557139,46.853681,0
                21.552573,46.850913,0
                21.54804,46.848734,0
                21.544222,46.847852,0
                21.537835,46.8474,0
                21.537757,46.844044,0
                21.534459,46.839466,0
                21.532107,46.839032,0
                21.529495,46.83958,0
                21.522977,46.838912,0
                21.520353,46.837315,0
                21.51922,46.835925,0
                21.520302,46.833214,0
                21.519218,46.829678,0
                21.520521,46.827331,0
                21.518959,46.823657,0
                21.519101,46.820927,0
                21.521225,46.819879,0
                21.521062,46.816925,0
                21.522605,46.813826,0
                21.521007,46.811843,0
                21.522126,46.810303,0
                21.522317,46.808387,0
                21.519544,46.805515,0
                21.518411,46.801914,0
                21.51877,46.799822,0
                21.513887,46.795442,0
                21.515229,46.793755,0
                21.511742,46.78995,0
                21.510541,46.787382,0
                21.510132,46.784674,0
                21.507871,46.782424,0
                21.497293,46.777155,0
                21.4934,46.775006,0
                21.490178,46.775721,0
                21.484037,46.764776,0
                21.483296,46.76469,0
                21.485169,46.760057,0
                21.484885,46.758445,0
                21.493188,46.757471,0
                21.494507,46.756756,0
                21.511714,46.745019,0
                21.526678,46.739119,0
                21.528068,46.737245,0
                21.528148,46.734124,0
                21.53047,46.727218,0
                21.530493,46.724033,0
                21.529436,46.72073,0
                21.52398,46.716585,0
                21.519773,46.713788,0
                21.515882,46.712109,0
                21.511541,46.711838,0
                21.511656,46.708241,0
                21.512409,46.707762,0
                21.507575,46.7048,0
                21.509146,46.70127,0
                21.507287,46.700188,0
                21.507583,46.698072,0
                21.505873,46.69731,0
                21.502556,46.696991,0
                21.498256,46.693881,0
                21.495382,46.687691,0
                21.492173,46.685934,0
                21.490304,46.685757,0
                21.486536,46.688781,0
                21.483629,46.691872,0
                21.479866,46.691965,0
                21.477861,46.693004,0
                21.477602,46.694091,0
                21.475246,46.694096,0
                21.47242,46.695593,0
                21.470101,46.694685,0
                21.469667,46.695459,0
                21.451124,46.68856,0
                21.434354,46.695581,0
                21.429901,46.693777,0
                21.43004,46.692638,0
                21.427512,46.689123,0
                21.428713,46.687519,0
                21.428514,46.6858,0
                21.431714,46.681971,0
                21.430273,46.680062,0
                21.431236,46.677777,0
                21.434657,46.675405,0
                21.43798,46.67031,0
                21.441669,46.668076,0
                21.443214,46.666284,0
                21.446936,46.665886,0
                21.449976,46.666833,0
                21.453077,46.666545,0
                21.455695,46.666992,0
                21.454755,46.660571,0
                21.451713,46.659456,0
                21.449127,46.657826,0
                21.44165,46.651463,0
                21.43242,46.64809,0
                21.421817,46.646464,0
                21.416423,46.642476,0
                21.415726,46.639096,0
                21.41413,46.635716,0
                21.411742,46.625234,0
                21.409958,46.621841,0
                21.381387,46.628323,0
                21.38047,46.629112,0
                21.378727,46.632863,0
                21.365625,46.637799,0
                21.353156,46.630245,0
                21.347832,46.631278,0
                21.339145,46.630128,0
                21.334931,46.628935,0
                21.329994,46.631504,0
                21.324761,46.628065,0
                21.314057,46.617538,0
                21.313776,46.615406,0
                21.310012,46.607497,0
                21.308656,46.605837,0
                21.306859,46.60175,0
                21.306846,46.598806,0
                21.303286,46.594853,0
                21.301142,46.590707,0
                21.307104,46.586402,0
                21.308431,46.587422,0
                21.314023,46.584034,0
                21.316108,46.585579,0
                21.320867,46.582784,0
                21.316023,46.577354,0
                21.314322,46.574889,0
                21.307586,46.56778,0
                21.30488,46.566069,0
                21.303327,46.564327,0
                21.304936,46.56057,0
                21.297426,46.553388,0
                21.293591,46.55222,0
                21.291671,46.547118,0
                21.289624,46.544252,0
                21.280379,46.544931,0
                21.274167,46.540684,0
                21.276201,46.534997,0
                21.260322,46.501863,0
                21.262603,46.497391,0
                21.270018,46.486687,0
                21.272845,46.483288,0
                21.274268,46.476474,0
                21.284062,46.477238,0
                21.29203,46.476208,0
                21.296267,46.476082,0
                21.306978,46.462921,0
                21.317745,46.450605,0
                21.313273,46.449597,0
                21.312683,46.447219,0
                21.311852,46.440305,0
                21.303426,46.432082,0
                21.296343,46.423327,0
                21.293543,46.417421,0
                21.289764,46.415111,0
                21.289398,46.413687,0
                21.296266,46.40658,0
                21.283172,46.403189,0
                21.2754,46.406678,0
                21.258657,46.408594,0
                21.247631,46.410526,0
                21.240119,46.410293,0
                21.225376,46.413557,0
                21.22237,46.411953,0
                21.219048,46.411059,0
                21.216359,46.401786,0
                21.206255,46.403176,0
                21.196662,46.370709,0
                21.197624,46.369618,0
                21.199551,46.347865,0
                21.19035,46.339411,0
                21.190338,46.339158,0
                21.176302,46.335512,0
                21.178697,46.330456,0
                21.175975,46.329479,0
                21.177559,46.323384,0
                21.176154,46.320805,0
                21.173264,46.318348,0
                21.180645,46.303993,0
                21.175714,46.302788,0
                21.174609,46.300287,0
                21.170005,46.297948,0
                21.153756,46.298581,0
                21.151698,46.29762,0
                21.147527,46.299004,0
                21.14536,46.304579,0
                21.122528,46.300861,0
                21.115558,46.301633,0
                21.111027,46.286511,0
                21.109089,46.277968,0
                21.103022,46.262298,0
                21.100618,46.263937,0
                21.09719,46.262369,0
                21.094464,46.262343,0
                21.093363,46.260522,0
                21.090903,46.258223,0
                21.087706,46.259074,0
                21.087641,46.257015,0
                21.086543,46.254948,0
                21.085193,46.254529,0
                21.082897,46.256541,0
                21.081543,46.255791,0
                21.079757,46.252013,0
                21.071168,46.253778,0
                21.066002,46.24272,0
                21.059808,46.244779,0
                21.04076,46.247789,0
                21.036775,46.24781,0
                21.028851,46.260777,0
                21.024979,46.266419,0
                21.015897,46.263149,0
                21.001279,46.260691,0
                20.990419,46.259375,0
                20.97111,46.260803,0
                20.961482,46.262073,0
                20.952356,46.264773,0
                20.949753,46.271714,0
                20.946607,46.279042,0
                20.925168,46.276282,0
                20.922104,46.261812,0
                20.890538,46.27139,0
                20.873474,46.287331,0
                20.833401,46.280444,0
                20.800757,46.275378,0
                20.789082,46.273091,0
                20.783584,46.27357,0
                20.775506,46.275865,0
                20.74884,46.250576,0
                20.75174,46.240128,0
                20.761845,46.204499,0
                20.727576,46.207263,0
                20.728529,46.204788,0
                20.725734,46.196452,0
                20.730543,46.195168,0
                20.732832,46.193832,0
                20.734125,46.193832,0
                20.733498,46.192216,0
                20.731476,46.190547,0
                20.727497,46.188668,0
                20.72614,46.18861,0
                20.724919,46.187128,0
                20.722425,46.187402,0
                20.715772,46.169582,0
                20.715153,46.167015,0
                20.712822,46.165504,0
                20.708682,46.164683,0
                20.707901,46.163098,0
                20.705061,46.161166,0
                20.702711,46.160615,0
                20.698052,46.160306,0
                20.694174,46.158422,0
                20.6933,46.157393,0
                20.693353,46.153703,0
                20.690569,46.14934,0
                20.6845,46.144708,0
                20.681233,46.144618,0
                20.675871,46.145917,0
                20.672756,46.147643,0
                20.67089,46.149962,0
                20.668757,46.151057,0
                20.664622,46.151771,0
                20.661812,46.150627,0
                20.658666,46.150733,0
                20.65541,46.149705,0
                20.652479,46.147917,0
                20.650596,46.146199,0
                20.649511,46.142169,0
                20.650222,46.140487,0
                20.648736,46.137682,0
                20.648165,46.134939,0
                20.646351,46.131744,0
                20.642936,46.128278,0
                20.639343,46.126632,0
                20.63351,46.126563,0
                20.629496,46.128454,0
                20.627483,46.131284,0
                20.62591,46.132084,0
                20.622613,46.136007,0
                20.620801,46.137097,0
                20.618368,46.139644,0
                20.616287,46.139553,0
                20.613203,46.142089,0
                20.611441,46.14514,0
                20.60844,46.146412,0
                20.606326,46.14665,0
                20.604659,46.147984,0
                20.599169,46.148685,0
                20.593321,46.150141,0
                20.590707,46.153667,0
                20.588013,46.154235,0
                20.586053,46.155741,0
                20.583602,46.156542,0
                20.581617,46.15894,0
                20.578276,46.160878,0
                20.576041,46.16056,0
                20.573457,46.162483,0
                20.571193,46.163199,0
                20.567112,46.166788,0
                20.562998,46.168115,0
                20.561565,46.169576,0
                20.558698,46.171276,0
                20.555833,46.171472,0
                20.553655,46.172682,0
                20.552906,46.174855,0
                20.550432,46.176266,0
                20.548214,46.176663,0
                20.543993,46.179204,0
                20.540445,46.179729,0
                20.537343,46.179648,0
                20.535321,46.180623,0
                20.531376,46.180394,0
                20.526053,46.180913,0
                20.521624,46.181879,0
                20.501362,46.189913,0
                20.500059,46.188352,0
                20.496823,46.188561,0
                20.495465,46.185902,0
                20.497963,46.184288,0
                20.491934,46.180768,0
                20.4964,46.177917,0
                20.496448,46.177409,0
                20.493298,46.173738,0
                20.495345,46.171559,0
                20.493367,46.169342,0
                20.476787,46.15637,0
                20.472865,46.152415,0
                20.4592,46.142834,0
                20.445446,46.141762,0
                20.426429,46.145165,0
                20.409624,46.151125,0
                20.404321,46.153697,0
                20.402718,46.155453,0
                20.397497,46.157356,0
                20.394256,46.152563,0
                20.386636,46.155303,0
                20.381108,46.157856,0
                20.37765,46.157755,0
                20.370166,46.153605,0
                20.368488,46.152904,0
                20.366222,46.154995,0
                20.35566,46.169584,0
                20.312669,46.150179,0
                20.309207,46.156454,0
                20.299103,46.15191,0
                20.296898,46.152221,0
                20.283095,46.141694,0
                20.281617,46.140341,0
                20.275509,46.133594,0
                20.273892,46.133628,0
                20.272896,46.132278,0
                20.271785,46.13277,0
                20.270158,46.127146,0
                20.264553,46.126382,0
                20.265525,46.125347,0
                20.262487,46.123557,0
                20.26185,46.120725,0
                20.264171,46.118023,0
                20.269468,46.116737,0
                20.275452,46.117968,0
                20.28109,46.117877,0
                20.281493,46.11666,0
                20.277213,46.115348,0
                20.274401,46.113473,0
                20.268794,46.112496,0
                20.266597,46.112743,0
                20.264364,46.110922,0
                20.265695,46.107519,0
                20.267647,46.105708,0
                20.268643,46.103939,0
                20.272627,46.098753,0
                20.279355,46.095889,0
                20.288904,46.092208,0
                20.292616,46.09046,0
                20.302778,46.086372,0
                20.303345,46.082658,0
                20.307939,46.076404,0
                20.309071,46.076341,0
                20.310883,46.074149,0
                20.309582,46.072145,0
                20.327963,46.059193,0
                20.329909,46.058444,0
                20.337137,46.053746,0
                20.338117,46.052314,0
                20.345319,46.047149,0
                20.340682,46.046771,0
                20.336492,46.040926,0
                20.356238,46.007707,0
                20.357422,46.004946,0
                20.353134,46.004331,0
                20.3523,46.002554,0
                20.353073,46.000648,0
                20.351754,45.999483,0
                20.348316,45.99938,0
                20.353341,45.995351,0
                20.36165,45.990456,0
                20.404469,45.964685,0
                20.446657,45.969871,0
                20.483626,45.952926,0
                20.500669,45.913458,0
                20.503226,45.908002,0
                20.505913,45.904754,0
                20.51572,45.892124,0
                20.529793,45.895281,0
                20.549418,45.900032,0
                20.546259,45.905816,0
                20.568809,45.910194,0
                20.575762,45.891804,0
                20.57819,45.884571,0
                20.575121,45.883645,0
                20.576939,45.879472,0
                20.575067,45.878765,0
                20.575952,45.877135,0
                20.577695,45.877651,0
                20.580948,45.869588,0
                20.594113,45.872045,0
                20.598562,45.861985,0
                20.611066,45.864089,0
                20.63709,45.845382,0
                20.64468,45.840392,0
                20.649231,45.836657,0
                20.660124,45.829151,0
                20.657759,45.825417,0
                20.65056,45.811689,0
                20.654588,45.807556,0
                20.656969,45.808155,0
                20.662612,45.793999,0
                20.68117,45.797275,0
                20.683314,45.793664,0
                20.689518,45.780039,0
                20.691791,45.774446,0
                20.694357,45.766917,0
                20.69041,45.766219,0
                20.690748,45.764383,0
                20.692779,45.759785,0
                20.696833,45.760472,0
                20.700549,45.750076,0
                20.702385,45.750688,0
                20.7072,45.751029,0
                20.709826,45.750219,0
                20.711733,45.750317,0
                20.71289,45.749377,0
                20.717268,45.750338,0
                20.717436,45.751558,0
                20.718996,45.751568,0
                20.721293,45.752936,0
                20.722981,45.752737,0
                20.726392,45.753318,0
                20.728982,45.754527,0
                20.73036,45.754344,0
                20.732987,45.755416,0
                20.743042,45.755341,0
                20.773763,45.754373,0
                20.773808,45.756194,0
                20.784049,45.787196,0
                20.822122,45.775779,0
                20.816341,45.749206,0
                20.808294,45.748405,0
                20.802894,45.738047,0
                20.802377,45.725994,0
                20.801083,45.702113,0
                20.798649,45.702103,0
                20.802307,45.699833,0
                20.796382,45.68723,0
                20.803324,45.681997,0
                20.80069,45.671926,0
                20.80532,45.660109,0
                20.80664,45.65773,0
                20.788293,45.644664,0
                20.787803,45.642062,0
                20.778929,45.621598,0
                20.766047,45.612143,0
                20.771439,45.582695,0
                20.793787,45.587093,0
                20.7977,45.582859,0
                20.799152,45.583038,0
                20.813693,45.568262,0
                20.811445,45.565829,0
                20.824151,45.551526,0
                20.820628,45.549953,0
                20.822764,45.547237,0
                20.832985,45.535882,0
                20.827181,45.53374,0
                20.827167,45.533362,0
                20.808937,45.515624,0
                20.768683,45.499808,0
                20.776386,45.490183,0
                20.770438,45.487732,0
                20.770818,45.479504,0
                20.779948,45.479269,0
                20.833122,45.479685,0
                20.846696,45.47273,0
                20.84824,45.47244,0
                20.867899,45.4639,0
                20.87164,45.460569,0
                20.873439,45.456473,0
                20.875001,45.45519,0
                20.878547,45.453869,0
                20.879294,45.452028,0
                20.878727,45.449514,0
                20.880468,45.446349,0
                20.878169,45.445704,0
                20.874661,45.446104,0
                20.873316,45.444597,0
                20.875369,45.440912,0
                20.874744,45.438744,0
                20.86858,45.437724,0
                20.865883,45.436207,0
                20.866013,45.435265,0
                20.869051,45.433954,0
                20.869389,45.432766,0
                20.866652,45.432299,0
                20.878454,45.424092,0
                20.89456,45.418546,0
                20.895853,45.41861,0
                20.90082,45.41668,0
                20.907978,45.417208,0
                20.911839,45.417079,0
                20.919772,45.417713,0
                20.923865,45.407301,0
                20.924995,45.406512,0
                20.927484,45.406879,0
                20.930154,45.405507,0
                20.930066,45.403531,0
                20.931166,45.40261,0
                20.935269,45.392915,0
                20.929872,45.392761,0
                20.930825,45.386682,0
                20.941062,45.386327,0
                20.943577,45.386485,0
                20.945249,45.385577,0
                20.948011,45.385781,0
                20.949258,45.383429,0
                20.950703,45.37312,0
                20.959946,45.367206,0
                20.960795,45.367172,0
                20.9699,45.363894,0
                20.981873,45.357496,0
                20.988032,45.348888,0
                20.997041,45.342584,0
                21.000819,45.341736,0
                21.009746,45.34164,0
                21.016422,45.324438,0
                21.030442,45.326284,0
                21.063668,45.331609,0
                21.061869,45.312371,0
                21.067187,45.312842,0
                21.08046,45.317533,0
                21.082158,45.316345,0
                21.082529,45.314447,0
                21.096163,45.2961,0
                21.097523,45.296919,0
                21.112314,45.300956,0
                21.115536,45.300797,0
                21.126525,45.304483,0
                21.128384,45.304724,0
                21.144878,45.304889,0
                21.150187,45.309638,0
                21.154091,45.31234,0
                21.149655,45.316214,0
                21.153826,45.318858,0
                21.153817,45.319308,0
                21.161895,45.324563,0
                21.165585,45.322355,0
                21.166104,45.319808,0
                21.169141,45.32119,0
                21.176042,45.325106,0
                21.179008,45.322744,0
                21.180515,45.323444,0
                21.183354,45.320879,0
                21.179948,45.318918,0
                21.183314,45.316026,0
                21.180698,45.314464,0
                21.180782,45.310016,0
                21.184067,45.304933,0
                21.190135,45.294076,0
                21.190917,45.287522,0
                21.196975,45.281988,0
                21.206454,45.277285,0
                21.209001,45.275418,0
                21.202414,45.264832,0
                21.213145,45.254743,0
                21.218689,45.250352,0
                21.223038,45.252397,0
                21.22577,45.25187,0
                21.251595,45.243428,0
                21.254368,45.241076,0
                21.273884,45.230592,0
                21.276095,45.22989,0
                21.28135,45.23341,0
                21.281137,45.235129,0
                21.291317,45.243463,0
                21.299022,45.24145,0
                21.300124,45.240558,0
                21.305806,45.240026,0
                21.305764,45.239166,0
                21.31961,45.237443,0
                21.319841,45.240334,0
                21.325789,45.239466,0
                21.324974,45.236434,0
                21.331558,45.234929,0
                21.33822,45.234881,0
                21.338592,45.233068,0
                21.340835,45.232304,0
                21.346834,45.229408,0
                21.359518,45.221776,0
                21.368853,45.225749,0
                21.394777,45.218273,0
                21.3993,45.22415,0
                21.400328,45.2249,0
                21.402596,45.228392,0
                21.404185,45.228082,0
                21.407429,45.22585,0
                21.409815,45.224917,0
                21.410179,45.220854,0
                21.410963,45.219859,0
                21.415317,45.219434,0
                21.417181,45.217709,0
                21.420486,45.217142,0
                21.423307,45.215046,0
                21.428415,45.213587,0
                21.42993,45.212421,0
                21.434196,45.207726,0
                21.435377,45.20706,0
                21.43708,45.203343,0
                21.439294,45.201747,0
                21.443341,45.200721,0
                21.481151,45.192124,0
                21.482754,45.191477,0
                21.485107,45.187678,0
                21.486787,45.183052,0
                21.490662,45.175389,0
                21.492356,45.172618,0
                21.495331,45.171238,0
                21.49892,45.171669,0
                21.507496,45.169458,0
                21.509612,45.169413,0
                21.513951,45.17059,0
                21.522309,45.159625,0
                21.523428,45.15784,0
                21.528079,45.146703,0
                21.526698,45.137799,0
                21.516402,45.133448,0
                21.507204,45.130315,0
                21.498659,45.124705,0
                21.495802,45.12458,0
                21.491241,45.125226,0
                21.484365,45.124523,0
                21.482218,45.122576,0
                21.478889,45.122358,0
                21.477874,45.121186,0
                21.477685,45.117886,0
                21.475021,45.114772,0
                21.473208,45.111573,0
                21.471198,45.110235,0
                21.470436,45.108348,0
                21.469882,45.104422,0
                21.470738,45.102584,0
                21.472796,45.10052,0
                21.480659,45.096002,0
                21.482752,45.092315,0
                21.479615,45.090849,0
                21.476474,45.087956,0
                21.473663,45.085895,0
                21.472922,45.083368,0
                21.468789,45.080583,0
                21.466575,45.079632,0
                21.466737,45.077656,0
                21.464468,45.076065,0
                21.462987,45.073697,0
                21.460968,45.072808,0
                21.458774,45.070317,0
                21.457268,45.064297,0
                21.455644,45.063307,0
                21.452237,45.062428,0
                21.450142,45.059867,0
                21.447254,45.058081,0
                21.446373,45.055141,0
                21.447102,45.053041,0
                21.449802,45.051827,0
                21.456024,45.041114,0
                21.449973,45.039767,0
                21.430753,45.036126,0
                21.426087,45.035102,0
                21.422737,45.033933,0
                21.421638,45.032967,0
                21.41854,45.036669,0
                21.408588,45.036202,0
                21.40467,45.037533,0
                21.402935,45.035956,0
                21.399848,45.032215,0
                21.399779,45.030544,0
                21.398025,45.031574,0
                21.39677,45.03123,0
                21.39622,45.029165,0
                21.39396,45.03024,0
                21.392777,45.02983,0
                21.393546,45.028266,0
                21.39045,45.027168,0
                21.389185,45.02879,0
                21.38694,45.028136,0
                21.381491,45.027464,0
                21.382461,45.026563,0
                21.380927,45.025845,0
                21.379845,45.02764,0
                21.377626,45.028386,0
                21.376297,45.027051,0
                21.374527,45.028114,0
                21.371735,45.026864,0
                21.371425,45.025501,0
                21.369448,45.025794,0
                21.366326,45.025148,0
                21.362727,45.022536,0
                21.361653,45.021035,0
                21.359469,45.021088,0
                21.375397,45.006066,0
                21.377195,45.008102,0
                21.3835,45.003775,0
                21.381083,45.001858,0
                21.385957,45.000238,0
                21.385,44.999138,0
                21.40479,44.991417,0
                21.404069,44.989372,0
                21.413527,44.985686,0
                21.406282,44.977877,0
                21.410966,44.97456,0
                21.43817,44.960108,0
                21.445101,44.961851,0
                21.467225,44.958754,0
                21.473644,44.955614,0
                21.49034,44.948715,0
                21.493022,44.948298,0
                21.50594,44.943993,0
                21.518931,44.93774,0
                21.521749,44.938894,0
                21.52762,44.938768,0
                21.534697,44.936386,0
                21.546717,44.930618,0
                21.546392,44.928496,0
                21.551814,44.924652,0
                21.552772,44.923642,0
                21.552369,44.921757,0
                21.550966,44.921033,0
                21.550093,44.919387,0
                21.550297,44.916687,0
                21.553247,44.913626,0
                21.558497,44.906277,0
                21.557084,44.904394,0
                21.558165,44.901779,0
                21.55974,44.888833,0
                21.537011,44.883754,0
                21.531629,44.882097,0
                21.520888,44.881842,0
                21.509832,44.880039,0
                21.506006,44.876526,0
                21.49923,44.872571,0
                21.495173,44.872688,0
                21.493773,44.872102,0
                21.488693,44.872423,0
                21.481391,44.869639,0
                21.475708,44.870678,0
                21.47378,44.870293,0
                21.463635,44.870931,0
                21.461262,44.869095,0
                21.459382,44.86932,0
                21.458715,44.871617,0
                21.454332,44.872768,0
                21.451856,44.874616,0
                21.449708,44.874464,0
                21.446759,44.873006,0
                21.443695,44.87399,0
                21.441875,44.870929,0
                21.437207,44.868883,0
                21.432084,44.870179,0
                21.42981,44.869712,0
                21.426505,44.87146,0
                21.423013,44.872389,0
                21.418358,44.870721,0
                21.414236,44.87078,0
                21.412052,44.869571,0
                21.406258,44.868819,0
                21.405441,44.86701,0
                21.399159,44.867963,0
                21.39607,44.86726,0
                21.389886,44.869372,0
                21.387561,44.869275,0
                21.38672,44.866597,0
                21.38345,44.865818,0
                21.378038,44.86738,0
                21.373989,44.867107,0
                21.371103,44.865804,0
                21.36929,44.867095,0
                21.366974,44.866506,0
                21.364151,44.862746,0
                21.363233,44.859123,0
                21.360157,44.855334,0
                21.360302,44.851718,0
                21.357685,44.851248,0
                21.356573,44.849898,0
                21.358714,44.848157,0
                21.356998,44.846882,0
                21.357617,44.843927,0
                21.360548,44.843306,0
                21.360914,44.842252,0
                21.36006,44.840301,0
                21.358928,44.840123,0
                21.354998,44.841532,0
                21.352234,44.84081,0
                21.352506,44.838834,0
                21.355943,44.835734,0
                21.358,44.836937,0
                21.359008,44.835594,0
                21.357546,44.833935,0
                21.354739,44.832523,0
                21.357425,44.831603,0
                21.361797,44.831878,0
                21.362877,44.82966,0
                21.361362,44.828217,0
                21.359111,44.828886,0
                21.355666,44.827662,0
                21.354982,44.826742,0
                21.355999,44.824053,0
                21.359074,44.820903,0
                21.366278,44.819023,0
                21.372453,44.81649,0
                21.378917,44.813275,0
                21.380423,44.811715,0
                21.385746,44.802126,0
                21.387519,44.793805,0
                21.388065,44.792886,0
                21.388418,44.78857,0
                21.38975,44.785319,0
                21.391657,44.782556,0
                21.394853,44.779445,0
                21.397186,44.778215,0
                21.408394,44.775931,0
                21.416171,44.774081,0
                21.43417,44.7746,0
                21.438839,44.775023,0
                21.442182,44.774903,0
                21.452582,44.775878,0
                21.455493,44.775781,0
                21.469513,44.775946,0
                21.489912,44.774422,0
                21.503045,44.773284,0
                21.514119,44.773653,0
                21.524442,44.773625,0
                21.534435,44.772766,0
                21.551833,44.76996,0
                21.560401,44.768122,0
                21.568711,44.766024,0
                21.571514,44.764575,0
                21.578739,44.762535,0
                21.582169,44.762269,0
                21.585517,44.761236,0
                21.59036,44.758221,0
                21.593321,44.752825,0
                21.596301,44.749371,0
                21.598947,44.747038,0
                21.60031,44.744577,0
                21.607104,44.735825,0
                21.610975,44.729462,0
                21.612315,44.72678,0
                21.613337,44.720321,0
                21.614463,44.715868,0
                21.61438,44.713382,0
                21.613263,44.707822,0
                21.611389,44.702507,0
                21.611253,44.695093,0
                21.611844,44.689314,0
                21.614753,44.680108,0
                21.618009,44.671697,0
                21.619744,44.667811,0
                21.622845,44.664538,0
                21.628391,44.660547,0
                21.631235,44.65892,0
                21.635591,44.657211,0
                21.6404,44.656505,0
                21.645937,44.656483,0
                21.648618,44.656849,0
                21.656937,44.659071,0
                21.668136,44.662666,0
                21.675146,44.66435,0
                21.679906,44.664737,0
                21.686572,44.664661,0
                21.690817,44.664303,0
                21.695085,44.663212,0
                21.70033,44.661001,0
                21.708425,44.6566,0
                21.720056,44.653366,0
                21.724914,44.653118,0
                21.729269,44.653227,0
                21.741442,44.654696,0
                21.74833,44.656549,0
                21.75947,44.659305,0
                21.767677,44.660444,0
                21.775044,44.660407,0
                21.783215,44.659455,0
                21.792529,44.657996,0
                21.799812,44.655836,0
                21.807778,44.653074,0
                21.8132,44.651563,0
                21.817098,44.65131,0
                21.825462,44.652237,0
                21.832814,44.654293,0
                21.836762,44.6545,0
                21.846244,44.65408,0
                21.855571,44.652964,0
                21.864069,44.651515,0
                21.870438,44.650116,0
                21.884559,44.645596,0
                21.890272,44.64442,0
                21.899235,44.645059,0
                21.901532,44.64594,0
                21.909723,44.647143,0
                21.914344,44.647062,0
                21.918527,44.646498,0
                21.924922,44.644908,0
                21.929345,44.643185,0
                21.934013,44.640328,0
                21.942688,44.636438,0
                21.947225,44.635689,0
                21.950888,44.634644,0
                21.957653,44.634196,0
                21.960875,44.634369,0
                21.967024,44.63381,0
                21.970061,44.634056,0
                21.983472,44.634092,0
                21.989996,44.633537,0
                21.997109,44.629074,0
                22.000517,44.622919,0
                22.000972,44.621199,0
                22.000935,44.617708,0
                22.002434,44.61147,0
                22.004013,44.608993,0
                22.007161,44.605907,0
                22.010751,44.603071,0
                22.018301,44.597634,0
                22.023143,44.595134,0
                22.026325,44.591757,0
                22.028285,44.586955,0
                22.028362,44.585941,0
                22.026199,44.581516,0
                22.026635,44.576906,0
                22.026379,44.570976,0
                22.026689,44.569648,0
                22.026637,44.562418,0
                22.026915,44.560556,0
                22.029714,44.556983,0
                22.031189,44.55316,0
                22.031553,44.549309,0
                22.034284,44.545803,0
                22.035887,44.544856,0
                22.036928,44.542212,0
                22.038515,44.540733,0
                22.042966,44.537813,0
                22.052384,44.535056,0
                22.057213,44.532845,0
                22.067686,44.527044,0
                22.071181,44.524121,0
                22.07583,44.519209,0
                22.076874,44.517036,0
                22.077786,44.511723,0
                22.079082,44.508881,0
                22.083782,44.501963,0
                22.087509,44.49918,0
                22.094721,44.496276,0
                22.10566,44.490324,0
                22.10996,44.486175,0
                22.120603,44.479428,0
                22.125458,44.477497,0
                22.13236,44.476534,0
                22.149496,44.475247,0
                22.16531,44.474951,0
                22.170088,44.476117,0
                22.177139,44.478485,0
                22.180127,44.480047,0
                22.18255,44.482657,0
                22.186223,44.48771,0
                22.189976,44.495198,0
                22.190785,44.49931,0
                22.194874,44.507513,0
                22.197624,44.511775,0
                22.201759,44.515062,0
                22.204011,44.517296,0
                22.206474,44.520682,0
                22.20732,44.523017,0
                22.210187,44.527899,0
                22.21074,44.530351,0
                22.21409,44.536889,0
                22.220531,44.544044,0
                22.225733,44.55048,0
                22.230326,44.556661,0
                22.233108,44.56123,0
                22.237196,44.566139,0
                22.24225,44.571008,0
                22.250249,44.581461,0
                22.254082,44.586025,0
                22.260394,44.591328,0
                22.262678,44.594132,0
                22.265045,44.598194,0
                22.271189,44.607866,0
                22.271437,44.609989,0
                22.273436,44.617484,0
                22.273574,44.619816,0
                22.276029,44.62724,0
                22.277158,44.628356,0
                22.282044,44.62911,0
                22.28655,44.630351,0
                22.288976,44.632112,0
                22.29123,44.634747,0
                22.293753,44.636475,0
                22.298357,44.638528,0
                22.300923,44.640488,0
                22.303158,44.644233,0
                22.303719,44.647656,0
                22.30348,44.653714,0
                22.304096,44.655762,0
                22.307741,44.659406,0
                22.316438,44.665048,0
                22.323417,44.669037,0
                22.332088,44.674594,0
                22.335461,44.67593,0
                22.339008,44.675808,0
                22.344158,44.674924,0
                22.35023,44.673538,0
                22.355451,44.67285,0
                22.363845,44.672596,0
                22.36674,44.672285,0
                22.370973,44.672657,0
                22.374959,44.673646,0
                22.384247,44.676873,0
                22.390254,44.679533,0
                22.396864,44.683656,0
                22.40545,44.689756,0
                22.411324,44.696433,0
                22.417381,44.702887,0
                22.422413,44.706376,0
                22.4292,44.709188,0
                22.440129,44.711346,0
                22.455375,44.713238,0
                22.45702,44.713274,0
                22.464319,44.714902,0
                22.466204,44.714586,0
                22.47187,44.712162,0
                22.477153,44.710262,0
                22.480891,44.708111,0
                22.486768,44.703094,0
                22.499338,44.694152,0
                22.500944,44.691637,0
                22.503301,44.689214,0
                22.506946,44.68652,0
                22.517727,44.677451,0
                22.531293,44.668685,0
                22.537222,44.665168,0
                22.549995,44.655903,0
                22.565651,44.643396,0
                22.580941,44.632216,0
                22.583685,44.631455,0
                22.601138,44.623983,0
                22.609196,44.619423,0
                22.610368,44.618489,0
                22.614105,44.617083,0
                22.623893,44.614274,0
                22.631006,44.613324,0
                22.635803,44.613672,0
                22.641305,44.614638,0
                22.654024,44.617364,0
                22.660885,44.618212,0
                22.666342,44.618216,0
                22.674479,44.615549,0
                22.681341,44.610735,0
                22.684686,44.606996,0
                22.689091,44.605568,0
                22.693766,44.604988,0
                22.702969,44.603313,0
                22.708434,44.602002,0
                22.712691,44.599927,0
                22.71696,44.5961,0
                22.723612,44.587819,0
                22.733713,44.58057,0
                22.734314,44.579888,0
                22.739876,44.576244,0
                22.745049,44.57251,0
                22.751801,44.566517,0
                22.756092,44.56014,0
                22.759103,44.555019,0
                22.76115,44.552276,0
                22.763482,44.546041,0
                22.762738,44.541111,0
                22.761326,44.538782,0
                22.758838,44.536486,0
                22.75151,44.533115,0
                22.747577,44.532005,0
                22.735022,44.52763,0
                22.732385,44.526992,0
                22.723954,44.524029,0
                22.719747,44.522757,0
                22.709106,44.518669,0
                22.700977,44.51692,0
                22.695026,44.51629,0
                22.693023,44.516407,0
                22.688722,44.517485,0
                22.683612,44.519541,0
                22.670307,44.52654,0
                22.6467,44.541264,0
                22.64142,44.544098,0
                22.628626,44.548867,0
                22.618736,44.551026,0
                22.607283,44.552247,0
                22.602303,44.552141,0
                22.599317,44.551385,0
                22.592095,44.550911,0
                22.584894,44.549105,0
                22.578527,44.546478,0
                22.573207,44.543348,0
                22.569025,44.540282,0
                22.563848,44.533292,0
                22.560866,44.527008,0
                22.559855,44.51138,0
                22.558239,44.501192,0
                22.555982,44.497659,0
                22.552762,44.49413,0
                22.547676,44.49035,0
                22.540101,44.483849,0
                22.535961,44.480845,0
                22.53311,44.479263,0
                22.52546,44.476448,0
                22.516546,44.474746,0
                22.510561,44.474605,0
                22.506307,44.474996,0
                22.501122,44.47692,0
                22.499328,44.478011,0
                22.494809,44.47883,0
                22.477402,44.481034,0
                22.469512,44.481199,0
                22.463513,44.479598,0
                22.460395,44.478021,0
                22.457557,44.474723,0
                22.455653,44.470888,0
                22.454742,44.46781,0
                22.454803,44.465873,0
                22.459559,44.45826,0
                22.460349,44.455222,0
                22.465476,44.444048,0
                22.46738,44.44175,0
                22.474345,44.435457,0
                22.48906,44.427701,0
                22.490817,44.42653,0
                22.499247,44.42227,0
                22.500204,44.420855,0
                22.500493,44.414085,0
                22.500286,44.406661,0
                22.500631,44.403689,0
                22.500392,44.399277,0
                22.500736,44.389213,0
                22.500418,44.387538,0
                22.500902,44.383378,0
                22.502897,44.378993,0
                22.504759,44.377419,0
                22.509407,44.372613,0
                22.513858,44.364391,0
                22.517995,44.353274,0
                22.522178,44.343586,0
                22.525183,44.339231,0
                22.531186,44.333588,0
                22.535572,44.329933,0
                22.546214,44.322918,0
                22.549195,44.320056,0
                22.553916,44.314647,0
                22.55783,44.308571,0
                22.566284,44.303111,0
                22.571775,44.30147,0
                22.576937,44.300532,0
                22.588977,44.298739,0
                22.607052,44.295302,0
                22.619135,44.292783,0
                22.627153,44.291938,0
                22.644887,44.291505,0
                22.650376,44.291125,0
                22.660272,44.289004,0
                22.669975,44.284688,0
                22.674697,44.281867,0
                22.67735,44.279498,0
                22.679886,44.276503,0
                22.682207,44.272494,0
                22.685434,44.264851,0
                22.686318,44.259864,0
                22.685934,44.25677,0
                22.686181,44.249856,0
                22.683328,44.247891,0
                22.680415,44.242985,0
                22.678719,44.241497,0
                22.677516,44.238999,0
                22.675494,44.237055,0
                22.675053,44.234945,0
                22.673433,44.233122,0
                22.671701,44.227198,0
                22.671124,44.223776,0
                22.672769,44.220072,0
                22.67985,44.211698,0
                22.683226,44.208931,0
                22.687042,44.206578,0
                22.692956,44.204118,0
                22.70423,44.202453,0
                22.723441,44.202154,0
                22.741965,44.19781,0
                22.749692,44.195321,0
                22.75579,44.192179,0
                22.758959,44.190094,0
                22.762204,44.186683,0
                22.784134,44.169749,0
                22.814137,44.153766,0
                22.817909,44.152033,0
                22.83355,44.149122,0
                22.838251,44.147054,0
                22.843981,44.143423,0
                22.851808,44.140045,0
                22.862042,44.13734,0
                22.878318,44.128501,0
                22.886204,44.123735,0
                22.895421,44.116649,0
                22.899072,44.114501,0
                22.906925,44.120409,0
                22.952659,44.155126,0
                22.98447,44.179927,0
                23.003381,44.194588,0
                23.039933,44.219172,0
                23.083165,44.249135,0
                23.117726,44.272591,0
                23.167195,44.297902,0
                23.210748,44.319889,0
                23.24602,44.337501,0
                23.303971,44.362824,0
                23.364698,44.386494,0
                23.402485,44.401169,0
                23.417311,44.406985,0
                23.454699,44.421475,0
                23.500118,44.439122,0
                23.543626,44.456337,0
                23.571063,44.467131,0
                23.604079,44.479547,0
                23.61402,44.483174,0
                23.656373,44.49726,0
                23.670839,44.50235,0
                23.692848,44.509626,0
                23.725967,44.521144,0
                23.749345,44.529359,0
                23.807318,44.548955,0
                23.857472,44.565481,0
                23.91523,44.583326,0
                23.934364,44.589446,0
                23.958998,44.596829,0
                23.985813,44.605055,0
                24.018317,44.614658,0
                24.042925,44.621348,0
                24.066097,44.627091,0
                24.088133,44.63188,0
                24.104053,44.635536,0
                24.12486,44.641034,0
                24.14377,44.646557,0
                24.171646,44.655703,0
                24.189564,44.661327,0
                24.201985,44.665106,0
                24.214794,44.668422,0
                24.254415,44.678369,0
                24.28998,44.687556,0
                24.31811,44.694735,0
                24.337417,44.699518,0
                24.353604,44.703121,0
                24.360853,44.704834,0
                24.369524,44.70652,0
                24.398798,44.711144,0
                24.405116,44.712326,0
                24.417525,44.714267,0
                24.451354,44.720367,0
                24.463192,44.72274,0
                24.483998,44.726696,0
                24.519405,44.733223,0
                24.530482,44.734814,0
                24.54088,44.736555,0
                24.559888,44.739545,0
                24.583011,44.74366,0
                24.601253,44.747198,0
                24.617039,44.750158,0
                24.635976,44.754013,0
                24.677388,44.761855,0
                24.727176,44.770297,0
                24.736407,44.771623,0
                24.754388,44.774424,0
                24.77642,44.778082,0
                24.808594,44.783933,0
                24.826686,44.787288,0
                24.852834,44.791574,0
                24.863969,44.793233,0
                24.887585,44.797364,0
                24.895072,44.798598,0
                24.9069,44.800328,0
                24.931022,44.804137,0
                24.956548,44.808534,0
                24.976726,44.812297,0
                24.996733,44.816281,0
                25.010867,44.818939,0
                25.030273,44.822331,0
                25.052065,44.826246,0
                25.059329,44.827319,0
                25.06723,44.82873,0
                25.091368,44.8328,0
                25.106411,44.835704,0
                25.119877,44.838547,0
                25.176765,44.851953,0
                25.197296,44.857135,0
                25.221552,44.862856,0
                25.22802,44.864448,0
                25.235887,44.866115,0
                25.250911,44.869074,0
                25.274559,44.873402,0
                25.292046,44.876289,0
                25.321576,44.88145,0
                25.338634,44.884367,0
                25.39038,44.893987,0
                25.404475,44.896971,0
                25.430562,44.902894,0
                25.465057,44.911214,0
                25.477566,44.913969,0
                25.505035,44.91908,0
                25.518394,44.921348,0
                25.551029,44.92672,0
                25.574472,44.930503,0
                25.60706,44.935432,0
                25.629654,44.938636,0
                25.640778,44.940372,0
                25.661766,44.944161,0
                25.678381,44.947939,0
                25.684437,44.949826,0
                25.694061,44.954032,0
                25.704372,44.959715,0
                25.715075,44.966699,0
                25.723247,44.972592,0
                25.732428,44.980104,0
                25.73844,44.986849,0
                25.74682,44.998141,0
                25.749349,45.002914,0
                25.751136,45.007374,0
                25.752869,45.015979,0
                25.753143,45.021843,0
                25.753024,45.045519,0
                25.753244,45.050933,0
                25.751896,45.060348,0
                25.748606,45.077202,0
                25.747509,45.083469,0
                25.742603,45.107432,0
                25.739974,45.118861,0
                25.737291,45.132881,0
                25.735627,45.139746,0
                25.733175,45.151209,0
                25.726401,45.178946,0
                25.719067,45.211283,0
                25.716208,45.225741,0
                25.711397,45.245743,0
                25.71044,45.251522,0
                25.708648,45.257647,0
                25.706224,45.263979,0
                25.699453,45.277941,0
                25.687545,45.301299,0
                25.680808,45.313547,0
                25.673703,45.327032,0
                25.668255,45.337978,0
                25.665266,45.344511,0
                25.663845,45.348288,0
                25.661762,45.354985,0
                25.660056,45.362887,0
                25.65972,45.369515,0
                25.658645,45.38218,0
                25.657903,45.395057,0
                25.657572,45.403422,0
                25.655963,45.420404,0
                25.655006,45.437906,0
                25.653254,45.456942,0
                25.653273,45.46172,0
                25.653814,45.467883,0
                25.655182,45.47721,0
                25.656869,45.486074,0
                25.659499,45.498156,0
                25.661341,45.508216,0
                25.662961,45.515524,0
                25.664241,45.52241,0
                25.666035,45.529313,0
                25.671685,45.538461,0
                25.681241,45.553342,0
                25.693359,45.574427,0
                25.698476,45.584151,0
                25.710118,45.606642,0
                25.713957,45.614229,0
                25.728229,45.648364,0
                25.73124,45.654173,0
                25.735776,45.661782,0
                25.741865,45.67079,0
                25.756921,45.691712,0
                25.773404,45.714122,0
                25.782041,45.725662,0
                25.790714,45.737453,0
                25.803105,45.754509,0
                25.80995,45.764287,0
                25.827889,45.79107,0
                25.833484,45.797484,0
                25.83743,45.801202,0
                25.85415,45.815628,0
                25.869543,45.829777,0
                25.896249,45.853355,0
                25.904518,45.860323,0
                25.935244,45.88716,0
                25.95232,45.90197,0
                25.960265,45.908741,0
                25.966855,45.914733,0
                25.973294,45.920127,0
                25.984972,45.929628,0
                25.995415,45.938283,0
                26.003191,45.944099,0
                26.018868,45.955499,0
                26.031218,45.963898,0
                26.050864,45.97606,0
                26.061983,45.981848,0
                26.080845,45.990697,0
                26.095117,45.996775,0
                26.102888,45.999962,0
                26.120902,46.006693,0
                26.141112,46.013493,0
                26.154479,46.017739,0
                26.187677,46.027887,0
                26.205839,46.033996,0
                26.224441,46.040373,0
                26.250397,46.049431,0
                26.26243,46.053372,0
                26.291397,46.062658,0
                26.321783,46.072291,0
                26.347145,46.080612,0
                26.372972,46.088985,0
                26.399117,46.098222,0
                26.407567,46.101279,0
                26.425368,46.106823,0
                26.438249,46.111139,0
                26.453616,46.114824,0
                26.463587,46.117623,0
                26.472069,46.119608,0
                26.492137,46.123889,0
                26.521297,46.130413,0
                26.540579,46.134809,0
                26.575868,46.14255,0
                26.60739,46.150161,0
                26.636112,46.156677,0
                26.665292,46.16215,0
                26.698783,46.167833,0
                26.731097,46.173357,0
                26.764787,46.178771,0
                26.783073,46.182042,0
                26.807193,46.185852,0
                26.832609,46.189486,0
                26.859123,46.193823,0
                26.867596,46.195627,0
                26.874996,46.197428,0
                26.891265,46.202225,0
                26.921626,46.212695,0
                26.937109,46.217825,0
                26.958152,46.225454,0
                26.969762,46.230024,0
                26.976805,46.233187,0
                26.992337,46.24061,0
                27.009618,46.249247,0
                27.025507,46.257717,0
                27.032229,46.261469,0
                27.044382,46.26879,0
                27.052935,46.274371,0
                27.081746,46.293575,0
                27.096492,46.303784,0
                27.104487,46.309072,0
                27.113268,46.315239,0
                27.130341,46.326509,0
                27.150085,46.338593,0
                27.166778,46.349711,0
                27.190675,46.364917,0
                27.201207,46.371347,0
                27.221391,46.383198,0
                27.244618,46.397117,0
                27.260898,46.406201,0
                27.269788,46.410578,0
                27.277557,46.413641,0
                27.284487,46.415769,0
                27.30337,46.421133,0
                27.314915,46.423757,0
                27.325336,46.425967,0
                27.336223,46.428467,0
                27.356243,46.432571,0
                27.375459,46.436401,0
                27.390007,46.438707,0
                27.410779,46.441643,0
                27.418685,46.442884,0
                27.436724,46.446002,0
                27.451605,46.447494,0
                27.458055,46.447825,0
                27.467056,46.447877,0
                27.47887,46.446864,0
                27.489759,46.445475,0
                27.503656,46.444349,0
                27.515777,46.443148,0
                27.527378,46.441205,0
                27.543833,46.439015,0
                27.573087,46.43295,0
                27.58442,46.430854,0
                27.597153,46.428661,0
                27.611362,46.425421,0
                27.627576,46.421549,0
                27.640721,46.418133,0
                27.65039,46.414953,0
                27.675402,46.404565,0
                27.690949,46.397553,0
                27.703491,46.391731,0
                27.718614,46.383676,0
                27.726194,46.379437,0
                27.735141,46.373212,0
                27.743155,46.367923,0
                27.750743,46.362581,0
                27.768279,46.349472,0
                27.782399,46.33826,0
                27.796071,46.326472,0
                27.808307,46.315523,0
                27.816906,46.307632,0
                27.826209,46.298403,0
                27.829578,46.292149,0
                27.833205,46.281506,0
                27.839283,46.265802,0
                27.840974,46.259913,0
                27.845375,46.248017,0
                27.850626,46.232591,0
                27.852041,46.227655,0
                27.852487,46.223045,0
                27.852848,46.215157,0
                27.853222,46.190389,0
                27.853103,46.169682,0
                27.853396,46.155836,0
                27.853368,46.140603,0
                27.852697,46.122321,0
                27.852613,46.113532,0
                27.85224,46.098854,0
                27.85169,46.088385,0
                27.850552,46.078657,0
                27.846807,46.056768,0
                27.843607,46.040578,0
                27.83954,46.021846,0
                27.837581,46.011622,0
                27.83591,46.001913,0
                27.83429,45.988875,0
                27.833209,45.982045,0
                27.832415,45.972835,0
                27.83125,45.955914,0
                27.83053,45.942644,0
                27.829939,45.934128,0
                27.829373,45.923065,0
                27.829054,45.913123,0
                27.828982,45.903292,0
                27.829144,45.886634,0
                27.830001,45.88101,0
                27.832792,45.870952,0
                27.843999,45.842491,0
                27.845487,45.838376,0
                27.850319,45.822215,0
                27.853604,45.810813,0
                27.856919,45.800847,0
                27.863103,45.781162,0
                27.867874,45.766409,0
                27.86985,45.762365,0
                27.874696,45.755273,0
                27.878505,45.75046,0
                27.881732,45.747182,0
                27.888486,45.739532,0
                27.890586,45.737491,0
                27.895533,45.73162,0
                27.907035,45.718837,0
                27.913589,45.712157,0
                27.92396,45.701087,0
                27.946901,45.676971,0
                27.956481,45.667064,0
                27.960734,45.664039,0
                27.966877,45.66036,0
                27.977063,45.654773,0
                27.988911,45.648686,0
                27.995418,45.645503,0
                28.014203,45.634936,0
                28.020539,45.63118,0
                28.038657,45.62011,0
                28.05132,45.612681,0
                28.09692,45.5871,0
                28.11803,45.575651,0
              </coordinates>
            </LinearRing>
          </outerBoundaryIs>
        </Polygon>
      </Placemark>
      <Placemark>
        <name>P100-1/2013</name>
        <description>Tc =1,0 s</description>
        <styleUrl>#poly-00FF00-1000-76</styleUrl>
        <Polygon>
          <outerBoundaryIs>
            <LinearRing>
              <tessellate>1</tessellate>
              <coordinates>
                25.7207976,45.5851788,0
                25.701659,45.590085,0
                25.69995,45.58689,0
                25.698596,45.584281,0
                25.697878,45.582993,0
                25.696806,45.581016,0
                25.695799,45.57912,0
                25.694933,45.577437,0
                25.694148,45.575951,0
                25.693202,45.574325,0
                25.692231,45.572542,0
                25.69128,45.57087,0
                25.690314,45.569133,0
                25.68925,45.567176,0
                25.688122,45.565331,0
                25.687116,45.563569,0
                25.686368,45.562265,0
                25.685186,45.560317,0
                25.683937,45.558114,0
                25.682704,45.556007,0
                25.679616,45.550861,0
                25.677213,45.546954,0
                25.674024,45.542137,0
                25.671256,45.5379,0
                25.668888,45.534053,0
                25.666091,45.529431,0
                25.665151,45.526158,0
                25.664857,45.524965,0
                25.664566,45.523707,0
                25.664365,45.523087,0
                25.664109,45.521738,0
                25.663789,45.52009,0
                25.663405,45.518092,0
                25.662809,45.515335,0
                25.662237,45.512676,0
                25.662022,45.511698,0
                25.661606,45.509605,0
                25.661215,45.507411,0
                25.660548,45.503585,0
                25.659925,45.50061,0
                25.659302,45.497353,0
                25.658078,45.491405,0
                25.657349,45.487886,0
                25.656402,45.483769,0
                25.656037,45.481727,0
                25.655131,45.476987,0
                25.654444,45.472292,0
                25.653888,45.467971,0
                25.653209,45.46206,0
                25.653222,45.458961,0
                25.653233,45.45717,0
                25.653594,45.453299,0
                25.653995,45.449045,0
                25.654279,45.445277,0
                25.654797,45.439818,0
                25.655041,45.436446,0
                25.655186,45.43355,0
                25.655441,45.429484,0
                25.655726,45.424918,0
                25.655837,45.421788,0
                25.656287,45.416747,0
                25.656485,45.414659,0
                25.656811,45.410801,0
                25.657184,45.406611,0
                25.65752,45.403041,0
                25.657667,45.39841,0
                25.657858,45.395103,0
                25.658203,45.39148,0
                25.658475,45.38758,0
                25.658573,45.38423,0
                25.658654,45.381355,0
                25.658974,45.379098,0
                25.659232,45.375311,0
                25.659541,45.371463,0
                25.659752,45.368765,0
                25.659929,45.365198,0
                25.660043,45.362952,0
                25.660595,45.360091,0
                25.661235,45.357419,0
                25.662175,45.353563,0
                25.662509,45.352329,0
                25.664584,45.346423,0
                25.66655,45.341504,0
                25.668517,45.337369,0
                25.671151,45.332102,0
                25.673237,45.327968,0
                25.675506,45.323719,0
                25.677899,45.319082,0
                25.680816,45.31358,0
                25.683835,45.308034,0
                25.687258,45.301847,0
                25.690358,45.296014,0
                25.693372,45.289751,0
                25.697177,45.282225,0
                25.699692,45.277479,0
                25.700617,45.275618,0
                25.703115,45.270487,0
                25.705548,45.265355,0
                25.706539,45.263254,0
                25.708617,45.257649,0
                25.710454,45.251369,0
                25.711921,45.243294,0
                25.713105,45.238684,0
                25.714134,45.234584,0
                25.715221,45.229768,0
                25.716124,45.225913,0
                25.717154,45.220933,0
                25.718037,45.216563,0
                25.718574,45.213813,0
                25.719543,45.209763,0
                25.720275,45.205537,0
                25.721295,45.20139,0
                25.722137,45.197588,0
                25.722764,45.194405,0
                25.723407,45.192,0
                25.724026,45.189238,0
                25.724809,45.18572,0
                25.725481,45.182548,0
                25.727485,45.174355,0
                25.727701,45.173766,0
                25.72881,45.169124,0
                25.729631,45.165719,0
                25.730866,45.16063,0
                25.732126,45.155234,0
                25.73271,45.152613,0
                25.733757,45.148181,0
                25.735428,45.140674,0
                25.737024,45.133912,0
                25.738327,45.127688,0
                25.739512,45.121155,0
                25.740948,45.114179,0
                25.742109,45.109271,0
                25.744049,45.10041,0
                25.74593,45.091373,0
                25.747754,45.082346,0
                25.749213,45.073992,0
                25.750669,45.06734,0
                25.751378,45.06296,0
                25.751792,45.060663,0
                25.752526,45.056458,0
                25.75311,45.051897,0
                25.753043,45.044919,0
                25.753111,45.037862,0
                25.753107,45.031212,0
                25.753178,45.023912,0
                25.753018,45.019335,0
                25.752619,45.014293,0
                25.751742,45.009579,0
                25.750581,45.005964,0
                25.749495,45.003391,0
                25.748361,45.001052,0
                25.746716,44.998195,0
                25.743807,44.993996,0
                25.738898,44.987609,0
                25.735533,44.983299,0
                25.732672,44.980453,0
                25.729751,44.977745,0
                25.72089,44.970841,0
                25.714842,44.966482,0
                25.708801,44.962365,0
                25.702106,44.95838,0
                25.694112,44.954051,0
                25.684587,44.949889,0
                25.678291,44.947946,0
                25.663828,44.94469,0
                25.650578,44.942044,0
                25.638176,44.939928,0
                25.629306,44.938567,0
                25.606229,44.93532,0
                25.587026,44.932411,0
                25.569898,44.929835,0
                25.555108,44.927414,0
                25.534714,44.924092,0
                25.520719,44.921741,0
                25.497778,44.917794,0
                25.482001,44.914853,0
                25.472321,44.912919,0
                25.459179,44.909844,0
                25.448839,44.907323,0
                25.4374,44.904627,0
                25.430348,44.902859,0
                25.415128,44.899445,0
                25.400116,44.896065,0
                25.394486,44.894778,0
                25.382875,44.892552,0
                25.367061,44.889656,0
                25.348692,44.88618,0
                25.331221,44.883108,0
                25.318233,44.880876,0
                25.306373,44.87881,0
                25.297514,44.87725,0
                25.291156,44.876202,0
                25.285383,44.875268,0
                25.282581,44.874804,0
                25.277737,44.87393,0
                25.270416,44.87259,0
                25.264368,44.871531,0
                25.260451,44.870808,0
                25.253631,44.869517,0
                25.246341,44.868171,0
                25.239931,44.866916,0
                25.226462,44.864093,0
                25.217868,44.862023,0
                25.19599,44.856877,0
                25.182032,44.85324,0
                25.175603,44.851691,0
                25.164191,44.849061,0
                25.159565,44.847993,0
                25.154172,44.846756,0
                25.142454,44.843938,0
                25.125769,44.839894,0
                25.118611,44.838256,0
                25.109989,44.836518,0
                25.10336,44.835087,0
                25.096698,44.833757,0
                25.085297,44.831637,0
                25.071315,44.829385,0
                25.061208,44.827663,0
                25.048321,44.825622,0
                25.035805,44.823372,0
                25.027446,44.821847,0
                25.007544,44.818297,0
                24.978395,44.8126,0
                24.960733,44.809266,0
                24.94402,44.806391,0
                24.924436,44.803135,0
                24.903699,44.79988,0
                24.887256,44.797375,0
                24.864307,44.793297,0
                24.843484,44.790065,0
                24.82752,44.787447,0
                24.808013,44.783858,0
                24.792589,44.781016,0
                24.777319,44.778269,0
                24.765434,44.776233,0
                24.751125,44.77401,0
                24.743917,44.772966,0
                24.733752,44.771226,0
                24.724287,44.769895,0
                24.710862,44.767631,0
                24.707151,44.766934,0
                24.694416,44.764736,0
                24.67796,44.761932,0
                24.660422,44.758646,0
                24.643844,44.755465,0
                24.631201,44.75304,0
                24.614525,44.749704,0
                24.592436,44.745489,0
                24.573724,44.741881,0
                24.559477,44.739479,0
                24.547215,44.73755,0
                24.53068,44.734831,0
                24.519973,44.733353,0
                24.518355,44.733087,0
                24.491893,44.728166,0
                24.464439,44.722929,0
                24.462087,44.722513,0
                24.460029,44.722026,0
                24.439371,44.718239,0
                24.438155,44.717965,0
                24.424008,44.715443,0
                24.417003,44.71419,0
                24.413964,44.713719,0
                24.411002,44.713272,0
                24.406429,44.712472,0
                24.403075,44.711964,0
                24.398224,44.711036,0
                24.389344,44.709617,0
                24.385749,44.709111,0
                24.37759,44.707798,0
                24.369645,44.706451,0
                24.360625,44.704808,0
                24.34301,44.700799,0
                24.324813,44.696406,0
                24.295135,44.688805,0
                24.266252,44.681433,0
                24.236918,44.67393,0
                24.217026,44.668986,0
                24.208713,44.666815,0
                24.202522,44.66517,0
                24.196424,44.663433,0
                24.180355,44.65847,0
                24.16758,44.654347,0
                24.158494,44.651479,0
                24.144853,44.646937,0
                24.139429,44.645306,0
                24.131834,44.642993,0
                24.117703,44.639126,0
                24.108313,44.636649,0
                24.104048,44.635497,0
                24.087698,44.631825,0
                24.076054,44.629304,0
                24.067025,44.627223,0
                24.048761,44.62283,0
                24.034197,44.619014,0
                24.022439,44.615814,0
                24.005962,44.611094,0
                23.988722,44.605956,0
                23.974323,44.601483,0
                23.953854,44.595273,0
                23.931372,44.588472,0
                23.908503,44.581191,0
                23.892138,44.576174,0
                23.872908,44.570323,0
                23.852519,44.563969,0
                23.845795,44.56168,0
                23.826683,44.555478,0
                23.813895,44.551164,0
                23.793392,44.54427,0
                23.769613,44.536213,0
                23.759708,44.532906,0
                23.74953,44.529421,0
                23.744409,44.527674,0
                23.717755,44.518228,0
                23.700254,44.512109,0
                23.670029,44.501981,0
                23.646301,44.493873,0
                23.614455,44.483293,0
                23.612844,44.482736,0
                23.587195,44.473195,0
                23.561205,44.463348,0
                23.528754,44.450416,0
                23.505917,44.441336,0
                23.476599,44.429975,0
                23.443798,44.417236,0
                23.410585,44.404294,0
                23.381213,44.392917,0
                23.353373,44.382093,0
                23.331814,44.373673,0
                23.305207,44.363315,0
                23.281712,44.353113,0
                23.260991,44.344029,0
                23.245575,44.337272,0
                23.224237,44.326627,0
                23.204354,44.316751,0
                23.188146,44.308541,0
                23.165265,44.296952,0
                23.142902,44.2855,0
                23.117499,44.272499,0
                23.099463,44.260144,0
                23.078221,44.245709,0
                23.053711,44.228748,0
                23.036145,44.216624,0
                23.003236,44.194468,0
                22.987981,44.182631,0
                22.972248,44.170272,0
                22.955264,44.157102,0
                22.93855,44.144341,0
                22.925808,44.134763,0
                22.912509,44.124561,0
                22.899089,44.114439,0
                22.909509,44.10998,0
                22.915268,44.106587,0
                22.923243,44.102527,0
                22.955791,44.098293,0
                22.979578,44.098872,0
                22.988427,44.098325,0
                23.003251,44.094023,0
                23.009818,44.092588,0
                23.029193,44.085943,0
                23.03375,44.082874,0
                23.040168,44.076675,0
                23.043891,44.070485,0
                23.045329,44.060857,0
                23.037265,44.045262,0
                23.034263,44.037775,0
                23.009069,44.012989,0
                23.003422,44.010301,0
                22.997284,44.009236,0
                22.964049,44.006656,0
                22.947842,44.004749,0
                22.926366,44.000396,0
                22.89072,43.989556,0
                22.883081,43.984346,0
                22.862017,43.934037,0
                22.860189,43.923412,0
                22.847994,43.904885,0
                22.838341,43.886023,0
                22.838502,43.871398,0
                22.843517,43.862604,0
                22.853611,43.85056,0
                22.866337,43.839001,0
                22.876034,43.833613,0
                22.909437,43.825717,0
                22.917633,43.825078,0
                22.928071,43.824945,0
                22.931349,43.824584,0
                22.935009,43.823549,0
                22.938015,43.822,0
                22.960227,43.81266,0
                22.966866,43.81139,0
                22.972243,43.81003,0
                22.975209,43.809676,0
                22.984532,43.809439,0
                22.990328,43.808903,0
                22.99424,43.808103,0
                23.012107,43.80486,0
                23.020927,43.805357,0
                23.027358,43.803707,0
                23.04448,43.797546,0
                23.052873,43.795591,0
                23.066311,43.797455,0
                23.082026,43.798221,0
                23.097295,43.801187,0
                23.102965,43.802204,0
                23.122346,43.804318,0
                23.132039,43.80328,0
                23.142883,43.807672,0
                23.149831,43.809665,0
                23.156295,43.813525,0
                23.162521,43.816946,0
                23.1773,43.821776,0
                23.194113,43.826459,0
                23.207437,43.831059,0
                23.217897,43.836156,0
                23.249279,43.839754,0
                23.254257,43.842261,0
                23.263271,43.845783,0
                23.268995,43.846834,0
                23.278923,43.84816,0
                23.294887,43.84791,0
                23.303824,43.848208,0
                23.312487,43.849041,0
                23.317584,43.84936,0
                23.325969,43.849418,0
                23.33771,43.850308,0
                23.342709,43.850466,0
                23.35197,43.849669,0
                23.357168,43.848688,0
                23.365707,43.848159,0
                23.369449,43.847476,0
                23.375563,43.847772,0
                23.388964,43.849592,0
                23.395587,43.850233,0
                23.399813,43.850954,0
                23.402879,43.851793,0
                23.405838,43.852062,0
                23.415533,43.852645,0
                23.419913,43.854096,0
                23.427094,43.852611,0
                23.428921,43.85189,0
                23.43864,43.850828,0
                23.451004,43.846686,0
                23.455633,43.842716,0
                23.46064,43.840107,0
                23.469207,43.839054,0
                23.471993,43.839119,0
                23.48704,43.836772,0
                23.488806,43.836745,0
                23.493043,43.837987,0
                23.495296,43.839049,0
                23.497464,43.839095,0
                23.508402,43.837648,0
                23.51303,43.836118,0
                23.518193,43.833221,0
                23.51923,43.831904,0
                23.5247,43.827748,0
                23.526393,43.826034,0
                23.52952,43.823482,0
                23.531923,43.821934,0
                23.533019,43.820954,0
                23.549815,43.810819,0
                23.557611,43.807915,0
                23.569108,43.804611,0
                23.577154,43.802978,0
                23.593589,43.797328,0
                23.600217,43.794597,0
                23.619887,43.790489,0
                23.627293,43.790476,0
                23.636085,43.791633,0
                23.640671,43.79417,0
                23.65069,43.79626,0
                23.657751,43.797336,0
                23.668854,43.800354,0
                23.67598,43.801361,0
                23.680896,43.802281,0
                23.68908,43.803454,0
                23.698499,43.805594,0
                23.71246,43.805932,0
                23.722026,43.804611,0
                23.729486,43.803961,0
                23.735329,43.803955,0
                23.748457,43.801744,0
                23.751952,43.797183,0
                23.757667,43.791454,0
                23.764878,43.786644,0
                23.772358,43.782782,0
                23.780321,43.780344,0
                23.807441,43.7756,0
                23.819765,43.77302,0
                23.823702,43.770506,0
                23.829709,43.76815,0
                23.846308,43.760975,0
                23.856458,43.757772,0
                23.872114,43.753795,0
                23.877413,43.753224,0
                23.885869,43.751494,0
                23.890324,43.751732,0
                23.897629,43.74912,0
                23.903588,43.747506,0
                23.910027,43.746932,0
                23.914478,43.746272,0
                23.919046,43.745846,0
                23.927184,43.745048,0
                23.933417,43.745979,0
                23.94879,43.745527,0
                23.955823,43.745726,0
                23.959381,43.745495,0
                23.964817,43.744175,0
                23.972138,43.743215,0
                23.979543,43.74136,0
                23.990485,43.738288,0
                23.993515,43.737942,0
                24.004495,43.734067,0
                24.019393,43.729894,0
                24.031901,43.724571,0
                24.038676,43.722791,0
                24.044094,43.722015,0
                24.049037,43.722422,0
                24.058051,43.718047,0
                24.064522,43.716006,0
                24.06997,43.7137,0
                24.074486,43.7089,0
                24.085085,43.70356,0
                24.092411,43.701725,0
                24.099081,43.700479,0
                24.104003,43.699745,0
                24.10802,43.699736,0
                24.118225,43.698244,0
                24.128011,43.696223,0
                24.138937,43.692809,0
                24.14943,43.688546,0
                24.154857,43.686784,0
                24.160671,43.684829,0
                24.166597,43.683202,0
                24.172625,43.68246,0
                24.177503,43.682073,0
                24.186045,43.682318,0
                24.196046,43.683409,0
                24.207264,43.685278,0
                24.214943,43.686054,0
                24.237097,43.689665,0
                24.240961,43.690465,0
                24.245414,43.690793,0
                24.256443,43.691115,0
                24.262319,43.691967,0
                24.266722,43.693232,0
                24.276136,43.694829,0
                24.283665,43.69629,0
                24.289442,43.697408,0
                24.291471,43.698126,0
                24.301968,43.699587,0
                24.302183,43.699601,0
                24.311945,43.700542,0
                24.317519,43.699763,0
                24.321722,43.698739,0
                24.332117,43.696662,0
                24.337737,43.695963,0
                24.342264,43.696213,0
                24.352446,43.698529,0
                24.35912,43.701659,0
                24.362755,43.703459,0
                24.367577,43.705794,0
                24.375694,43.710035,0
                24.380418,43.714017,0
                24.382691,43.717537,0
                24.38347,43.720017,0
                24.388697,43.722735,0
                24.393249,43.724438,0
                24.394992,43.725685,0
                24.395175,43.72734,0
                24.397119,43.728833,0
                24.401133,43.732184,0
                24.404044,43.734489,0
                24.406843,43.736078,0
                24.410321,43.737357,0
                24.413422,43.738058,0
                24.417786,43.739275,0
                24.426424,43.740789,0
                24.435993,43.742844,0
                24.439948,43.742975,0
                24.443109,43.743881,0
                24.447498,43.744236,0
                24.46036,43.745752,0
                24.466986,43.747506,0
                24.478661,43.752596,0
                24.493935,43.76059,0
                24.499793,43.762527,0
                24.506409,43.762746,0
                24.513001,43.763041,0
                24.517346,43.763036,0
                24.519054,43.763299,0
                24.525551,43.762428,0
                24.533224,43.760783,0
                24.539994,43.760277,0
                24.543495,43.759831,0
                24.5487,43.758537,0
                24.563016,43.75568,0
                24.566228,43.755928,0
                24.56914,43.755668,0
                24.577293,43.753905,0
                24.587588,43.75255,0
                24.591023,43.751658,0
                24.594493,43.749912,0
                24.599507,43.748223,0
                24.607214,43.746747,0
                24.610945,43.746201,0
                24.614386,43.745671,0
                24.616894,43.745016,0
                24.620829,43.743231,0
                24.625026,43.74228,0
                24.630199,43.739688,0
                24.635368,43.736241,0
                24.640637,43.734468,0
                24.652622,43.72647,0
                24.656432,43.724528,0
                24.660665,43.721706,0
                24.666287,43.719327,0
                24.671107,43.715301,0
                24.676526,43.711289,0
                24.678561,43.709414,0
                24.681698,43.706918,0
                24.691332,43.700862,0
                24.69378,43.699443,0
                24.70215,43.695385,0
                24.709843,43.691048,0
                24.713645,43.689624,0
                24.721099,43.686906,0
                24.725754,43.685618,0
                24.729136,43.685193,0
                24.732293,43.685114,0
                24.736443,43.684759,0
                24.740319,43.684705,0
                24.747636,43.684599,0
                24.748628,43.686553,0
                24.754994,43.688226,0
                24.761853,43.69051,0
                24.773069,43.694531,0
                24.785414,43.700751,0
                24.790892,43.703081,0
                24.799086,43.707534,0
                24.807632,43.710401,0
                24.819667,43.712668,0
                24.829197,43.712992,0
                24.837261,43.711635,0
                24.842985,43.710238,0
                24.854922,43.706908,0
                24.863719,43.705988,0
                24.87155,43.706282,0
                24.88361,43.7074,0
                24.895203,43.710166,0
                24.902501,43.711545,0
                24.908516,43.713338,0
                24.91179,43.714884,0
                24.918592,43.717313,0
                24.931836,43.724472,0
                24.933731,43.725698,0
                24.94086,43.727835,0
                24.958136,43.730222,0
                24.964639,43.730351,0
                24.969379,43.729026,0
                24.975921,43.729224,0
                24.986912,43.728398,0
                24.992152,43.727107,0
                24.99883,43.726799,0
                25.000917,43.726455,0
                25.007504,43.723303,0
                25.011295,43.720393,0
                25.013329,43.718161,0
                25.014507,43.716717,0
                25.018526,43.712772,0
                25.025178,43.708711,0
                25.037688,43.701647,0
                25.045669,43.696404,0
                25.05117,43.693929,0
                25.058349,43.691411,0
                25.065399,43.690261,0
                25.078347,43.688676,0
                25.088539,43.685875,0
                25.096929,43.684834,0
                25.105915,43.684534,0
                25.114919,43.685921,0
                25.12025,43.687673,0
                25.12436,43.688314,0
                25.130236,43.690156,0
                25.135582,43.692306,0
                25.141577,43.695216,0
                25.148459,43.69844,0
                25.154871,43.700936,0
                25.163325,43.70297,0
                25.169205,43.702914,0
                25.17765,43.70172,0
                25.183005,43.700522,0
                25.194147,43.695431,0
                25.201506,43.693191,0
                25.212947,43.690576,0
                25.220929,43.688097,0
                25.248415,43.684041,0
                25.276227,43.666182,0
                25.278953,43.664065,0
                25.288217,43.656635,0
                25.300072,43.652129,0
                25.30751,43.650164,0
                25.314272,43.64803,0
                25.321749,43.644414,0
                25.326574,43.64138,0
                25.341308,43.631552,0
                25.347295,43.628874,0
                25.364977,43.623589,0
                25.370471,43.622759,0
                25.386688,43.619156,0
                25.392521,43.61862,0
                25.401552,43.618979,0
                25.417456,43.621399,0
                25.422815,43.622599,0
                25.436402,43.625739,0
                25.450568,43.629377,0
                25.455093,43.631147,0
                25.466683,43.637085,0
                25.490252,43.643815,0
                25.498495,43.644304,0
                25.503492,43.645946,0
                25.510654,43.646628,0
                25.521269,43.646335,0
                25.52709,43.645073,0
                25.536888,43.643636,0
                25.549791,43.643228,0
                25.563576,43.64503,0
                25.567902,43.647024,0
                25.576587,43.650083,0
                25.587084,43.656145,0
                25.61102,43.667643,0
                25.617314,43.670219,0
                25.620374,43.670966,0
                25.621525,43.671638,0
                25.632945,43.674394,0
                25.642437,43.678714,0
                25.646629,43.680517,0
                25.65896,43.684998,0
                25.660714,43.685758,0
                25.672013,43.689315,0
                25.682734,43.690607,0
                25.692024,43.690961,0
                25.700126,43.690764,0
                25.705804,43.691312,0
                25.711791,43.690983,0
                25.723957,43.690629,0
                25.73742,43.694097,0
                25.751254,43.699266,0
                25.755776,43.700737,0
                25.760283,43.702285,0
                25.76045,43.702298,0
                25.769719,43.706397,0
                25.7761,43.70898,0
                25.784057,43.713754,0
                25.789576,43.718119,0
                25.793422,43.723032,0
                25.796709,43.72927,0
                25.802471,43.736966,0
                25.810388,43.743488,0
                25.815917,43.746778,0
                25.821391,43.749463,0
                25.8419,43.755924,0
                25.851851,43.759019,0
                25.864302,43.766934,0
                25.875255,43.774956,0
                25.879293,43.779132,0
                25.887793,43.792933,0
                25.892546,43.799395,0
                25.900579,43.806149,0
                25.907357,43.812593,0
                25.912748,43.819317,0
                25.916418,43.82499,0
                25.918628,43.827068,0
                25.920622,43.829964,0
                25.921295,43.831724,0
                25.923134,43.833344,0
                25.924361,43.83546,0
                25.92719,43.838746,0
                25.932885,43.841981,0
                25.947726,43.855941,0
                25.954311,43.860482,0
                25.958809,43.862974,0
                25.963717,43.865179,0
                25.969218,43.866898,0
                25.975927,43.870283,0
                25.991733,43.88005,0
                25.996244,43.882252,0
                25.998343,43.883075,0
                25.999785,43.884176,0
                26.010985,43.888527,0
                26.017344,43.891283,0
                26.029649,43.896206,0
                26.034824,43.897596,0
                26.039587,43.89916,0
                26.045696,43.902556,0
                26.050529,43.904312,0
                26.055624,43.907166,0
                26.060679,43.910847,0
                26.07152,43.926224,0
                26.075701,43.93436,0
                26.079346,43.943004,0
                26.090338,43.954344,0
                26.09686,43.960366,0
                26.105716,43.967954,0
                26.110168,43.969799,0
                26.120572,43.973421,0
                26.130284,43.97783,0
                26.136391,43.981327,0
                26.143982,43.983219,0
                26.146476,43.983576,0
                26.160333,43.986582,0
                26.166443,43.986772,0
                26.176716,43.986796,0
                26.18565,43.985417,0
                26.193362,43.985042,0
                26.198722,43.985375,0
                26.203973,43.986838,0
                26.229783,43.995741,0
                26.232891,43.997573,0
                26.234611,43.998875,0
                26.249042,44.002366,0
                26.268318,44.008704,0
                26.282305,44.01409,0
                26.287041,44.017982,0
                26.294764,44.020991,0
                26.302199,44.023994,0
                26.31048,44.026826,0
                26.315138,44.029243,0
                26.323738,44.030979,0
                26.339497,44.033603,0
                26.347628,44.035361,0
                26.351629,44.036567,0
                26.357222,44.03729,0
                26.363224,44.036689,0
                26.369427,44.037078,0
                26.374072,44.037957,0
                26.385698,44.039364,0
                26.391038,44.040459,0
                26.398298,44.040966,0
                26.403843,44.040084,0
                26.416285,44.036923,0
                26.425412,44.035868,0
                26.431961,44.035794,0
                26.437683,44.036831,0
                26.442985,44.039377,0
                26.455322,44.039005,0
                26.464196,44.039305,0
                26.473759,44.04075,0
                26.481785,44.042405,0
                26.484879,44.043856,0
                26.490554,44.045298,0
                26.495362,44.045738,0
                26.507466,44.050381,0
                26.514774,44.052473,0
                26.544853,44.056588,0
                26.557121,44.057743,0
                26.582845,44.054104,0
                26.586436,44.053393,0
                26.596918,44.052305,0
                26.601403,44.052474,0
                26.617181,44.056906,0
                26.63119,44.059186,0
                26.641468,44.060668,0
                26.646558,44.060515,0
                26.657487,44.062164,0
                26.665712,44.064508,0
                26.678301,44.070243,0
                26.693493,44.074784,0
                26.715052,44.078218,0
                26.725057,44.076796,0
                26.740189,44.075578,0
                26.766392,44.079217,0
                26.771837,44.080464,0
                26.776937,44.082172,0
                26.784616,44.085728,0
                26.787911,44.087922,0
                26.813848,44.098372,0
                26.820211,44.101673,0
                26.827512,44.104271,0
                26.836269,44.109603,0
                26.848893,44.114074,0
                26.854241,44.115593,0
                26.859858,44.117786,0
                26.864754,44.11913,0
                26.871164,44.120318,0
                26.876703,44.12177,0
                26.888341,44.126058,0
                26.892094,44.127659,0
                26.900562,44.132078,0
                26.913735,44.133898,0
                26.917534,44.133802,0
                26.928784,44.132453,0
                26.93177,44.133392,0
                26.95046,44.133822,0
                26.96727,44.134683,0
                26.972916,44.134595,0
                26.98103,44.134022,0
                26.988669,44.13387,0
                26.995284,44.134213,0
                26.998355,44.135318,0
                27.00529,44.136776,0
                27.00964,44.138257,0
                27.013338,44.139356,0
                27.016786,44.140244,0
                27.025788,44.142008,0
                27.044616,44.143484,0
                27.061795,44.147018,0
                27.075486,44.146254,0
                27.082789,44.142807,0
                27.098278,44.137364,0
                27.111969,44.138472,0
                27.115262,44.139183,0
                27.130284,44.139372,0
                27.139124,44.138189,0
                27.165568,44.129482,0
                27.169197,44.127912,0
                27.174509,44.124649,0
                27.181212,44.120497,0
                27.193789,44.118642,0
                27.211545,44.117099,0
                27.216505,44.116338,0
                27.230091,44.115638,0
                27.239346,44.116227,0
                27.254174,44.121509,0
                27.25508,44.122914,0
                27.264866,44.126517,0
                27.270844,44.126715,0
                27.277386,44.122101,0
                27.276303,44.12022,0
                27.275627,44.116909,0
                27.275942,44.116199,0
                27.294558,44.11424,0
                27.308354,44.112324,0
                27.326696,44.109606,0
                27.342841,44.106997,0
                27.359824,44.104668,0
                27.374798,44.102544,0
                27.388444,44.100024,0
                27.404114,44.097082,0
                27.417388,44.094934,0
                27.427114,44.093896,0
                27.436988,44.093212,0
                27.443366,44.093071,0
                27.445322,44.0932,0
                27.449235,44.093459,0
                27.46208,44.095519,0
                27.47264,44.097229,0
                27.484328,44.099135,0
                27.495764,44.100927,0
                27.513893,44.103594,0
                27.530503,44.106703,0
                27.542007,44.108771,0
                27.552702,44.11117,0
                27.557441,44.112337,0
                27.567638,44.115481,0
                27.577489,44.118327,0
                27.588152,44.121621,0
                27.595123,44.123833,0
                27.598921,44.125088,0
                27.611077,44.128846,0
                27.627226,44.134091,0
                27.644415,44.13981,0
                27.661364,44.14517,0
                27.682258,44.151319,0
                27.691956,44.154397,0
                27.705452,44.15854,0
                27.713525,44.160964,0
                27.72476,44.164856,0
                27.731889,44.167321,0
                27.745345,44.172399,0
                27.751503,44.174738,0
                27.760351,44.177732,0
                27.765931,44.179479,0
                27.77721,44.182628,0
                27.787455,44.185008,0
                27.796705,44.186999,0
                27.808105,44.18929,0
                27.816555,44.19091,0
                27.822655,44.19213,0
                27.832151,44.193482,0
                27.843071,44.195184,0
                27.853663,44.197006,0
                27.863928,44.198655,0
                27.867423,44.19911,0
                27.874204,44.20038,0
                27.881001,44.201719,0
                27.8867,44.20299,0
                27.892116,44.204358,0
                27.895602,44.205245,0
                27.904304,44.207985,0
                27.908748,44.209565,0
                27.917002,44.212872,0
                27.922452,44.215214,0
                27.929786,44.218261,0
                27.938235,44.221924,0
                27.942494,44.22399,0
                27.948806,44.226843,0
                27.958454,44.231165,0
                27.967803,44.235341,0
                27.975822,44.238925,0
                27.987271,44.243665,0
                28.000794,44.251091,0
                28.01253,44.258371,0
                28.024199,44.265878,0
                28.037138,44.274043,0
                28.050795,44.282241,0
                28.056997,44.286097,0
                28.067991,44.293498,0
                28.075166,44.299556,0
                28.079535,44.304285,0
                28.083988,44.310893,0
                28.085347,44.313003,0
                28.087186,44.317369,0
                28.090901,44.327263,0
                28.091946,44.330392,0
                28.094981,44.336826,0
                28.099351,44.345517,0
                28.105104,44.356528,0
                28.107743,44.361864,0
                28.110008,44.366056,0
                28.11237,44.372146,0
                28.113007,44.375483,0
                28.113559,44.380537,0
                28.113602,44.387188,0
                28.113313,44.399964,0
                28.112954,44.411514,0
                28.112739,44.42078,0
                28.112596,44.433337,0
                28.112544,44.442005,0
                28.112591,44.446279,0
                28.112276,44.453645,0
                28.112121,44.458016,0
                28.111554,44.461864,0
                28.110349,44.464181,0
                28.105423,44.470645,0
                28.097348,44.480782,0
                28.090675,44.490569,0
                28.084204,44.501206,0
                28.079365,44.510147,0
                28.07623,44.516225,0
                28.072501,44.52478,0
                28.070507,44.529835,0
                28.068346,44.536977,0
                28.066268,44.543872,0
                28.063834,44.551468,0
                28.061304,44.560063,0
                28.059081,44.567349,0
                28.057566,44.571765,0
                28.05518,44.578403,0
                28.052844,44.583459,0
                28.050298,44.58864,0
                28.047554,44.59304,0
                28.044947,44.596362,0
                28.041222,44.600915,0
                28.03496,44.608244,0
                28.029364,44.614993,0
                28.019891,44.626478,0
                28.015069,44.63175,0
                28.007369,44.640318,0
                28.003139,44.645406,0
                27.999758,44.650087,0
                27.994351,44.658418,0
                27.992651,44.662549,0
                27.991379,44.66689,0
                27.990757,44.670302,0
                27.990758,44.671589,0
                27.992242,44.67851,0
                27.994467,44.688723,0
                27.996244,44.696595,0
                27.997597,44.702946,0
                27.998898,44.710593,0
                28.000273,44.717856,0
                28.001324,44.720726,0
                28.003241,44.723847,0
                28.005216,44.726296,0
                28.00715,44.728265,0
                28.008273,44.728948,0
                28.041542,44.754184,0
                28.044875,44.75661,0
                28.052938,44.762317,0
                28.065249,44.771659,0
                28.084207,44.786124,0
                28.092814,44.79265,0
                28.097557,44.797178,0
                28.104371,44.804384,0
                28.111083,44.812429,0
                28.119072,44.822309,0
                28.125826,44.830523,0
                28.134073,44.840503,0
                28.14175,44.850701,0
                28.145927,44.856212,0
                28.152866,44.864897,0
                28.160888,44.876604,0
                28.167655,44.8879,0
                28.175553,44.901562,0
                28.181636,44.912486,0
                28.188889,44.925019,0
                28.192056,44.930561,0
                28.193474,44.933711,0
                28.194429,44.937873,0
                28.196378,44.947548,0
                28.198747,44.958262,0
                28.200523,44.968857,0
                28.202301,44.977984,0
                28.20469,44.990623,0
                28.207133,45.000999,0
                28.207607,45.003473,0
                28.209034,45.012709,0
                28.209459,45.016792,0
                28.209655,45.021223,0
                28.209587,45.025503,0
                28.209114,45.029749,0
                28.208571,45.034006,0
                28.207693,45.039876,0
                28.206572,45.047306,0
                28.205494,45.053244,0
                28.205042,45.056913,0
                28.204301,45.05956,0
                28.204017,45.06227,0
                28.203562,45.065128,0
                28.203293,45.068167,0
                28.202991,45.071024,0
                28.202909,45.075099,0
                28.202811,45.079257,0
                28.202677,45.08455,0
                28.202429,45.090495,0
                28.202376,45.095453,0
                28.202038,45.099868,0
                28.201173,45.105792,0
                28.200951,45.108207,0
                28.200365,45.111201,0
                28.200165,45.114202,0
                28.200146,45.118093,0
                28.200113,45.121495,0
                28.200279,45.126868,0
                28.200317,45.133698,0
                28.200271,45.137674,0
                28.200087,45.14073,0
                28.199919,45.143631,0
                28.199223,45.145887,0
                28.196542,45.15084,0
                28.191755,45.159773,0
                28.187911,45.168109,0
                28.18445,45.176018,0
                28.180084,45.186164,0
                28.173461,45.199307,0
                28.168595,45.207256,0
                28.164372,45.215693,0
                28.163793,45.218392,0
                28.16284,45.224649,0
                28.162277,45.230007,0
                28.16113,45.239158,0
                28.160032,45.247067,0
                28.15895,45.256556,0
                28.157692,45.266002,0
                28.156397,45.277752,0
                28.156597,45.279974,0
                28.157538,45.284306,0
                28.159432,45.287948,0
                28.162746,45.292902,0
                28.168797,45.302121,0
                28.174977,45.311652,0
                28.182281,45.323432,0
                28.191003,45.337369,0
                28.192999,45.341524,0
                28.195319,45.346092,0
                28.197075,45.35055,0
                28.199422,45.356364,0
                28.206914,45.37441,0
                28.210792,45.38373,0
                28.213669,45.390904,0
                28.217446,45.399469,0
                28.21804,45.40184,0
                28.218633,45.404716,0
                28.220098,45.418825,0
                28.221557,45.433178,0
                28.222837,45.445348,0
                28.223003,45.451918,0
                28.223034,45.458924,0
                28.222993,45.46545,0
                28.219507,45.46616,0
                28.211357,45.466992,0
                28.207406,45.468851,0
                28.203026,45.4703,0
                28.196366,45.471356,0
                28.18745,45.473409,0
                28.185281,45.474914,0
                28.183621,45.480545,0
                28.182625,45.482044,0
                28.179727,45.483644,0
                28.178172,45.485773,0
                28.177073,45.492564,0
                28.176462,45.494463,0
                28.173268,45.500367,0
                28.171385,45.501549,0
                28.169848,45.501554,0
                28.167392,45.500854,0
                28.164186,45.500519,0
                28.162772,45.50057,0
                28.162379,45.501007,0
                28.164292,45.506718,0
                28.164239,45.508112,0
                28.163357,45.508589,0
                28.161754,45.508834,0
                28.157154,45.509088,0
                28.155519,45.509398,0
                28.154299,45.510087,0
                28.154548,45.510712,0
                28.155582,45.511197,0
                28.159477,45.511047,0
                28.161099,45.511215,0
                28.161861,45.511522,0
                28.166599,45.519616,0
                28.166392,45.52057,0
                28.165373,45.521301,0
                28.163308,45.521781,0
                28.160994,45.522339,0
                28.159261,45.52307,0
                28.158179,45.523491,0
                28.157509,45.524135,0
                28.157095,45.524838,0
                28.157543,45.525499,0
                28.159345,45.525542,0
                28.162115,45.525376,0
                28.164107,45.524342,0
                28.165054,45.524237,0
                28.165622,45.524861,0
                28.166539,45.528298,0
                28.166114,45.529632,0
                28.16514,45.530942,0
                28.164218,45.531992,0
                28.163167,45.53289,0
                28.162284,45.533322,0
                28.162066,45.533733,0
                28.163844,45.534792,0
                28.165185,45.535896,0
                28.165789,45.536874,0
                28.165957,45.538816,0
                28.166063,45.540179,0
                28.165681,45.544298,0
                28.1654,45.545863,0
                28.164431,45.546307,0
                28.162766,45.546551,0
                28.161425,45.546903,0
                28.160807,45.547431,0
                28.159173,45.550415,0
                28.157758,45.552035,0
                28.155907,45.553917,0
                28.155317,45.554764,0
                28.155348,45.554951,0
                28.155386,45.555015,0
                28.156212,45.556981,0
                28.157093,45.558086,0
                28.15884,45.559863,0
                28.159212,45.560726,0
                28.158473,45.56118,0
                28.157371,45.56143,0
                28.155749,45.561266,0
                28.153952,45.56109,0
                28.151977,45.560934,0
                28.150732,45.561033,0
                28.149239,45.561778,0
                28.148763,45.562487,0
                28.148919,45.563381,0
                28.149656,45.563909,0
                28.15248,45.564475,0
                28.154612,45.565033,0
                28.155466,45.565712,0
                28.155459,45.565867,0
                28.157178,45.57079,0
                28.157123,45.574563,0
                28.15664,45.575545,0
                28.154829,45.575122,0
                28.153396,45.57391,0
                28.151114,45.571391,0
                28.149674,45.569209,0
                28.147939,45.567104,0
                28.146704,45.566326,0
                28.144903,45.566731,0
                28.143979,45.567832,0
                28.143519,45.569927,0
                28.140833,45.576554,0
                28.13925,45.577481,0
                28.137291,45.577806,0
                28.136071,45.577381,0
                28.134905,45.576934,0
                28.134731,45.576178,0
                28.135661,45.573177,0
                28.135208,45.572133,0
                28.134764,45.571322,0
                28.133578,45.571122,0
                28.133109,45.57156,0
                28.132567,45.572124,0
                28.132467,45.574531,0
                28.13222,45.575083,0
                28.131389,45.575295,0
                28.130127,45.574825,0
                28.127936,45.572155,0
                28.127043,45.571465,0
                28.126328,45.571421,0
                28.125871,45.572024,0
                28.125863,45.573699,0
                28.125314,45.574098,0
                28.124742,45.573797,0
                28.124123,45.573202,0
                28.123289,45.572924,0
                28.122549,45.572509,0
                28.121771,45.572493,0
                28.120638,45.57299,0
                28.118124,45.575468,0
                28.111768,45.579043,0
                28.102003,45.584299,0
                28.090447,45.590747,0
                28.079826,45.596811,0
                28.07131,45.601706,0
                28.061247,45.607072,0
                28.046151,45.615747,0
                28.033458,45.623259,0
                28.019676,45.631661,0
                28.006789,45.639138,0
                27.995771,45.645264,0
                27.982704,45.651825,0
                27.973651,45.656572,0
                27.964403,45.661818,0
                27.960958,45.66381,0
                27.956718,45.667004,0
                27.953457,45.67004,0
                27.94913,45.674453,0
                27.942827,45.681359,0
                27.936232,45.688339,0
                27.929935,45.694779,0
                27.919741,45.70562,0
                27.907803,45.718074,0
                27.898781,45.727989,0
                27.890768,45.737264,0
                27.885837,45.742392,0
                27.884258,45.744165,0
                27.8822,45.746668,0
                27.881144,45.747884,0
                27.878659,45.750425,0
                27.874904,45.754949,0
                27.871918,45.759243,0
                27.869838,45.762354,0
                27.867844,45.766601,0
                27.866813,45.769839,0
                27.865916,45.772641,0
                27.861317,45.787169,0
                27.857795,45.798078,0
                27.854364,45.808076,0
                27.852236,45.815837,0
                27.851075,45.819952,0
                27.848292,45.828719,0
                27.845485,45.838238,0
                27.841987,45.847456,0
                27.838238,45.856966,0
                27.834537,45.8666,0
                27.832779,45.870907,0
                27.830747,45.878084,0
                27.830074,45.880691,0
                27.829726,45.883354,0
                27.829224,45.886426,0
                27.829033,45.889397,0
                27.828986,45.89427,0
                27.828988,45.904431,0
                27.829069,45.909961,0
                27.829321,45.920059,0
                27.829561,45.928879,0
                27.830024,45.935366,0
                27.830659,45.944041,0
                27.831141,45.953191,0
                27.831283,45.957015,0
                27.832101,45.967189,0
                27.83234,45.972697,0
                27.833174,45.981861,0
                27.834404,45.989235,0
                27.835204,45.996323,0
                27.835846,46.001632,0
                27.837388,46.010409,0
                27.839012,46.019008,0
                27.839708,46.022563,0
                27.841252,46.029779,0
                27.842365,46.034902,0
                27.844661,46.045603,0
                27.846356,46.054208,0
                27.847295,46.059349,0
                27.849371,46.071858,0
                27.850708,46.079655,0
                27.851693,46.08827,0
                27.85222,46.099118,0
                27.852493,46.107159,0
                27.852694,46.118541,0
                27.853105,46.130155,0
                27.853415,46.140898,0
                27.853356,46.151072,0
                27.853245,46.163239,0
                27.853133,46.175116,0
                27.853278,46.184045,0
                27.853158,46.193696,0
                27.852988,46.20288,0
                27.852824,46.211184,0
                27.852807,46.217226,0
                27.852668,46.220666,0
                27.852353,46.224781,0
                27.85213,46.227389,0
                27.850216,46.233831,0
                27.848092,46.240079,0
                27.845606,46.24727,0
                27.843529,46.252844,0
                27.841666,46.257627,0
                27.840322,46.262496,0
                27.839227,46.266071,0
                27.837181,46.271238,0
                27.834912,46.277136,0
                27.831545,46.286368,0
                27.830436,46.290049,0
                27.829622,46.292092,0
                27.827641,46.296036,0
                27.826401,46.298255,0
                27.822101,46.302574,0
                27.81944,46.30519,0
                27.81642,46.308022,0
                27.809378,46.314625,0
                27.801542,46.3216,0
                27.797499,46.32512,0
                27.788863,46.332693,0
                27.780763,46.339541,0
                27.772844,46.345802,0
                27.765759,46.351294,0
                27.75571,46.358981,0
                27.744787,46.366857,0
                27.734896,46.373336,0
                27.726726,46.379201,0
                27.712582,46.386899,0
                27.704601,46.391316,0
                27.695473,46.395457,0
                27.685535,46.400016,0
                27.67678,46.404074,0
                27.65038,46.414975,0
                27.640596,46.418211,0
                27.626316,46.421877,0
                27.613114,46.424912,0
                27.597378,46.428642,0
                27.583969,46.430903,0
                27.577495,46.432129,0
                27.570089,46.433594,0
                27.544064,46.438992,0
                27.53149,46.44062,0
                27.516441,46.443081,0
                27.504943,46.444279,0
                27.489906,46.445431,0
                27.477452,46.447045,0
                27.467168,46.447935,0
                27.458685,46.447875,0
                27.453687,46.447572,0
                27.447673,46.447099,0
                27.436803,46.446094,0
                27.428875,46.444778,0
                27.419727,46.443121,0
                27.412091,46.44183,0
                27.404326,46.440668,0
                27.394515,46.439393,0
                27.387308,46.438393,0
                27.376078,46.436544,0
                27.364323,46.434242,0
                27.35097,46.431491,0
                27.337543,46.42872,0
                27.326605,46.426252,0
                27.316794,46.424216,0
                27.304083,46.421305,0
                27.292952,46.418076,0
                27.284914,46.415951,0
                27.277753,46.413723,0
                27.269775,46.410638,0
                27.260337,46.40593,0
                27.250193,46.400386,0
                27.239135,46.393824,0
                27.230516,46.388718,0
                27.220496,46.382671,0
                27.207705,46.375239,0
                27.199779,46.370537,0
                27.190883,46.365012,0
                27.183447,46.360347,0
                27.175232,46.355056,0
                27.164856,46.348483,0
                27.156863,46.343139,0
                27.145298,46.335683,0
                27.13066,46.326736,0
                27.119307,46.319257,0
                27.104052,46.30884,0
                27.088609,46.298367,0
                27.081348,46.293197,0
                27.071913,46.287058,0
                27.063157,46.28115,0
                27.05288,46.274282,0
                27.044362,46.268782,0
                27.033367,46.262171,0
                27.024332,46.257082,0
                27.018089,46.25378,0
                27.00705,46.248044,0
                26.999753,46.244334,0
                26.994459,46.241694,0
                26.989343,46.239163,0
                26.981919,46.235549,0
                26.969574,46.23,0
                26.960726,46.226515,0
                26.953244,46.223663,0
                26.94351,46.220134,0
                26.929565,46.215431,0
                26.924702,46.213807,0
                26.911689,46.209308,0
                26.902252,46.206013,0
                26.892328,46.202515,0
                26.87622,46.197735,0
                26.86755,46.195645,0
                26.861502,46.194322,0
                26.859008,46.193781,0
                26.847799,46.192028,0
                26.84107,46.190898,0
                26.834903,46.189813,0
                26.812106,46.186554,0
                26.80131,46.184949,0
                26.78712,46.182703,0
                26.767769,46.179308,0
                26.749112,46.176209,0
                26.721489,46.171735,0
                26.699421,46.16792,0
                26.676925,46.164205,0
                26.656452,46.160558,0
                26.643026,46.157973,0
                26.62805,46.154937,0
                26.61393,46.151673,0
                26.598121,46.147948,0
                26.591801,46.146391,0
                26.584183,46.144533,0
                26.570897,46.141474,0
                26.552858,46.13755,0
                26.541881,46.135138,0
                26.527577,46.131818,0
                26.512942,46.128597,0
                26.498867,46.125407,0
                26.48433,46.122181,0
                26.47411,46.120047,0
                26.463392,46.117549,0
                26.455376,46.115313,0
                26.451396,46.114161,0
                26.43852,46.11121,0
                26.426289,46.107164,0
                26.407369,46.101227,0
                26.391061,46.09538,0
                26.377558,46.090594,0
                26.373248,46.089094,0
                26.366049,46.086753,0
                26.352504,46.082358,0
                26.340993,46.078606,0
                26.324155,46.073094,0
                26.309314,46.068311,0
                26.295628,46.063997,0
                26.28314,46.060017,0
                26.264495,46.054065,0
                26.245917,46.047847,0
                26.228287,46.041699,0
                26.214002,46.036866,0
                26.202546,46.032937,0
                26.19276,46.029684,0
                26.186856,46.02764,0
                26.173509,46.023618,0
                26.15916,46.01914,0
                26.143827,46.014328,0
                26.132892,46.010795,0
                26.121984,46.007062,0
                26.11251,46.003582,0
                26.098156,45.998172,0
                26.079305,45.990053,0
                26.063602,45.982635,0
                26.050666,45.975968,0
                26.030124,45.963225,0
                26.021632,45.957581,0
                26.011124,45.949968,0
                25.99855,45.940614,0
                25.990188,45.934046,0
                25.973487,45.920302,0
                25.966816,45.914719,0
                25.955332,45.90447,0
                25.948427,45.898681,0
                25.937496,45.889111,0
                25.928521,45.881323,0
                25.914369,45.86892,0
                25.904892,45.860775,0
                25.897395,45.85443,0
                25.888326,45.84644,0
                25.878858,45.837948,0
                25.865939,45.826597,0
                25.856888,45.818258,0
                25.844846,45.807573,0
                25.841579,45.805001,0
                25.837678,45.801395,0
                25.833131,45.797225,0
                25.830515,45.794397,0
                25.827626,45.790644,0
                25.823282,45.784355,0
                25.817456,45.775563,0
                25.813118,45.769002,0
                25.805162,45.757571,0
                25.80089,45.751448,0
                25.795438,45.743985,0
                25.788008,45.733682,0
                25.779789,45.722792,0
                25.768037,45.706708,0
                25.762885,45.699776,0
                25.753746,45.687271,0
                25.744934,45.675003,0
                25.737966,45.664915,0
                25.733784,45.658827,0
                25.728793,45.649473,0
                25.728145,45.648406,0
                25.724825,45.640021,0
                25.72058,45.629774,0
                25.716731,45.620931,0
                25.713915,45.614085,0
                25.709847,45.606145,0
                25.707601,45.60184,0
                25.703651,45.593886,0
                25.701655,45.590089,0
                25.7207976,45.5851788,0
              </coordinates>
            </LinearRing>
          </outerBoundaryIs>
          <innerBoundaryIs>
            <LinearRing>
              <tessellate>1</tessellate>
              <coordinates>
                25.861736,45.548902,0
                25.859898,45.544388,0
                25.857382,45.536094,0
                25.854485,45.526504,0
                25.85341,45.522407,0
                25.851594,45.516742,0
                25.848678,45.506984,0
                25.845881,45.496569,0
                25.844415,45.491019,0
                25.842507,45.481983,0
                25.840142,45.469323,0
                25.838846,45.461273,0
                25.838271,45.45739,0
                25.836866,45.446445,0
                25.835711,45.435337,0
                25.835609,45.427997,0
                25.835441,45.423357,0
                25.836509,45.410245,0
                25.837382,45.398844,0
                25.837839,45.393659,0
                25.838005,45.390527,0
                25.838595,45.379312,0
                25.839999,45.363544,0
                25.840467,45.360828,0
                25.841957,45.355422,0
                25.843817,45.35014,0
                25.849025,45.335994,0
                25.850517,45.331491,0
                25.852592,45.32579,0
                25.85739,45.312812,0
                25.859755,45.305853,0
                25.862484,45.297864,0
                25.867994,45.282898,0
                25.874907,45.265171,0
                25.877649,45.259013,0
                25.884602,45.24315,0
                25.894167,45.221572,0
                25.905824,45.201077,0
                25.913452,45.187108,0
                25.921486,45.172154,0
                25.927787,45.160079,0
                25.930825,45.153166,0
                25.934348,45.144548,0
                25.943656,45.118284,0
                25.950628,45.097607,0
                25.954708,45.084818,0
                25.957976,45.069446,0
                25.961648,45.050791,0
                25.964069,45.036678,0
                25.964277,45.033645,0
                25.965025,45.019306,0
                25.965452,45.005454,0
                25.965948,44.986922,0
                25.966313,44.97047,0
                25.966381,44.958026,0
                25.966122,44.944859,0
                25.965442,44.939732,0
                25.962894,44.925455,0
                25.960582,44.91089,0
                25.958835,44.90108,0
                25.956508,44.889194,0
                25.955463,44.881962,0
                25.953294,44.867585,0
                25.952193,44.860097,0
                25.950526,44.849605,0
                25.948696,44.837743,0
                25.945795,44.827836,0
                25.94032,44.815862,0
                25.935613,44.806249,0
                25.930175,44.795894,0
                25.923699,44.784728,0
                25.917068,44.775982,0
                25.913501,44.771529,0
                25.905505,44.761783,0
                25.898599,44.753481,0
                25.889591,44.742507,0
                25.884137,44.737373,0
                25.875563,44.731116,0
                25.868621,44.727134,0
                25.855305,44.719551,0
                25.840914,44.711216,0
                25.823432,44.701982,0
                25.798457,44.692647,0
                25.781662,44.686293,0
                25.773081,44.682617,0
                25.761041,44.676403,0
                25.750555,44.670651,0
                25.739687,44.664843,0
                25.723731,44.656353,0
                25.716021,44.652407,0
                25.704751,44.646406,0
                25.695193,44.641576,0
                25.683545,44.634734,0
                25.676769,44.630032,0
                25.671692,44.626256,0
                25.662412,44.619033,0
                25.652996,44.611464,0
                25.645711,44.604677,0
                25.637564,44.59693,0
                25.628608,44.588407,0
                25.618584,44.578771,0
                25.609969,44.570178,0
                25.601602,44.561303,0
                25.591105,44.55044,0
                25.581142,44.540128,0
                25.573765,44.532095,0
                25.565428,44.522971,0
                25.557033,44.513582,0
                25.549088,44.504924,0
                25.541922,44.497343,0
                25.534723,44.488898,0
                25.530364,44.482885,0
                25.526601,44.477721,0
                25.52451,44.474634,0
                25.521413,44.470124,0
                25.517018,44.463208,0
                25.513591,44.458041,0
                25.510246,44.452885,0
                25.505559,44.445207,0
                25.501806,44.438945,0
                25.498436,44.432845,0
                25.496157,44.428499,0
                25.494288,44.424622,0
                25.491482,44.417158,0
                25.490065,44.412648,0
                25.48704,44.403185,0
                25.485947,44.398828,0
                25.483621,44.389309,0
                25.481113,44.379341,0
                25.478386,44.368376,0
                25.476088,44.359077,0
                25.473635,44.34914,0
                25.473113,44.344696,0
                25.471923,44.332633,0
                25.471222,44.32242,0
                25.471106,44.319422,0
                25.470809,44.30828,0
                25.470244,44.298893,0
                25.47001,44.291277,0
                25.469757,44.284734,0
                25.46974,44.282752,0
                25.46982,44.274617,0
                25.470316,44.262165,0
                25.471052,44.25443,0
                25.473314,44.242132,0
                25.476059,44.228459,0
                25.477482,44.221546,0
                25.480639,44.210522,0
                25.483434,44.204393,0
                25.488741,44.197408,0
                25.495998,44.188739,0
                25.498259,44.186429,0
                25.507118,44.177054,0
                25.515771,44.16825,0
                25.523066,44.160889,0
                25.53206,44.152667,0
                25.540891,44.146034,0
                25.550295,44.140024,0
                25.553372,44.138466,0
                25.559406,44.135154,0
                25.562165,44.133743,0
                25.572069,44.128897,0
                25.59054,44.121776,0
                25.600629,44.118197,0
                25.608103,44.115926,0
                25.616872,44.113324,0
                25.624683,44.111388,0
                25.633191,44.109713,0
                25.642479,44.108526,0
                25.655131,44.10738,0
                25.66895,44.106273,0
                25.684002,44.104958,0
                25.699651,44.103642,0
                25.713057,44.102434,0
                25.726904,44.101336,0
                25.740388,44.100547,0
                25.754838,44.100332,0
                25.765103,44.100565,0
                25.777604,44.101315,0
                25.787591,44.101729,0
                25.800726,44.102472,0
                25.814697,44.103322,0
                25.83314,44.104752,0
                25.845656,44.105878,0
                25.85613,44.106857,0
                25.872097,44.108131,0
                25.888848,44.109465,0
                25.902669,44.110319,0
                25.915603,44.111211,0
                25.931812,44.111916,0
                25.943444,44.112567,0
                25.953709,44.113171,0
                25.967413,44.114178,0
                25.990121,44.115851,0
                26.020312,44.118205,0
                26.04337,44.120396,0
                26.072799,44.123672,0
                26.094839,44.126279,0
                26.111825,44.128565,0
                26.135153,44.131399,0
                26.160761,44.134118,0
                26.181374,44.137168,0
                26.194752,44.139649,0
                26.218927,44.144273,0
                26.237362,44.148023,0
                26.251049,44.150862,0
                26.267461,44.154304,0
                26.287444,44.158466,0
                26.303198,44.161924,0
                26.317822,44.165057,0
                26.329756,44.167642,0
                26.343549,44.170805,0
                26.356993,44.173962,0
                26.378178,44.178985,0
                26.399413,44.184279,0
                26.41548,44.188389,0
                26.434657,44.193274,0
                26.460611,44.199814,0
                26.480562,44.206178,0
                26.488528,44.2087,0
                26.49505,44.211221,0
                26.508892,44.216452,0
                26.517211,44.219364,0
                26.532529,44.224565,0
                26.547699,44.229666,0
                26.557858,44.2348,0
                26.569137,44.240346,0
                26.579275,44.245266,0
                26.596608,44.255503,0
                26.607587,44.261981,0
                26.616941,44.269488,0
                26.625548,44.276487,0
                26.636311,44.285147,0
                26.643435,44.291179,0
                26.652297,44.298639,0
                26.661214,44.30616,0
                26.670514,44.313975,0
                26.67449,44.318293,0
                26.682217,44.326227,0
                26.689516,44.334057,0
                26.699674,44.345005,0
                26.708061,44.354533,0
                26.713659,44.360847,0
                26.71934,44.367252,0
                26.725793,44.375973,0
                26.732465,44.385015,0
                26.738635,44.393158,0
                26.749323,44.404834,0
                26.756031,44.412144,0
                26.759884,44.416988,0
                26.76654,44.425209,0
                26.772839,44.432909,0
                26.780264,44.441759,0
                26.785227,44.447713,0
                26.789591,44.452951,0
                26.794256,44.458663,0
                26.796062,44.461322,0
                26.799058,44.466144,0
                26.801122,44.469409,0
                26.804456,44.474637,0
                26.809383,44.482592,0
                26.813083,44.489318,0
                26.815354,44.493638,0
                26.818702,44.499633,0
                26.82283,44.507076,0
                26.826309,44.5135,0
                26.828889,44.517746,0
                26.833758,44.525767,0
                26.83823,44.533183,0
                26.843829,44.542229,0
                26.847132,44.54754,0
                26.852282,44.555544,0
                26.857644,44.564326,0
                26.861465,44.570316,0
                26.86824,44.580491,0
                26.87278,44.587449,0
                26.877047,44.593264,0
                26.881703,44.599922,0
                26.884582,44.604023,0
                26.885765,44.60582,0
                26.889504,44.611965,0
                26.893289,44.618251,0
                26.898499,44.62698,0
                26.902337,44.6335,0
                26.907029,44.641279,0
                26.909834,44.645933,0
                26.912037,44.649674,0
                26.915711,44.655659,0
                26.916623,44.657204,0
                26.91987,44.663017,0
                26.923403,44.669413,0
                26.928743,44.678822,0
                26.932888,44.686273,0
                26.935196,44.690883,0
                26.937812,44.695704,0
                26.940776,44.701433,0
                26.94317,44.706121,0
                26.945848,44.711014,0
                26.948957,44.716703,0
                26.952246,44.722635,0
                26.956197,44.73015,0
                26.96071,44.738655,0
                26.96431,44.745543,0
                26.968315,44.752807,0
                26.972161,44.759765,0
                26.97547,44.765916,0
                26.976949,44.768732,0
                26.98105,44.776994,0
                26.983948,44.783203,0
                26.986866,44.789822,0
                26.989703,44.79609,0
                26.992601,44.802529,0
                26.996014,44.808828,0
                26.997801,44.811641,0
                27.001234,44.817465,0
                27.004336,44.822453,0
                27.005617,44.825356,0
                27.007625,44.829367,0
                27.010747,44.835176,0
                27.014096,44.841641,0
                27.017935,44.848842,0
                27.022147,44.856721,0
                27.02598,44.863428,0
                27.029947,44.870419,0
                27.034718,44.879137,0
                27.038764,44.886744,0
                27.04305,44.894535,0
                27.047511,44.902448,0
                27.053001,44.912245,0
                27.058128,44.920951,0
                27.061569,44.92715,0
                27.065313,44.933437,0
                27.06829,44.939885,0
                27.070106,44.944789,0
                27.072563,44.951233,0
                27.075939,44.961332,0
                27.078188,44.967716,0
                27.080531,44.974345,0
                27.083345,44.981771,0
                27.086381,44.989946,0
                27.089629,44.999351,0
                27.09327,45.008853,0
                27.09635,45.016576,0
                27.100072,45.025815,0
                27.103928,45.035243,0
                27.107636,45.044468,0
                27.11122,45.053273,0
                27.11408,45.06018,0
                27.117724,45.069531,0
                27.120839,45.078378,0
                27.124934,45.090558,0
                27.127775,45.099306,0
                27.131182,45.110506,0
                27.133927,45.119391,0
                27.136915,45.129161,0
                27.139674,45.13774,0
                27.142434,45.14611,0
                27.144629,45.1526,0
                27.146943,45.159423,0
                27.148988,45.164854,0
                27.15158,45.1715,0
                27.155121,45.180454,0
                27.157267,45.186214,0
                27.15954,45.192297,0
                27.160821,45.196042,0
                27.163268,45.203914,0
                27.165105,45.210371,0
                27.167218,45.218245,0
                27.16891,45.22519,0
                27.170863,45.233186,0
                27.173619,45.244482,0
                27.175312,45.251212,0
                27.177402,45.258845,0
                27.17963,45.266648,0
                27.18197,45.274808,0
                27.184054,45.282227,0
                27.185931,45.288684,0
                27.187294,45.293696,0
                27.188537,45.298175,0
                27.189673,45.302901,0
                27.190527,45.306047,0
                27.190666,45.307297,0
                27.191355,45.312067,0
                27.19189,45.317049,0
                27.192024,45.320773,0
                27.192193,45.328386,0
                27.192232,45.335677,0
                27.192274,45.34195,0
                27.192392,45.347164,0
                27.192344,45.350182,0
                27.192539,45.356515,0
                27.192619,45.359377,0
                27.192847,45.364444,0
                27.193054,45.369269,0
                27.193536,45.376362,0
                27.193923,45.382548,0
                27.19429,45.388947,0
                27.19453,45.393762,0
                27.19494,45.400295,0
                27.194919,45.403712,0
                27.194907,45.410664,0
                27.194699,45.415815,0
                27.194357,45.421879,0
                27.193845,45.426462,0
                27.192952,45.431302,0
                27.191506,45.436359,0
                27.189798,45.441659,0
                27.188107,45.447645,0
                27.186073,45.453993,0
                27.185065,45.458023,0
                27.183484,45.463799,0
                27.181846,45.47003,0
                27.179951,45.475631,0
                27.177699,45.481712,0
                27.175962,45.485912,0
                27.174729,45.488276,0
                27.171485,45.494817,0
                27.167613,45.502423,0
                27.164485,45.508927,0
                27.161606,45.51478,0
                27.158206,45.521599,0
                27.153981,45.529888,0
                27.151474,45.533278,0
                27.147061,45.538102,0
                27.143052,45.542521,0
                27.1369,45.548775,0
                27.131018,45.554804,0
                27.125093,45.560832,0
                27.119665,45.566552,0
                27.114292,45.572362,0
                27.109927,45.577242,0
                27.105529,45.581977,0
                27.101481,45.58641,0
                27.097018,45.590911,0
                27.092368,45.59525,0
                27.086938,45.600204,0
                27.082574,45.604066,0
                27.077314,45.608777,0
                27.072269,45.613494,0
                27.067181,45.618268,0
                27.06138,45.623536,0
                27.056949,45.627695,0
                27.053004,45.631306,0
                27.048516,45.635236,0
                27.043889,45.638654,0
                27.041563,45.639977,0
                27.035553,45.643604,0
                27.030681,45.646467,0
                27.024463,45.650164,0
                27.018398,45.653728,0
                27.011064,45.658195,0
                27.004148,45.662406,0
                26.998204,45.66609,0
                26.993498,45.668992,0
                26.987096,45.672679,0
                26.98227,45.675432,0
                26.976403,45.678841,0
                26.97061,45.682108,0
                26.964869,45.685388,0
                26.958898,45.688791,0
                26.955567,45.690653,0
                26.951546,45.69294,0
                26.947589,45.695055,0
                26.944411,45.696888,0
                26.939688,45.699347,0
                26.937498,45.700399,0
                26.932998,45.702548,0
                26.929114,45.704255,0
                26.924487,45.706268,0
                26.922178,45.707147,0
                26.91646,45.709345,0
                26.909669,45.712133,0
                26.904268,45.71441,0
                26.897751,45.71716,0
                26.891393,45.719707,0
                26.885044,45.722282,0
                26.878066,45.725134,0
                26.872284,45.727453,0
                26.866657,45.729673,0
                26.86053,45.732049,0
                26.855254,45.734204,0
                26.850426,45.735958,0
                26.846818,45.73727,0
                26.841443,45.739258,0
                26.83825,45.740409,0
                26.832761,45.74197,0
                26.828118,45.743357,0
                26.823405,45.744685,0
                26.818634,45.745917,0
                26.813029,45.747355,0
                26.808215,45.74857,0
                26.802287,45.750009,0
                26.797167,45.751214,0
                26.791633,45.752477,0
                26.787933,45.753414,0
                26.784262,45.754199,0
                26.780608,45.755091,0
                26.776712,45.756059,0
                26.772443,45.757048,0
                26.769927,45.75774,0
                26.766322,45.758741,0
                26.762451,45.759788,0
                26.758696,45.7609,0
                26.754524,45.762192,0
                26.750843,45.763309,0
                26.747605,45.764329,0
                26.742919,45.765767,0
                26.737897,45.76721,0
                26.733641,45.768478,0
                26.730075,45.769582,0
                26.725107,45.771018,0
                26.721199,45.772157,0
                26.713751,45.774113,0
                26.707074,45.775863,0
                26.701218,45.777496,0
                26.696993,45.778461,0
                26.691593,45.77987,0
                26.684466,45.781705,0
                26.677276,45.78354,0
                26.67282,45.784704,0
                26.665793,45.7865,0
                26.660241,45.787983,0
                26.654617,45.789522,0
                26.650352,45.790684,0
                26.647049,45.791374,0
                26.643182,45.792103,0
                26.638015,45.79299,0
                26.632475,45.793706,0
                26.627528,45.794234,0
                26.623232,45.794584,0
                26.617597,45.7949,0
                26.61009,45.795408,0
                26.603425,45.795803,0
                26.596782,45.796226,0
                26.592115,45.796469,0
                26.587085,45.796778,0
                26.581733,45.797044,0
                26.575969,45.797088,0
                26.571702,45.79705,0
                26.567771,45.797029,0
                26.56247,45.797105,0
                26.556808,45.797244,0
                26.550876,45.797441,0
                26.547451,45.797519,0
                26.541887,45.797661,0
                26.53725,45.797718,0
                26.532616,45.797783,0
                26.527355,45.797867,0
                26.520943,45.798091,0
                26.5165,45.798164,0
                26.511216,45.798144,0
                26.50686,45.798121,0
                26.502524,45.798268,0
                26.497979,45.798382,0
                26.491765,45.798588,0
                26.484394,45.798779,0
                26.477748,45.798953,0
                26.472571,45.799029,0
                26.467425,45.799124,0
                26.463293,45.799172,0
                26.458263,45.799221,0
                26.452463,45.799329,0
                26.446557,45.799032,0
                26.440533,45.798816,0
                26.434271,45.798605,0
                26.428504,45.798308,0
                26.421418,45.797917,0
                26.414673,45.797618,0
                26.410317,45.797398,0
                26.40336,45.797132,0
                26.396862,45.796876,0
                26.389586,45.796843,0
                26.384325,45.796813,0
                26.380877,45.796879,0
                26.375367,45.796845,0
                26.369157,45.796835,0
                26.365487,45.796804,0
                26.361388,45.796818,0
                26.358296,45.796752,0
                26.352455,45.796745,0
                26.345854,45.796724,0
                26.341534,45.796696,0
                26.336659,45.796619,0
                26.332027,45.796282,0
                26.326909,45.795792,0
                26.319853,45.794629,0
                26.313762,45.793399,0
                26.304353,45.791388,0
                26.294603,45.789301,0
                26.286597,45.78751,0
                26.279607,45.786184,0
                26.268689,45.784117,0
                26.25841,45.782118,0
                26.247181,45.77988,0
                26.239392,45.778274,0
                26.23007,45.77633,0
                26.221429,45.774363,0
                26.211601,45.772188,0
                26.200246,45.769763,0
                26.189526,45.767489,0
                26.180015,45.76548,0
                26.170685,45.763729,0
                26.158174,45.761331,0
                26.147839,45.758788,0
                26.13851,45.755892,0
                26.128643,45.752036,0
                26.118351,45.747801,0
                26.112528,45.745473,0
                26.104723,45.74226,0
                26.101423,45.740916,0
                26.089509,45.736611,0
                26.081028,45.733368,0
                26.074006,45.730738,0
                26.064724,45.727175,0
                26.053801,45.722848,0
                26.041043,45.718124,0
                26.033895,45.71474,0
                26.023925,45.709099,0
                26.014326,45.703293,0
                26.005623,45.697852,0
                25.996192,45.691853,0
                25.990739,45.688337,0
                25.985712,45.684944,0
                25.972908,45.675887,0
                25.960336,45.667202,0
                25.94729,45.658663,0
                25.9374,45.652412,0
                25.926652,45.644057,0
                25.921606,45.639075,0
                25.91796,45.634316,0
                25.915591,45.630655,0
                25.910696,45.623372,0
                25.903925,45.61306,0
                25.892133,45.594611,0
                25.882577,45.57989,0
                25.870644,45.562654,0
                25.864235,45.553034,0
                25.861728,45.548926,0
                25.7207976,45.5851788,0
                25.861736,45.548902,0
              </coordinates>
            </LinearRing>
          </innerBoundaryIs>
        </Polygon>
      </Placemark>
      <Placemark>
        <name>P100-1/2013</name>
        <description>Tc =1,6 s</description>
        <styleUrl>#poly-FFFF00-1000-76</styleUrl>
        <Polygon>
          <outerBoundaryIs>
            <LinearRing>
              <tessellate>1</tessellate>
              <coordinates>
                25.952193,44.860097,0
                25.950526,44.849605,0
                25.948696,44.837743,0
                25.945795,44.827836,0
                25.94032,44.815862,0
                25.935613,44.806249,0
                25.930175,44.795894,0
                25.923699,44.784728,0
                25.917068,44.775982,0
                25.913501,44.771529,0
                25.905505,44.761783,0
                25.898599,44.753481,0
                25.889591,44.742507,0
                25.884137,44.737373,0
                25.875563,44.731116,0
                25.868621,44.727134,0
                25.855305,44.719551,0
                25.840914,44.711216,0
                25.823432,44.701982,0
                25.798457,44.692647,0
                25.781662,44.686293,0
                25.773081,44.682617,0
                25.761041,44.676403,0
                25.750555,44.670651,0
                25.739687,44.664843,0
                25.723731,44.656353,0
                25.716021,44.652407,0
                25.704751,44.646406,0
                25.695193,44.641576,0
                25.683545,44.634734,0
                25.676769,44.630032,0
                25.671692,44.626256,0
                25.662412,44.619033,0
                25.652996,44.611464,0
                25.645711,44.604677,0
                25.637564,44.59693,0
                25.628608,44.588407,0
                25.618584,44.578771,0
                25.609969,44.570178,0
                25.601602,44.561303,0
                25.591105,44.55044,0
                25.581142,44.540128,0
                25.573765,44.532095,0
                25.565428,44.522971,0
                25.557033,44.513582,0
                25.549088,44.504924,0
                25.541922,44.497343,0
                25.534723,44.488898,0
                25.530364,44.482885,0
                25.526601,44.477721,0
                25.52451,44.474634,0
                25.521413,44.470124,0
                25.517018,44.463208,0
                25.513591,44.458041,0
                25.510246,44.452885,0
                25.505559,44.445207,0
                25.501806,44.438945,0
                25.498436,44.432845,0
                25.496157,44.428499,0
                25.494288,44.424622,0
                25.491482,44.417158,0
                25.490065,44.412648,0
                25.48704,44.403185,0
                25.485947,44.398828,0
                25.483621,44.389309,0
                25.481113,44.379341,0
                25.478386,44.368376,0
                25.476088,44.359077,0
                25.473635,44.34914,0
                25.473113,44.344696,0
                25.471923,44.332633,0
                25.471222,44.32242,0
                25.471106,44.319422,0
                25.470809,44.30828,0
                25.470244,44.298893,0
                25.47001,44.291277,0
                25.469757,44.284734,0
                25.46974,44.282752,0
                25.46982,44.274617,0
                25.470316,44.262165,0
                25.471052,44.25443,0
                25.473314,44.242132,0
                25.476059,44.228459,0
                25.477482,44.221546,0
                25.480639,44.210522,0
                25.483434,44.204393,0
                25.488741,44.197408,0
                25.495998,44.188739,0
                25.498259,44.186429,0
                25.507118,44.177054,0
                25.515771,44.16825,0
                25.523066,44.160889,0
                25.53206,44.152667,0
                25.540891,44.146034,0
                25.550295,44.140024,0
                25.553372,44.138466,0
                25.559406,44.135154,0
                25.562165,44.133743,0
                25.572069,44.128897,0
                25.59054,44.121776,0
                25.600629,44.118197,0
                25.608103,44.115926,0
                25.616872,44.113324,0
                25.624683,44.111388,0
                25.633191,44.109713,0
                25.642479,44.108526,0
                25.655131,44.10738,0
                25.66895,44.106273,0
                25.684002,44.104958,0
                25.699651,44.103642,0
                25.713057,44.102434,0
                25.726904,44.101336,0
                25.740388,44.100547,0
                25.754838,44.100332,0
                25.765103,44.100565,0
                25.777604,44.101315,0
                25.787591,44.101729,0
                25.800726,44.102472,0
                25.814697,44.103322,0
                25.83314,44.104752,0
                25.845656,44.105878,0
                25.85613,44.106857,0
                25.872097,44.108131,0
                25.888848,44.109465,0
                25.902669,44.110319,0
                25.915603,44.111211,0
                25.931812,44.111916,0
                25.943444,44.112567,0
                25.953709,44.113171,0
                25.967413,44.114178,0
                25.990121,44.115851,0
                26.020312,44.118205,0
                26.04337,44.120396,0
                26.072799,44.123672,0
                26.094839,44.126279,0
                26.111825,44.128565,0
                26.135153,44.131399,0
                26.160761,44.134118,0
                26.181374,44.137168,0
                26.194752,44.139649,0
                26.218927,44.144273,0
                26.237362,44.148023,0
                26.251049,44.150862,0
                26.267461,44.154304,0
                26.287444,44.158466,0
                26.303198,44.161924,0
                26.317822,44.165057,0
                26.329756,44.167642,0
                26.343549,44.170805,0
                26.356993,44.173962,0
                26.378178,44.178985,0
                26.399413,44.184279,0
                26.41548,44.188389,0
                26.434657,44.193274,0
                26.460611,44.199814,0
                26.480562,44.206178,0
                26.488528,44.2087,0
                26.49505,44.211221,0
                26.508892,44.216452,0
                26.517211,44.219364,0
                26.532529,44.224565,0
                26.547699,44.229666,0
                26.557858,44.2348,0
                26.569137,44.240346,0
                26.579275,44.245266,0
                26.596608,44.255503,0
                26.607587,44.261981,0
                26.616941,44.269488,0
                26.625548,44.276487,0
                26.636311,44.285147,0
                26.643435,44.291179,0
                26.652297,44.298639,0
                26.661214,44.30616,0
                26.670514,44.313975,0
                26.67449,44.318293,0
                26.682217,44.326227,0
                26.689516,44.334057,0
                26.699674,44.345005,0
                26.708061,44.354533,0
                26.713659,44.360847,0
                26.71934,44.367252,0
                26.725793,44.375973,0
                26.732465,44.385015,0
                26.738635,44.393158,0
                26.749323,44.404834,0
                26.756031,44.412144,0
                26.759884,44.416988,0
                26.76654,44.425209,0
                26.772839,44.432909,0
                26.780264,44.441759,0
                26.785227,44.447713,0
                26.789591,44.452951,0
                26.794256,44.458663,0
                26.796062,44.461322,0
                26.799058,44.466144,0
                26.801122,44.469409,0
                26.804456,44.474637,0
                26.809383,44.482592,0
                26.813083,44.489318,0
                26.815354,44.493638,0
                26.818702,44.499633,0
                26.82283,44.507076,0
                26.826309,44.5135,0
                26.828889,44.517746,0
                26.833758,44.525767,0
                26.83823,44.533183,0
                26.843829,44.542229,0
                26.847132,44.54754,0
                26.852282,44.555544,0
                26.857644,44.564326,0
                26.861465,44.570316,0
                26.86824,44.580491,0
                26.87278,44.587449,0
                26.877047,44.593264,0
                26.881703,44.599922,0
                26.884582,44.604023,0
                26.885765,44.60582,0
                26.889504,44.611965,0
                26.893289,44.618251,0
                26.898499,44.62698,0
                26.902337,44.6335,0
                26.907029,44.641279,0
                26.909834,44.645933,0
                26.912037,44.649674,0
                26.915711,44.655659,0
                26.916623,44.657204,0
                26.91987,44.663017,0
                26.923403,44.669413,0
                26.928743,44.678822,0
                26.932888,44.686273,0
                26.935196,44.690883,0
                26.937812,44.695704,0
                26.940776,44.701433,0
                26.94317,44.706121,0
                26.945848,44.711014,0
                26.948957,44.716703,0
                26.952246,44.722635,0
                26.956197,44.73015,0
                26.96071,44.738655,0
                26.96431,44.745543,0
                26.968315,44.752807,0
                26.972161,44.759765,0
                26.97547,44.765916,0
                26.976949,44.768732,0
                26.98105,44.776994,0
                26.983948,44.783203,0
                26.986866,44.789822,0
                26.989703,44.79609,0
                26.992601,44.802529,0
                26.996014,44.808828,0
                26.997801,44.811641,0
                27.001234,44.817465,0
                27.004336,44.822453,0
                27.005617,44.825356,0
                27.007625,44.829367,0
                27.010747,44.835176,0
                27.014096,44.841641,0
                27.017935,44.848842,0
                27.022147,44.856721,0
                27.02598,44.863428,0
                27.029947,44.870419,0
                27.034718,44.879137,0
                27.038764,44.886744,0
                27.04305,44.894535,0
                27.047511,44.902448,0
                27.053001,44.912245,0
                27.058128,44.920951,0
                27.061569,44.92715,0
                27.065313,44.933437,0
                27.06829,44.939885,0
                27.070106,44.944789,0
                27.072563,44.951233,0
                27.075939,44.961332,0
                27.078188,44.967716,0
                27.080531,44.974345,0
                27.083345,44.981771,0
                27.086381,44.989946,0
                27.089629,44.999351,0
                27.09327,45.008853,0
                27.09635,45.016576,0
                27.100072,45.025815,0
                27.103928,45.035243,0
                27.107636,45.044468,0
                27.11122,45.053273,0
                27.11408,45.06018,0
                27.117724,45.069531,0
                27.120839,45.078378,0
                27.124934,45.090558,0
                27.127775,45.099306,0
                27.131182,45.110506,0
                27.133927,45.119391,0
                27.136915,45.129161,0
                27.139674,45.13774,0
                27.142434,45.14611,0
                27.144629,45.1526,0
                27.146943,45.159423,0
                27.148988,45.164854,0
                27.15158,45.1715,0
                27.155121,45.180454,0
                27.157267,45.186214,0
                27.15954,45.192297,0
                27.160821,45.196042,0
                27.163268,45.203914,0
                27.165105,45.210371,0
                27.167218,45.218245,0
                27.16891,45.22519,0
                27.170863,45.233186,0
                27.173619,45.244482,0
                27.175312,45.251212,0
                27.177402,45.258845,0
                27.17963,45.266648,0
                27.18197,45.274808,0
                27.184054,45.282227,0
                27.185931,45.288684,0
                27.187294,45.293696,0
                27.188537,45.298175,0
                27.189673,45.302901,0
                27.190527,45.306047,0
                27.190666,45.307297,0
                27.191355,45.312067,0
                27.19189,45.317049,0
                27.192024,45.320773,0
                27.192193,45.328386,0
                27.192232,45.335677,0
                27.192274,45.34195,0
                27.192392,45.347164,0
                27.192344,45.350182,0
                27.192539,45.356515,0
                27.192619,45.359377,0
                27.192847,45.364444,0
                27.193054,45.369269,0
                27.193536,45.376362,0
                27.193923,45.382548,0
                27.19429,45.388947,0
                27.19453,45.393762,0
                27.19494,45.400295,0
                27.194919,45.403712,0
                27.194907,45.410664,0
                27.194699,45.415815,0
                27.194357,45.421879,0
                27.193845,45.426462,0
                27.192952,45.431302,0
                27.191506,45.436359,0
                27.189798,45.441659,0
                27.188107,45.447645,0
                27.186073,45.453993,0
                27.185065,45.458023,0
                27.183484,45.463799,0
                27.181846,45.47003,0
                27.179951,45.475631,0
                27.177699,45.481712,0
                27.175962,45.485912,0
                27.174729,45.488276,0
                27.171485,45.494817,0
                27.167613,45.502423,0
                27.164485,45.508927,0
                27.161606,45.51478,0
                27.158206,45.521599,0
                27.153981,45.529888,0
                27.151474,45.533278,0
                27.147061,45.538102,0
                27.143052,45.542521,0
                27.1369,45.548775,0
                27.131018,45.554804,0
                27.125093,45.560832,0
                27.119665,45.566552,0
                27.114292,45.572362,0
                27.109927,45.577242,0
                27.105529,45.581977,0
                27.101481,45.58641,0
                27.097018,45.590911,0
                27.092368,45.59525,0
                27.086938,45.600204,0
                27.082574,45.604066,0
                27.077314,45.608777,0
                27.072269,45.613494,0
                27.067181,45.618268,0
                27.06138,45.623536,0
                27.056949,45.627695,0
                27.053004,45.631306,0
                27.048516,45.635236,0
                27.043889,45.638654,0
                27.041563,45.639977,0
                27.035553,45.643604,0
                27.030681,45.646467,0
                27.024463,45.650164,0
                27.018398,45.653728,0
                27.011064,45.658195,0
                27.004148,45.662406,0
                26.998204,45.66609,0
                26.993498,45.668992,0
                26.987096,45.672679,0
                26.98227,45.675432,0
                26.976403,45.678841,0
                26.97061,45.682108,0
                26.964869,45.685388,0
                26.958898,45.688791,0
                26.955567,45.690653,0
                26.951546,45.69294,0
                26.947589,45.695055,0
                26.944411,45.696888,0
                26.939688,45.699347,0
                26.937498,45.700399,0
                26.932998,45.702548,0
                26.929114,45.704255,0
                26.924487,45.706268,0
                26.922178,45.707147,0
                26.91646,45.709345,0
                26.909669,45.712133,0
                26.904268,45.71441,0
                26.897751,45.71716,0
                26.891393,45.719707,0
                26.885044,45.722282,0
                26.878066,45.725134,0
                26.872284,45.727453,0
                26.866657,45.729673,0
                26.86053,45.732049,0
                26.855254,45.734204,0
                26.850426,45.735958,0
                26.846818,45.73727,0
                26.841443,45.739258,0
                26.83825,45.740409,0
                26.832761,45.74197,0
                26.828118,45.743357,0
                26.823405,45.744685,0
                26.818634,45.745917,0
                26.813029,45.747355,0
                26.808215,45.74857,0
                26.802287,45.750009,0
                26.797167,45.751214,0
                26.791633,45.752477,0
                26.787933,45.753414,0
                26.784262,45.754199,0
                26.780608,45.755091,0
                26.776712,45.756059,0
                26.772443,45.757048,0
                26.769927,45.75774,0
                26.766322,45.758741,0
                26.762451,45.759788,0
                26.758696,45.7609,0
                26.754524,45.762192,0
                26.750843,45.763309,0
                26.747605,45.764329,0
                26.742919,45.765767,0
                26.737897,45.76721,0
                26.733641,45.768478,0
                26.730075,45.769582,0
                26.725107,45.771018,0
                26.721199,45.772157,0
                26.713751,45.774113,0
                26.707074,45.775863,0
                26.701218,45.777496,0
                26.696993,45.778461,0
                26.691593,45.77987,0
                26.684466,45.781705,0
                26.677276,45.78354,0
                26.67282,45.784704,0
                26.665793,45.7865,0
                26.660241,45.787983,0
                26.654617,45.789522,0
                26.650352,45.790684,0
                26.647049,45.791374,0
                26.643182,45.792103,0
                26.638015,45.79299,0
                26.632475,45.793706,0
                26.627528,45.794234,0
                26.623232,45.794584,0
                26.617597,45.7949,0
                26.61009,45.795408,0
                26.603425,45.795803,0
                26.596782,45.796226,0
                26.592115,45.796469,0
                26.587085,45.796778,0
                26.581733,45.797044,0
                26.575969,45.797088,0
                26.571702,45.79705,0
                26.567771,45.797029,0
                26.56247,45.797105,0
                26.556808,45.797244,0
                26.550876,45.797441,0
                26.547451,45.797519,0
                26.541887,45.797661,0
                26.53725,45.797718,0
                26.532616,45.797783,0
                26.527355,45.797867,0
                26.520943,45.798091,0
                26.5165,45.798164,0
                26.511216,45.798144,0
                26.50686,45.798121,0
                26.502524,45.798268,0
                26.497979,45.798382,0
                26.491765,45.798588,0
                26.484394,45.798779,0
                26.477748,45.798953,0
                26.472571,45.799029,0
                26.467425,45.799124,0
                26.463293,45.799172,0
                26.458263,45.799221,0
                26.452463,45.799329,0
                26.446557,45.799032,0
                26.440533,45.798816,0
                26.434271,45.798605,0
                26.428504,45.798308,0
                26.421418,45.797917,0
                26.414673,45.797618,0
                26.410317,45.797398,0
                26.40336,45.797132,0
                26.396862,45.796876,0
                26.389586,45.796843,0
                26.384325,45.796813,0
                26.380877,45.796879,0
                26.375367,45.796845,0
                26.369157,45.796835,0
                26.365487,45.796804,0
                26.361388,45.796818,0
                26.358296,45.796752,0
                26.352455,45.796745,0
                26.345854,45.796724,0
                26.341534,45.796696,0
                26.336659,45.796619,0
                26.332027,45.796282,0
                26.326909,45.795792,0
                26.319853,45.794629,0
                26.313762,45.793399,0
                26.304353,45.791388,0
                26.294603,45.789301,0
                26.286597,45.78751,0
                26.279607,45.786184,0
                26.268689,45.784117,0
                26.25841,45.782118,0
                26.247181,45.77988,0
                26.239392,45.778274,0
                26.23007,45.77633,0
                26.221429,45.774363,0
                26.211601,45.772188,0
                26.200246,45.769763,0
                26.189526,45.767489,0
                26.180015,45.76548,0
                26.170685,45.763729,0
                26.158174,45.761331,0
                26.147839,45.758788,0
                26.13851,45.755892,0
                26.128643,45.752036,0
                26.118351,45.747801,0
                26.112528,45.745473,0
                26.104723,45.74226,0
                26.101423,45.740916,0
                26.089509,45.736611,0
                26.081028,45.733368,0
                26.074006,45.730738,0
                26.064724,45.727175,0
                26.053801,45.722848,0
                26.041043,45.718124,0
                26.033895,45.71474,0
                26.023925,45.709099,0
                26.014326,45.703293,0
                26.005623,45.697852,0
                25.996192,45.691853,0
                25.990739,45.688337,0
                25.985712,45.684944,0
                25.972908,45.675887,0
                25.960336,45.667202,0
                25.94729,45.658663,0
                25.9374,45.652412,0
                25.926652,45.644057,0
                25.921606,45.639075,0
                25.91796,45.634316,0
                25.915591,45.630655,0
                25.910696,45.623372,0
                25.903925,45.61306,0
                25.892133,45.594611,0
                25.882577,45.57989,0
                25.870969,45.563144,0
                25.867184,45.557721,0
                25.861736,45.548902,0
                25.859898,45.544388,0
                25.857382,45.536094,0
                25.854485,45.526504,0
                25.85341,45.522407,0
                25.851594,45.516742,0
                25.848678,45.506984,0
                25.845881,45.496569,0
                25.844415,45.491019,0
                25.842507,45.481983,0
                25.840142,45.469323,0
                25.838846,45.461273,0
                25.838271,45.45739,0
                25.836866,45.446445,0
                25.835711,45.435337,0
                25.835609,45.427997,0
                25.835441,45.423357,0
                25.836509,45.410245,0
                25.837382,45.398844,0
                25.837839,45.393659,0
                25.838005,45.390527,0
                25.838595,45.379312,0
                25.839999,45.363544,0
                25.840467,45.360828,0
                25.841957,45.355422,0
                25.843817,45.35014,0
                25.849025,45.335994,0
                25.850517,45.331491,0
                25.852592,45.32579,0
                25.85739,45.312812,0
                25.859755,45.305853,0
                25.862484,45.297864,0
                25.867994,45.282898,0
                25.874907,45.265171,0
                25.877649,45.259013,0
                25.884602,45.24315,0
                25.894167,45.221572,0
                25.905824,45.201077,0
                25.913452,45.187108,0
                25.921486,45.172154,0
                25.927787,45.160079,0
                25.930825,45.153166,0
                25.934348,45.144548,0
                25.943656,45.118284,0
                25.950628,45.097607,0
                25.954708,45.084818,0
                25.957976,45.069446,0
                25.961648,45.050791,0
                25.964069,45.036678,0
                25.964277,45.033645,0
                25.965025,45.019306,0
                25.965452,45.005454,0
                25.965948,44.986922,0
                25.966313,44.97047,0
                25.966381,44.958026,0
                25.966122,44.944859,0
                25.965442,44.939732,0
                25.962894,44.925455,0
                25.960582,44.91089,0
                25.958835,44.90108,0
                25.956508,44.889194,0
                25.955463,44.881962,0
                25.953294,44.867585,0
                25.952193,44.860097,0
              </coordinates>
            </LinearRing>
          </outerBoundaryIs>
        </Polygon>
      </Placemark>
    </Folder>
  </Document>
</kml>
